Year,0311,0317,0321,0322,0430,0434,0438,0440,0442,0444,0446,0450,0450CC,0470,0474,0478,0484,0484A,0486,0498,0631,0632,A315,A319,A320,A432,A438,A456,A499,A617,A620,A630,A631,A670,A680,A685,A687,A690,AMES_1,B319,B484,B499,BB470,BSE_1MUDMTNRD,C320,C370,C446,C484,CHERRY_1,D320,D444,D474,F321,G320,GRIFFIN,HARRIS_1,J370,J484,KSHZ06,KTHA01,KTHA02,KTHA03,LSIN1,LSIN9,N484,NFK_SNQ,PATTER_3,RAGING_MTH,S478,S484,SFK_SNQ,SNQDUVALL,TOLT_MTH,VA12A,VA23A,VA37A,VA41A,VA42A,VA45A,VA65A
1970,NA,NA,NA,NA,NA,NA,NA,NA,NA,NA,NA,NA,NA,NA,NA,NA,NA,NA,NA,NA,NA,NA,NA,NA,NA,NA,NA,NA,NA,NA,NA,NA,NA,NA,NA,NA,NA,NA,NA,NA,NA,NA,NA,NA,NA,NA,NA,NA,NA,NA,NA,NA,NA,NA,NA,NA,NA,NA,NA,NA,NA,NA,NA,NA,NA,NA,NA,NA,NA,NA,NA,NA,NA,NA,NA,NA,NA,NA,NA,NA
1971,NA,NA,NA,NA,NA,NA,NA,NA,NA,NA,NA,NA,NA,NA,NA,NA,NA,NA,NA,NA,NA,NA,NA,NA,NA,NA,NA,NA,NA,NA,NA,NA,NA,NA,NA,NA,NA,NA,NA,NA,NA,NA,NA,NA,NA,NA,NA,NA,NA,NA,NA,NA,NA,NA,NA,NA,NA,NA,NA,NA,NA,NA,NA,NA,NA,NA,NA,NA,NA,NA,NA,NA,NA,NA,NA,NA,NA,NA,NA,NA
1972,NA,NA,100.48700244358064,101.51190827630643,99.2041092850577,NA,NA,NA,NA,NA,NA,NA,NA,96.05198644991836,99.28493474682377,97.541029443418,NA,NA,NA,NA,NA,NA,NA,NA,NA,NA,NA,NA,NA,NA,NA,NA,NA,NA,NA,NA,NA,NA,NA,104.8044633589299,94.91533083282076,NA,NA,NA,NA,NA,NA,NA,NA,NA,NA,NA,NA,99.54512977434585,NA,NA,NA,NA,NA,NA,NA,NA,NA,NA,NA,NA,NA,NA,NA,NA,NA,NA,NA,NA,NA,NA,NA,NA,NA,NA
1973,NA,NA,110.23562479964535,101.69484207449129,92.69708081501142,NA,NA,NA,NA,NA,NA,NA,NA,93.58745993511013,103.30549049130909,98.53881438422502,NA,NA,NA,NA,NA,NA,NA,NA,NA,NA,NA,NA,NA,NA,NA,NA,NA,NA,NA,NA,NA,NA,NA,106.96732487349921,107.50278817866533,NA,NA,NA,NA,NA,NA,NA,NA,NA,NA,NA,NA,97.58976403152776,NA,NA,NA,NA,NA,NA,NA,NA,NA,NA,NA,NA,NA,NA,NA,NA,NA,NA,NA,NA,NA,NA,NA,NA,NA,NA
1974,NA,NA,NA,NA,NA,93.3146870257865,NA,NA,NA,NA,NA,NA,NA,87.31744652580595,89.60367745103775,93.88448598915464,NA,NA,NA,NA,NA,NA,NA,NA,NA,NA,NA,NA,NA,NA,NA,NA,NA,NA,NA,NA,NA,NA,NA,NA,NA,NA,NA,NA,NA,NA,NA,NA,NA,NA,NA,93.03092398813328,NA,NA,NA,NA,NA,NA,NA,NA,NA,NA,NA,NA,NA,NA,NA,NA,88.69367017325128,NA,NA,NA,NA,NA,NA,NA,NA,NA,NA,NA
1975,NA,NA,NA,NA,NA,NA,NA,NA,NA,NA,NA,NA,NA,NA,NA,NA,NA,NA,NA,NA,NA,NA,NA,NA,NA,NA,NA,NA,NA,NA,NA,NA,NA,NA,NA,NA,NA,NA,NA,NA,NA,NA,NA,NA,NA,NA,NA,NA,NA,NA,NA,NA,NA,NA,NA,NA,NA,NA,NA,NA,NA,NA,NA,NA,NA,NA,NA,NA,NA,NA,NA,NA,NA,NA,NA,NA,NA,NA,NA,NA
1976,78.85439428827088,NA,NA,NA,NA,NA,103.15853689505172,NA,NA,NA,97.83463208952683,90.49140576863114,NA,NA,NA,NA,NA,NA,100.52320945633646,NA,NA,NA,NA,97.35634359122072,NA,NA,99.39172322046522,NA,NA,NA,NA,NA,NA,NA,NA,NA,NA,NA,NA,102.38075983911614,NA,NA,NA,NA,NA,NA,NA,NA,NA,NA,NA,NA,NA,NA,NA,NA,NA,NA,NA,NA,NA,NA,NA,NA,NA,NA,NA,NA,NA,NA,NA,NA,NA,NA,NA,NA,NA,NA,NA,NA
1977,92.27022972622773,NA,NA,NA,NA,NA,101.87060479141392,NA,NA,NA,91.1914034804988,90.7500429535384,NA,NA,NA,NA,NA,NA,93.87501943603453,NA,NA,NA,NA,99.53562836542183,NA,NA,98.45321586149619,NA,NA,NA,NA,NA,NA,NA,NA,NA,NA,NA,NA,100.14651958491217,NA,NA,NA,NA,NA,NA,90.61060129432727,NA,NA,NA,NA,NA,NA,NA,NA,NA,NA,NA,NA,NA,NA,NA,NA,NA,NA,NA,NA,NA,NA,NA,NA,NA,NA,NA,NA,NA,NA,NA,NA,NA
1978,87.87731927417639,NA,NA,NA,NA,NA,100.32013172454077,101.79315930911154,NA,NA,NA,96.5806630292309,NA,NA,NA,NA,NA,NA,87.29836482509437,NA,NA,NA,NA,97.81260615865631,NA,NA,99.26420454612878,NA,NA,NA,NA,NA,NA,NA,NA,NA,NA,NA,NA,101.88608848036587,NA,NA,NA,NA,NA,NA,NA,NA,NA,NA,NA,NA,NA,NA,NA,NA,NA,NA,NA,NA,NA,NA,NA,NA,NA,NA,NA,NA,NA,NA,NA,NA,NA,NA,NA,NA,NA,NA,NA,NA
1979,90.0109028985966,62.50017887249686,82.6786343106008,82.3679804188863,94.68393640973754,87.67408813492601,101.18571628117483,95.96292753025574,94.33258302376547,85.32846091035266,85.00032380855609,87.36863391103908,NA,87.18490283889166,93.63544029751736,86.88221950470945,84.58771746174054,NA,93.72472747460054,81.25966646777123,88.40903829894103,82.3402244813053,79.24680467014669,97.80505182610393,81.87169952288306,90.7083686490972,96.4043439474169,91.47918057031129,87.2462127324642,NA,NA,83.07183006529857,91.32637952966837,NA,NA,NA,NA,NA,NA,100.8144587084465,89.66565100365499,NA,NA,NA,80.63391767322555,93.54189565038659,97.18301826001043,84.4123044727176,NA,85.93178836595607,100.74188600025842,88.53040353657602,NA,81.32754277148986,NA,NA,NA,84.81827495684115,NA,NA,NA,NA,NA,NA,89.47861973468957,NA,NA,NA,NA,NA,NA,NA,NA,NA,NA,NA,NA,NA,NA,NA
1980,88.78230589832114,59.71093174700979,92.52025745656293,92.7723568928509,93.13575873117752,92.0538270650226,98.67262568503119,99.16704444331543,99.83346421255618,86.17097188206448,96.07455715127165,89.87013402675461,NA,97.28960394772471,98.0531281328687,94.16145920179183,91.17712395011765,NA,91.03937681756942,93.3957870185437,95.06157873451693,82.28728213800598,68.34977824398626,94.92429143225392,98.52078601668961,97.67365226977701,95.94131969211449,96.27970723039792,97.90917384931107,NA,NA,93.35461504080247,96.7743999729767,NA,NA,NA,NA,NA,NA,99.01103296729963,89.63773166179922,NA,NA,NA,97.39620436397053,94.77965687695868,96.64051210025207,95.12228796719005,NA,99.39564811966515,97.56786960213927,94.70233900034981,NA,93.70367402028536,NA,NA,NA,94.73994424495315,NA,NA,NA,NA,NA,NA,98.17405489270404,NA,NA,NA,NA,NA,NA,NA,NA,NA,NA,NA,NA,NA,NA,NA
1981,88.42439643548533,41.219384178705035,98.73298057075417,94.8225124190916,93.41368453423735,91.34011191066752,93.35461504080247,94.84658963138818,95.80801492054822,84.84865517799187,92.04231524687803,89.8812865556957,NA,90.03789023280717,90.07076418190452,91.18866336685151,92.52025745656293,NA,96.58714827917167,83.64606951667724,95.04576591992108,86.28775209829207,61.49537701877048,95.80384509667705,95.8930121983294,91.71663023163089,92.08945578969308,89.42371772030768,95.04576591992108,NA,NA,92.35886857770242,95.38287829838893,NA,NA,NA,NA,NA,NA,100.5149162295605,89.06886199776119,NA,NA,NA,96.59402123951394,89.99596664779142,92.96910416560823,92.56557862927227,NA,97.30363893147697,92.1102377732945,NA,NA,93.94557405781515,NA,NA,NA,89.23783490905863,NA,NA,NA,NA,NA,NA,92.41772847583272,NA,NA,NA,NA,84.73420006597536,NA,NA,NA,NA,NA,NA,NA,NA,NA,NA
1982,91.75608257109552,48.88360725698126,96.863350972511,99.31737012727592,93.99299183683728,89.78119091102592,100.07895195409569,96.77705529073049,95.03332456477138,88.05840166093495,91.39333816773153,87.76711026950325,NA,92.49764293254609,95.03295437657825,94.16426712952891,95.66615019375855,NA,97.5431073906959,84.96486711094799,98.29094859548486,86.05311132608196,55.84113938849546,101.15888332259757,98.92734563889164,93.99299183683728,96.55643706875104,92.04893377597276,95.24420231608948,NA,NA,96.9992845035895,101.05645306912612,NA,NA,NA,NA,NA,NA,105.39494076847748,89.71996555934376,NA,NA,NA,96.60871457835022,108.07447316089637,96.93517137924704,92.90920418509401,NA,100.60036772906615,95.87721809773011,NA,NA,96.84488230156664,NA,NA,NA,94.579409291503,NA,NA,NA,NA,NA,NA,92.35878807579505,NA,NA,NA,NA,82.31911549445631,NA,NA,NA,NA,NA,NA,NA,NA,NA,NA
1983,91.25728721044128,57.24940444745978,NA,97.96827451439897,95.294075120846,93.37626184465888,NA,96.27841088159506,96.52911939729984,82.43945469907636,95.4334308874427,89.04732900666083,NA,92.765608339100865,93.00294151977292,94.78847909106352,93.47197243702095,NA,95.74145260742564,89.42801462760681,99.17375280544505,84.30542497974916,52.08573267376734,100.82740772764198,97.19662935595575,96.71265392203179,102.0365804360002,88.29218325086366,96.80449685478727,NA,NA,94.94737294313981,98.082350376373455,NA,NA,NA,NA,NA,NA,103.14070291766284,83.04949110663681,NA,NA,NA,95.2586200242211,NA,94.50637625174964,88.84035805386,NA,96.33087983393823,97.96304235281306,NA,NA,92.58781759363548,NA,NA,NA,91.15301751502415,NA,NA,NA,NA,NA,NA,92.71474321128235,NA,NA,NA,NA,84.41990188373171,NA,NA,NA,NA,NA,NA,NA,NA,NA,NA
1984,90.8108270812339,52.398559789902436,NA,96.20295773905968,94.62997401455682,92.60665587821514,NA,93.96368905779553,95.85416494604719,81.87131069522027,92.2840283488948,87.05879170117919,NA,92.93045538594599,95.68110232671374,93.09992456916795,92.29828721508922,NA,93.23839558127881,91.1914034804988,95.49974554908538,84.33448676792146,60.84665014599514,100.62824775951115,97.60042162936354,92.82328102700265,97.9764529634634,90.7969543547531,96.6697067396865,NA,NA,93.24421547770075,95.49974554908538,NA,NA,NA,NA,NA,NA,101.45634945186369,87.4160298071691,NA,NA,NA,94.95451660835077,NA,94.63344538382717,90.40745659718726,NA,96.3385525078601,94.31254984076445,NA,NA,96.87424370670432,NA,NA,NA,89.56645700093435,NA,NA,NA,NA,NA,NA,90.69430669152094,NA,NA,NA,NA,78.64475377758195,NA,NA,NA,NA,NA,NA,NA,NA,NA,NA
1985,91.02497406600006,32.48332817064093,NA,95.26715442316825,95.62536428462562,93.23839558127881,NA,92.82793874906774,97.18301826001043,80.33684675955962,94.19121124079896,97.56089792977826,NA,91.88212635491895,93.70367402028536,95.70434468507736,96.04415504022057,NA,99.52294671979207,86.68241286798053,97.6247592521014,81.45909361616843,62.161911456587205,101.82223091191891,95.69244372568878,93.9000590294245,98.9580856475911,92.19716118367289,96.51078432429807,NA,NA,95.20680269322725,96.33087983393823,NA,NA,NA,NA,NA,NA,101.82330456233282,91.19826408626331,NA,NA,NA,91.19826408626331,NA,97.51159976132546,95.62536428462562,NA,101.37761397889938,94.14851440065766,NA,NA,93.78363373466216,NA,NA,NA,95.62536428462562,NA,NA,NA,NA,NA,NA,97.85143610137243,NA,NA,NA,NA,81.3686907431542,NA,NA,NA,NA,NA,NA,NA,NA,NA,NA
1986,89.93764394815716,47.39423954553176,NA,97.20260528259165,96.9976466402811,94.28264904153258,NA,97.50702456506242,97.93281943215877,83.30191424186629,94.37040229484096,90.93916064789501,NA,89.84271695732826,91.03980573688145,93.23556818788241,91.97169129280998,NA,91.93866892113668,90.50802956417563,96.55643706875104,86.13956689069846,54.82102797822302,101.79808537291659,99.36123225350332,96.13544533681193,100.48758863473684,90.63860057102372,96.33087983393823,NA,NA,99.0080376209489,99.52325176852284,NA,NA,NA,NA,NA,NA,104.24677276449226,88.33906804972597,NA,NA,NA,94.28264904153258,NA,96.77705529073049,92.0838760590082,NA,98.52078601668961,96.02057805612304,NA,NA,98.9404867585055,NA,NA,NA,93.35570064704588,NA,NA,NA,NA,NA,NA,96.02778880866654,NA,NA,NA,NA,81.4018293578003,NA,NA,NA,NA,NA,NA,NA,NA,NA,NA
1987,85.89595730268084,49.45955498057233,NA,98.72433442347919,94.88251539290609,89.4222500472142,NA,96.80449685478726,96.05383001171278,82.11740739159768,90.66186690677883,84.64666714104342,NA,89.94297063886171,91.64097410609953,92.82793874906774,90.11346775995463,NA,92.95000899290714,86.59651233676412,97.05962473476197,91.7414427391236,64.01658685439682,94.579409291503,100.48246471570945,93.69777980532109,98.24495417708545,87.33340521592885,96.90975485915091,NA,NA,91.51949662140123,102.46102673246156,94.1777680576387,90.27177767736796,NA,NA,97.19110606987655,NA,102.53068238046217,83.4951097411129,NA,NA,NA,93.53983828828947,NA,95.06231057918498,90.31284404659084,NA,99.35810574162805,97.61651050074238,NA,NA,95.77763346265047,NA,NA,NA,89.56023701286927,NA,NA,NA,NA,NA,NA,95.18265426478938,NA,NA,NA,NA,79.2450935506851,NA,NA,NA,NA,NA,NA,NA,NA,NA,NA
1988,94.3161680253016,59.66015108889747,NA,99.19149759798536,95.10219913664717,93.94557405781515,NA,93.94557405781515,95.02866550814355,79.73847450603786,93.3457881663349,91.97659025856336,NA,92.56216928508204,94.9122816604554,96.6697067396865,93.09227925341729,NA,92.08368412593578,88.71123336108559,94.27203121720822,87.89586054124935,64.23163320419664,101.02837718313324,99.98350314361623,95.49992848296375,99.45036145057705,89.83062412363,96.67275153239487,NA,NA,93.49607370347152,98.67650701417034,NA,NA,NA,NA,NA,NA,100.27168855441752,87.30241591170447,NA,NA,NA,95.26975419138341,NA,96.64257618387684,93.8545242052807,NA,97.19231109040166,96.43385912748465,NA,NA,100.2216644534302,NA,NA,NA,91.77378711205041,83.05695897335944,NA,81.31891004001864,84.55515038448904,NA,NA,96.84737847523506,NA,NA,NA,NA,81.81446528371487,NA,NA,NA,NA,NA,NA,NA,NA,NA,NA
1989,87.03953654116737,55.04976128928042,NA,96.66540879949224,93.35692503678251,92.59653387764685,NA,97.50702456506242,98.73141458401072,88.68549965119611,96.82776446445115,88.23249746171416,NA,81.17576567726856,95.27471445279414,96.53215360110248,92.25090373800161,NA,91.64284607198643,87.98343473457736,94.15211695692128,89.76286529980608,66.73031134822831,99.36123225350332,97.75026035680408,95.21401264210465,98.69264142867915,90.45759875211033,97.39620436397053,NA,NA,91.36986174222046,100.33396767901033,NA,NA,NA,NA,NA,NA,100.17504353693415,81.31929337524855,NA,NA,NA,95.06157873451694,NA,97.63643310869764,95.05988020789711,NA,98.29838206390544,97.07644744128913,NA,NA,98.72433442347922,NA,NA,NA,96.45506030977066,98.41150325751869,NA,97.3140457544525,100.67147708926049,NA,NA,98.082350376373455,NA,NA,NA,NA,81.44338022323869,NA,NA,NA,NA,NA,NA,NA,NA,NA,NA
1990,92.35878807579505,67.27038987479207,NA,93.23839558127881,91.18866336685151,87.6114500994093,NA,93.78363373466216,94.73994424495315,76.1461234118315,90.13043689583536,86.39727920622425,NA,70.49474387762797,94.40108938295762,92.80496266870276,90.30042083521266,NA,94.77300706384055,84.329741185626375,92.44802281721009,82.34406368953873,62.433137709588415,96.9992845035895,93.85452420528068,91.88868677407226,94.9010996095407,82.73533459702898,96.51078432429807,NA,NA,91.68062481570031,96.54382129645359,NA,NA,NA,NA,NA,NA,98.07082663982145,74.08141320947057,NA,NA,NA,92.09428866347403,NA,93.78133525974928,93.9335022842167,NA,95.41605429164662,92.19716118367289,NA,NA,94.10212060575645,NA,NA,NA,88.88713002858844,94.24558485228506,NA,95.20680269322725,95.05461356067516,NA,NA,94.68393640973754,NA,NA,NA,NA,75.33269939624219,NA,NA,NA,NA,NA,NA,NA,NA,NA,NA
1991,85.35175656978353,57.03649456669439,NA,94.63337342490199,94.73994424495315,96.27841088159505,NA,94.0143979644905,95.38117494027476,82.193860922717107,94.08555241611674,85.78347850323533,NA,82.13720199736157,92.9566737653203,95.98277505457908,94.800740182375,NA,96.20377138933817,87.24653483882098,97.76752277110519,87.93660494030044,65.89438433510905,94.94645515823221,95.34717003916985,97.07439211098044,98.57464926932805,87.65658392757348,96.59402123951394,NA,NA,90.25903158802161,99.50507872630676,NA,NA,NA,NA,NA,NA,100.62824775951115,82.88673038144023,NA,NA,NA,91.10993043136338,NA,95.88147516390954,97.39620436397053,NA,95.7988084807704,97.14487094269538,NA,NA,89.92311501913764,NA,NA,NA,90.99864437073705,94.73994424495315,NA,95.18265426478938,97.71609257880392,NA,NA,96.84737847523506,NA,NA,NA,NA,77.36890267128878,NA,NA,NA,NA,NA,NA,NA,NA,NA,NA
1992,88.19722252302059,54.75021447566966,NA,96.875694197,97.56786960213927,89.48165067875902,NA,98.32097602918776,96.6692583670242,79.21794917237914,96.16672775595589,89.37182090130062,NA,84.1410985559733,90.860374164254,93.31850808269436,92.38612389268735,NA,95.57034934261284,91.77923257463695,101.24506311172222,86.79256039823719,62.06454568060224,97.80293232329052,97.09207653822047,95.17200287560638,102.4860807903438,86.18487488171445,97.47236374542233,NA,NA,93.55024905933182,101.10501228169184,NA,NA,NA,NA,NA,NA,100.88264422623618,80.55808894973875,NA,NA,NA,94.76603045853638,NA,96.92056723706034,94.51678606783565,NA,100.23857901862574,99.5310891022424,NA,NA,94.45449951039038,NA,NA,NA,88.21029378067787,94.40108938295764,NA,98.46298767188367,96.88442054413665,NA,NA,94.63337342490199,NA,NA,NA,NA,81.45864364986625,NA,NA,NA,NA,NA,NA,NA,NA,NA,NA
1993,90.93682922211515,56.0470573579277,94.20516811528704,94.93712934775625,86.46158381217187,87.96075054837624,NA,93.28629462228551,95.26715442316825,74.32990065595175,87.76711026950325,86.28525366628786,NA,81.84514195358027,86.36499031425325,95.00148934567858,88.78890865010344,NA,102.2061840884555,87.72319485454287,96.45472278921547,91.74900223109537,53.57623673419874,93.88693222676189,94.41741954255838,87.67031149049774,96.12919619676539,85.85615199836202,97.39620436397053,NA,NA,86.36499031425325,97.60042162936354,NA,NA,NA,NA,NA,NA,97.48966377854201,76.8944018698704,NA,NA,NA,86.02704091212408,96.33087983393823,92.96910416560823,95.7988084807704,NA,95.21401264210465,94.41741954255838,NA,93.46288722958639,96.863350972511,NA,NA,92.35878807579505,90.42975627721962,94.62974500333648,NA,96.31313758394583,95.26715442316825,NA,NA,87.81551502302108,NA,NA,NA,NA,78.20402297491911,NA,NA,NA,NA,NA,NA,NA,NA,NA,NA
1994,90.5105798149557,59.994583909593835,95.28841235396767,93.14506049229186,98.21394849113913,93.46216426005338,NA,91.65459676870515,97.68054307823508,78.23792430881022,99.28175495539662,86.97453378149746,NA,82.97591694786952,88.70996723891034,89.56450217797406,91.29809449936516,NA,98.68567037203063,85.11759579312286,96.75682560321387,89.35397243172154,55.742749901097596,92.29842056273694,95.95838686695204,94.56499723652794,99.59747962422135,86.80921256927095,98.99688242379861,NA,NA,88.2513158557174,96.9698916319907,NA,NA,NA,NA,NA,NA,99.81975416247421,79.13207201519664,NA,NA,NA,90.73877239266514,96.9698916319907,94.35386394783258,89.12373480981228,NA,96.33087983393823,98.78328610542081,NA,94.31128450501068,93.17265569186618,NA,NA,86.58123444982748,88.59046368308142,94.349643539716,NA,93.4611136088173,94.62974500333648,NA,NA,97.71609257880392,NA,NA,NA,NA,82.88507337312542,NA,NA,NA,NA,NA,NA,NA,NA,NA,NA
1995,95.51773842768961,58.3827107151604,92.52826837092208,97.07409667104407,93.50952773024304,91.44568623604549,NA,95.94150313115102,96.33114941345295,74.13950537993853,91.81060532306097,88.1702200870981,NA,80.08411596372305,89.67058188196648,93.70367402028536,89.10606384639287,NA,94.39778576738853,82.9541370457018,98.08945637174244,85.41938227675145,44.99363184096266,96.11800233733801,98.56974082271076,95.62844711769307,97.86032795049613,85.9998136783912,98.51636260841646,97.69670419907102,NA,93.74967810517828,98.8900779555949,NA,92.47208790041188,NA,NA,97.02316765168649,NA,99.8631293030585,73.99963041788891,NA,NA,NA,95.41509140801648,101.13540438846684,93.29736846184315,91.51433584224131,NA,97.68687929868352,103.65288506594146,NA,95.90518992775094,90.41715804854893,NA,NA,92.1358978363924,90.85489986587308,97.17295766375624,NA,97.26901889537325,97.50281936825404,NA,NA,97.69670419907102,NA,NA,NA,NA,82.5291793462472,NA,NA,NA,NA,NA,NA,NA,NA,NA,NA
1996,92.36942855123345,55.3369551543371,95.3462972160819,100.37034325859702,97.3734670839625,95.69711543839266,104.66353514766979,98.20275664757594,100.00464209065072,75.31206299106296,95.30099851876258,94.848112408973,NA,87.23665500161505,93.33704500259233,96.06807430446185,92.25943208365321,NA,97.4434587684225,93.24866849185452,97.92942245480674,86.88213576601167,51.836880247152486,96.24312005994226,97.65913593544437,95.87529178455635,102.4860807903438,86.46645718609327,98.65322800834463,100.04711230266068,99.33957830993853,97.20735627925933,97.99107724690768,NA,91.71663023163089,98.28162440364298,NA,99.75732446976374,NA,102.48093004337635,77.19719574743846,NA,NA,NA,95.294075120846,97.56089792977826,96.69012879685326,95.26549548356044,NA,96.32951944037642,101.38318871455456,NA,100.46354466443196,96.98521646076235,NA,NA,96.93517137924704,95.66438381810303,97.01502614292468,NA,98.03626903942919,98.8033215556975,NA,NA,96.98521646076235,NA,NA,NA,NA,83.47039063347145,NA,NA,NA,NA,NA,NA,NA,NA,NA,NA
1997,84.00830890043018,47.14935252365389,91.4540041209849,94.90697943677921,89.40397252904727,87.11309911686669,93.85901872275127,86.81004251264267,87.70726766365546,73.37315735694217,86.05555907885908,78.68499816200342,NA,82.79658292676358,90.16750695652246,90.32204120401059,91.43403152128778,NA,83.88620600127147,81.36510059872079,89.96818629433947,76.20959494823879,56.06619716714224,88.30965730923728,92.76434269370169,88.2513158557174,93.61386996568909,81.59240155748832,92.76274539906909,91.17712395011765,86.83448530258909,76.68239238977237,95.76691095981276,NA,85.18642806113479,92.71633596490588,NA,92.59653387764685,NA,90.9840588319199,73.72437262638273,NA,NA,NA,87.90645742610035,99.90020007951844,87.94448332092352,83.59230910186702,NA,92.486964112805,93.15555345198314,NA,97.59476071064148,85.32264979115976,NA,NA,94.87454226116321,84.16349903087782,90.06423678487415,NA,91.57989546491949,95.77763346265047,NA,NA,89.02674768618796,NA,NA,NA,NA,64.63566289608953,NA,NA,NA,NA,NA,NA,NA,NA,NA,NA
1998,91.89615759681418,58.11600634917393,94.79885460274944,97.7316204223082,94.55780683950445,92.68664012293529,94.93993532492685,96.12315626849582,93.23785175034499,84.25642585872312,95.41509140801648,86.49050126758982,NA,86.60650402106205,95.9179893537468,94.55909118546695,92.79859182853694,NA,94.01782154351079,90.00860924374857,96.6697067396865,86.51263440161901,61.996549388641476,97.60944882005028,99.05382012197828,96.21871672387866,99.11354282513393,85.87495688731128,98.6508279435393,99.77872364642766,97.90519644852,84.98274954302751,96.93345277207447,NA,86.48464286188545,96.49445108714329,NA,96.67183611323203,NA,101.88485296258823,79.75188121110234,NA,NA,NA,99.04995203308377,92.82793874906774,98.14123687681693,93.3974552916077,NA,94.47115889840101,97.85672133645524,NA,102.65189417846614,97.2325217205501,NA,NA,85.38418894371797,93.1972925230088,95.45128988565132,NA,97.68687929868352,97.56786960213927,NA,NA,95.49992848296375,NA,NA,NA,NA,81.81539133055826,NA,NA,NA,NA,NA,NA,NA,NA,NA,NA
1999,89.91753587693684,60.55149294051362,92.33884120643569,99.59747962422135,96.2297960810006,96.88060687227255,98.4080608162484,96.7733523532744,95.68110232671374,84.50845367250034,99.92722255978039,87.2972508646224,NA,87.47256906127268,94.91228166045539,94.13783944253605,96.65031566442948,NA,96.13623564948392,96.23188174094399,97.85078025319686,94.3252582238455,62.452132889347126,95.65472676501828,95.20454370748219,96.34689531956363,101.52420348349422,87.10366489433679,96.82776446445116,100.88751030189842,96.54382129645359,89.60292457950858,99.53677622013191,NA,92.82328102700265,97.28636897988764,NA,95.2701213510646,NA,99.35144593626485,73.72437262638273,NA,98.082350376373455,NA,98.28162440364298,95.06157873451694,96.93480595692333,95.40240301537007,NA,96.54382129645359,95.36239624649913,93.03313688567344,100.23941066398471,99.35810574162805,NA,NA,91.07646820663251,93.80723329483256,98.35024683276093,NA,98.3745561932377,97.14313037213037,NA,NA,95.45514456272062,NA,NA,NA,NA,75.33269939624219,NA,NA,NA,NA,NA,NA,NA,NA,NA,NA
2000,84.28955720763742,50.21795859249502,91.63903916465745,96.4474849238554,95.30414726867416,99.8077197970354,88.7072847290821,93.8545242052807,94.47115889840101,83.9216940508572,100.52013413860563,72.7649107041397,NA,86.85671812853492,98.4670997920378,93.07092691362398,95.98532955014751,NA,93.09227925341729,97.28232203715494,99.17683460453868,90.02009872763895,63.06599050761758,94.5599374091253,95.41295100708457,95.45091344578195,94.39636833392584,86.84535148043504,93.43344644991241,100.82279175460785,97.71609257880392,89.27308754075699,97.21576057562706,NA,89.38544175285928,96.69355159746881,NA,94.09871895146229,NA,97.05848853347653,82.86081063296197,NA,93.83579752357831,NA,91.78330517395051,101.13757972731297,101.25689009039714,92.76327110425636,NA,95.39062495329198,101.5870800816566,94.88300361827538,96.09087172233642,95.20922726130308,NA,NA,93.6640998718092,92.87792984465916,96.80113668075026,NA,91.61879857141213,93.55907936489875,NA,NA,93.53502434274702,NA,NA,NA,NA,76.45627303421905,NA,NA,NA,NA,NA,NA,NA,NA,NA,NA
2001,89.14498759404175,62.520068167415864,94.37040229484096,95.80696669775725,92.04806205277848,94.30422670220582,94.09083131537375,100.60518180269848,99.03501521549664,81.17225071412349,94.96073382988305,78.99217365841005,NA,84.74274874831639,96.148887501083,95.20680269322725,87.75253743142864,NA,89.63291279929861,86.87525647518719,100.16524349623926,92.09660566225895,67.88148727461261,92.37244819209477,95.05110823574563,94.08929805804209,94.38754676579302,84.510590109439,97.82275050392836,96.51078432429807,93.7636178057256,86.00440409146886,96.52117735184133,NA,93.0708730333334,99.60275469690363,NA,100.16088709789992,NA,97.8269697163692,76.24499928759728,NA,89.19258561542378,NA,84.91256166707454,90.1372176739451,95.10219913664717,85.31844335095829,NA,93.76464731912392,102.29286716082402,94.07785325900797,97.08122969796607,88.62451925465496,NA,NA,87.35388316144798,91.55712021431157,97.64692493620134,NA,92.15176395091473,95.91376378220349,NA,NA,91.42404538179419,NA,NA,NA,NA,78.43555958923899,NA,NA,NA,NA,NA,NA,NA,NA,NA,NA
2002,77.2456866500549,51.187702800081695,93.30977019535632,100.82106664012476,92.67824822165828,90.53844379591828,94.17006393914372,100.37575101419563,97.75239731190494,84.25642585872312,94.04703830260867,75.70394958988742,NA,85.34802937377728,96.19393428273196,92.1604837612812,95.66615019375855,NA,92.67291412749171,90.4839419730027,99.58425055068861,87.34126011361604,71.23763783541348,96.10876696250115,98.6911726400798,93.44484418681941,101.36080246482916,82.79842145135672,98.71204823578225,100.28831396949565,96.17323546777784,83.66852747813189,99.36123225350332,NA,93.48284877588458,99.37527781343313,NA,98.44912094787975,NA,100.3738778520145,82.35086241648452,NA,95.90518992775094,NA,93.87206308669059,90.18314552674799,92.93161297873193,89.28016180660188,NA,95.12228796719003,102.37991238124309,94.37040229484096,100.44645185415777,97.59048961674445,NA,NA,80.92389050450613,89.47676364224597,96.29953627582853,NA,98.65322800834463,94.5036936303214,NA,NA,95.02008216621974,NA,NA,NA,94.8930371978035,78.81617440958583,NA,NA,NA,NA,NA,NA,NA,NA,NA,NA
2003,86.1231993531199,46.086494930190476,92.25711949786451,97.57741453202063,92.64768415259866,90.21399638789018,99.28273033768207,102.38079275656071,101.5870800816566,86.78229742348165,94.2500022180656,76.33207312641318,NA,85.87873825348606,99.9453666852727,97.21576057562706,98.35624770250429,NA,83.97387376928204,89.9446542124744,95.03332456477138,86.31467093497584,69.2918256730095,96.76482928886834,98.92734563889164,93.98765138633901,103.21245702111854,82.44014686990354,95.12339993087163,96.89107295774294,91.20306605141305,88.3961732799836,98.84157650266357,NA,92.46047138285141,95.37345101134204,NA,94.8421433816082,NA,103.35106914423524,71.79753062571433,NA,96.78176164448587,NA,92.19716118367289,91.09844733286951,96.41077799394986,94.97431329955566,NA,96.59402123951392,106.97910008456515,99.06650208792354,99.48636955482534,98.8659275357883,NA,NA,92.66388164850326,89.71996555934376,97.51770402056773,NA,96.04415504022057,96.33087983393823,NA,NA,96.99180235858653,NA,NA,NA,96.32737265158923,71.64052654332455,NA,NA,NA,NA,NA,NA,NA,NA,NA,NA
2004,85.50981353002817,40.01253428390616,92.35878807579505,96.08834716260897,89.57798019201816,89.56063644266592,92.7451652286415,94.85916772796618,94.29870504730778,77.09601178311965,92.4501392436484,83.73749731675589,NA,84.32591705482622,93.48239940548845,96.81660485399942,99.62715861291682,NA,92.67997662101209,90.70418653766497,96.50478696012459,84.67549631641133,61.99191165783585,92.50822571826632,95.67380458334507,93.54189565038659,96.75187287576415,70.81904756488122,95.77763346265047,97.77944785949606,94.4189323479451,85.2365125962245,96.54382129645359,NA,87.22670511813206,95.15161354882781,NA,94.16145920179183,NA,100.59549632587148,70.27353227991672,NA,100.97527726592854,NA,90.90620950600852,88.61668890469531,97.51159976132546,98.06486996458102,NA,92.765608339100865,97.56089792977826,95.36710337039412,97.4287472920157,95.61922749652626,NA,NA,85.55878541741978,90.28851829752357,95.48010809963117,NA,94.19121124079896,93.37626184465888,NA,NA,89.81907091724331,NA,NA,NA,98.17405489270404,70.67855873455304,NA,NA,NA,NA,NA,NA,NA,NA,NA,NA
2005,86.26187998982773,43.34263464714051,90.79247489359506,95.49001541245774,93.08444592440235,92.12040829729756,88.36795858180845,94.62254713539936,98.08485333519982,77.37411441202433,92.12296196394135,84.90439039047133,NA,84.6485542686495,94.82333008617513,93.72552652030205,88.00916942528943,NA,91.79276193244219,86.920783997192,92.41053963625099,82.26158898754903,63.81536086056221,95.70018694327356,95.59717092163218,95.49527229292202,97.43231702369481,71.6249463622228,94.96186419860048,96.72790367823937,93.17265569186618,86.94310211422847,93.30977019535632,NA,86.44548378124703,93.98454219649555,NA,91.2799098326358,NA,96.82890280601572,65.22825719222453,NA,94.26592269159244,NA,89.63773166179921,91.47918057031129,94.84457476650239,90.50724932529943,NA,93.60013030109425,102.01178369228995,92.59430133432593,97.63619520878196,95.3496654469091,NA,NA,93.54639480706045,89.77177091540054,94.41513837654195,NA,94.81348628579016,97.20661510515585,NA,NA,91.51433584224131,NA,NA,NA,92.4923468768273,74.60204372907776,NA,NA,NA,NA,NA,NA,NA,NA,NA,NA
2006,89.12373480981228,41.75618866494205,87.27741790571083,91.93691888183994,90.06052141458201,91.94195983551096,94.48413084597111,96.38360040727478,95.31050645560907,85.18497390038915,90.51387466630531,78.27489808425284,NA,78.5103896684412,83.72514747342534,92.49217862247511,91.89735646122662,NA,87.65873383258129,82.79375594451862,93.0252215344878,83.63352643650904,61.38206587596079,86.4248847087446,93.21440277854286,93.47945185102535,94.33557397853072,71.99773267185353,93.59054447799564,91.55114635443576,95.13971695772105,86.9198951262458,92.40324653792243,NA,88.51551044626211,93.31371106113004,NA,97.21576057562706,NA,91.35413295539153,68.3240538602292,NA,95.13875530910717,NA,84.38333673992554,87.27290246879164,93.37626184465888,88.73586256368208,NA,88.05840166093495,100.45306771717333,90.83895912893588,95.275759720218,88.54200396724593,NA,NA,87.36880269716023,90.35830811162771,93.28959383881227,NA,96.54382129645359,94.40108938295764,NA,NA,89.47676364224596,NA,NA,NA,92.07578469777779,73.32900468709879,NA,NA,NA,NA,NA,NA,NA,NA,NA,NA
2007,88.98471398708216,41.48479203486459,88.3481984181913,96.82221883405224,91.53528942638697,91.35834196573457,98.46502979683774,97.44951005138955,96.54141085218889,85.24828402163878,90.12273942325415,80.05581955713758,NA,84.45146839766865,87.91540913746012,97.8216763037328,91.68062481570031,NA,82.9541370457018,79.21543210950219,93.86322692781347,81.54781256253973,55.539907181663665,92.31383973504353,96.99180235858653,92.6071833398954,101.93787276206304,63.362463394589966,97.60944882005028,90.39108631477785,91.59814007287977,82.51924853110677,99.06488200141813,NA,87.22407123475455,94.085202569809,NA,96.88341044605643,NA,100.69072749369563,65.16261792696196,NA,99.58425055068861,NA,90.73877239266514,87.88242341194973,87.97327962774285,94.03751408754798,NA,94.46239728188687,99.47382074041111,97.64883328374745,100.46354466443196,94.25746142108322,NA,NA,85.22061969405621,88.7329932729114,97.64715237452293,NA,97.07644744128913,94.82251241909158,NA,NA,92.5447200269421,NA,NA,NA,93.96021098500353,66.04495175451044,NA,NA,NA,93.72415278893527,93.4785592836811,92.7635829530041,94.41741954255838,93.72415278893527,83.91571575427119,86.38430772766678
2008,86.91130585641584,42.5629693266205,91.34557448596429,97.74078575973833,93.17265569186618,91.45122945888588,96.90707190275043,97.58591401901911,96.65244744968763,78.42871327085842,89.30208147114922,80.62310680131885,NA,88.6369053859675,88.1020694513482,92.26463967984152,92.50707605469961,NA,94.84457476650239,90.40196250922337,95.84968345980664,87.50031926374716,58.33722537022552,93.55381892247016,97.3141877152737,94.75394424857761,101.61040740792522,68.44212548917551,96.8877161693113,96.22158366651131,92.51918141252624,84.85623931088128,97.01937325934026,NA,89.50103317650445,94.89011054583415,NA,96.41515612784649,NA,101.63023943113055,62.28489974169052,NA,96.34441536313487,NA,89.85035710131804,86.5924283504901,95.41509140801648,91.35153623689524,NA,96.94343948296134,97.94820746609678,92.94090728458995,98.54517329009698,96.47874322640565,NA,NA,88.16703098201071,91.22286047982575,95.49527229292202,NA,95.08827039547324,96.40515300274541,NA,NA,90.31284404659084,NA,NA,NA,92.62436136280616,65.16978474637291,NA,NA,NA,93.88259684816971,NA,NA,91.27812271746389,92.12274036912495,84.95960378401813,91.98696584912054
2009,NA,46.35737160564118,NA,94.76129416163351,97.7737820851278,97.356228904420135,99.31547466562432,95.32041188758717,NA,NA,95.51023662814518,NA,90.32045156873335,86.75403227762285,89.82765160353095,95.51522671323418,93.01665012413764,NA,91.95271596087467,NA,97.63643310869763,NA,NA,NA,93.94650842605955,NA,NA,NA,NA,NA,NA,NA,NA,NA,92.99272264590341,NA,NA,NA,NA,98.30353048660942,NA,NA,NA,NA,NA,NA,NA,NA,NA,94.68601222830044,NA,NA,NA,NA,NA,NA,NA,NA,95.16219924322263,NA,NA,NA,NA,NA,NA,NA,NA,NA,NA,NA,NA,NA,NA,94.3981045936392,NA,NA,94.41949526757296,94.14147869422503,84.59036561322279,76.51063801751243
2010,NA,53.00218651133789,NA,95.50679604716373,92.83198173810719,93.12913805109092,100.78158739501552,94.78461760118415,NA,NA,90.5569033786461,NA,86.36484698052132,84.34113410623696,86.85294978700996,94.9193127353281,92.05054599270804,NA,86.37410989271943,NA,94.43701145252655,NA,NA,NA,94.33754797424444,NA,NA,NA,NA,NA,NA,NA,NA,NA,95.56307170752807,NA,NA,NA,NA,95.86839694004475,NA,NA,NA,NA,NA,NA,NA,NA,NA,93.39693268237495,NA,NA,NA,NA,NA,NA,NA,NA,94.39279208896481,NA,NA,NA,NA,NA,NA,NA,NA,NA,NA,NA,NA,NA,NA,94.3981045936392,NA,NA,94.40680520362513,97.03840244392593,90.08519223969039,NA
2011,NA,52.91591571577807,NA,95.86890109273286,90.85855195115784,91.36986174222046,99.55579070153668,97.0360572590378,NA,NA,89.27781256265705,NA,89.37611337249199,88.29972016847596,84.70811194165674,91.30595230156936,91.93533080758841,NA,84.66754806932167,NA,93.92159945297915,NA,NA,NA,95.90938781180786,NA,NA,NA,NA,NA,NA,NA,NA,NA,92.65841901398127,NA,NA,NA,81.280342544736,99.27704783083439,NA,NA,NA,NA,NA,NA,NA,NA,99.39564811966515,91.20773094798244,NA,NA,NA,NA,93.91080798836848,98.29916350184364,NA,NA,90.97383046894785,NA,NA,NA,NA,NA,NA,96.53230183648573,86.45002276551791,99.9976253709578,NA,NA,91.78483585775787,95.40256898455746,96.53215360110248,95.95070413191789,NA,NA,97.65163182409091,99.83327612212942,91.68992178806027,NA
2012,NA,46.57777672599157,NA,96.13058021699683,94.4004569338096,93.69804303988897,99.83346421255618,97.09207653822047,NA,NA,93.88320335504623,NA,90.41402914373721,84.04988440032184,89.79570626919333,93.37626184465888,95.05851853140264,NA,89.9969654509801,NA,98.5468965945995,NA,NA,NA,95.68961425269869,NA,NA,NA,NA,NA,NA,NA,NA,NA,90.64234663077124,NA,NA,NA,75.65696583439832,98.09152497193922,NA,NA,NA,NA,NA,NA,NA,NA,95.37026241876639,95.15485730836667,NA,NA,NA,NA,95.07228599214461,94.50427244361562,NA,NA,91.75114389160593,NA,NA,NA,NA,NA,NA,93.9350946923099,82.33100297224917,95.5272147657251,NA,NA,90.14946460696927,95.92311988033694,94.42892146217015,97.32402481706588,NA,NA,95.37345101134204,101.02419803426696,86.19978077093026,NA
2013,NA,48.72887665989766,89.0359914075551,95.83473156877665,92.6281626691821,94.04035797049787,99.23120887869786,93.59705247340959,96.43617822026354,72.7104805325706,92.0372981757105,NA,85.50538734661288,84.35026316971626,86.8264527652065,94.88057876255299,84.31359403481471,NA,88.35703963451617,NA,95.58908216707428,NA,59.44567183990272,NA,94.43495635803389,94.6736800354423,NA,72.86424477927395,NA,92.36942855123345,95.72012627072584,91.3108890271914,93.2941520861247,NA,89.6014507740858,96.08834716260898,NA,NA,79.12855572832314,96.26878166805204,64.7280510254803,NA,NA,NA,92.23322123958727,90.92553946481992,NA,88.14537015788187,98.90739472105854,94.43495635803389,NA,NA,99.30445010981416,95.40127540008841,97.9582937629505,97.20915890456568,NA,NA,93.14330351734941,NA,NA,96.32380656428329,NA,NA,89.77036964921517,96.54378967310217,85.74944879346856,100.72934701415907,NA,NA,90.98039031355174,93.68567685895599,101.46497724023827,NA,NA,NA,NA,95.08827039547324,NA,92.19716118367289
2014,NA,48.60375909514537,90.26371978317023,98.58541068493986,92.33055303367622,94.16247722440878,98.91054670675588,97.5431073906959,94.60499899032283,67.9764313512722,88.39682258781218,NA,90.32069142448992,87.25237261682402,88.89992884639587,96.57115522870116,93.97861579312024,NA,82.74980384065776,NA,99.63796631847325,NA,66.13160057359974,NA,96.79275869158562,97.91023751194743,NA,74.6483168266818,NA,98.14123687681693,95.74357547518962,94.73859041736935,96.74695327780319,NA,91.74144273912363,96.84737847523506,NA,NA,79.00245351033313,99.5695909542397,64.75000537646267,NA,NA,NA,90.02228920783432,91.28795724941011,NA,89.79570626919335,94.8021669442876,95.31538762912548,NA,NA,98.77220065373722,94.26040666120133,87.65658392757348,92.29712095217462,NA,NA,92.62929179038281,NA,NA,94.05201867361625,NA,NA,89.14934389244142,89.98375498722885,83.60281054712864,94.58689806723592,NA,NA,88.66594088613193,91.26029160947647,93.31454572407686,95.294075120846,NA,93.28397734877042,90.73291707003291,95.52147133452382,76.06901128093669,93.31979801088359
2015,89.91701516304983,52.98928208755168,90.93682922211515,97.3140457544525,95.46618583836162,92.43191991330872,101.57231478711803,96.98722635804953,95.59950617429362,74.69427011320892,94.20316815564745,NA,86.08668941958469,84.77209011671907,87.93660494030044,98.12169654624388,93.69777980532109,NA,88.35137927180557,NA,99.15669710170918,88.59972773601528,63.105823916979986,99.48111888763853,95.77763346265047,96.57115522870117,100.49064369949004,76.58013133067848,96.40087120450114,96.43385912748465,98.49697468271262,87.86257029901732,95.96292753025574,92.99136146418586,89.08212133190483,96.66181680627024,NA,97.63643310869763,76.41506023841424,100.85497087500555,69.85655716666577,NA,98.67650701417034,96.02778880866654,92.89045627052252,92.69708081501142,NA,95.08005126782334,97.77944785949607,93.43843531737906,NA,95.846981619405,97.75026035680408,94.19121124079896,96.5382114212067,96.5382114212067,NA,89.91206623520648,94.84457476650239,NA,97.61651050074238,96.77756371684329,61.7310225850979,91.85410780472452,92.36299880746542,97.19662935595575,82.97607850777068,99.68131597910646,94.11800308676257,69.36522308460374,93.26580638467657,94.43495635803389,98.18421484940887,97.21298797222026,NA,94.68393640973754,95.22731464241102,96.21099604777298,80.57269649077051,96.11800233733801
2016,91.25241637834264,51.13237181643372,92.44177233307394,97.75850707071349,96.88238870482179,93.54915589654479,99.71785064589282,97.59048961674445,97.41066386668157,74.85885343635834,93.68177114979413,NA,83.93223132802441,88.29218325086366,89.81907091724331,96.84737847523506,96.19307582953321,NA,89.56481531273013,NA,99.71879253571436,88.4827479315731,68.39476978818098,96.69925226864633,98.30250239045934,96.27970723039792,100.02209574618178,79.06120217739591,96.67275153239487,97.12031056726707,95.46618583836162,86.59666971212171,98.94998222837425,96.67275153239487,93.10513822778186,97.8672719921817,NA,98.73141458401074,75.8423553699198,102.13591288642985,66.12337764771408,NA,100.27152469696074,96.87424370670432,95.22673073015186,94.02554022435197,NA,95.46618583836162,98.78328610542081,95.83473156877665,NA,96.61643010126991,97.96945405204885,96.05383001171278,97.28960394772471,97.03915497794488,NA,NA,96.41782600670504,97.35461801283748,97.02454093400023,97.14487094269539,62.21717767828076,93.60013030109425,92.526394145772,98.07082663982143,87.62647522586745,99.71879253571436,96.12740937898737,68.1027227634073,94.51518655065512,95.01727692711182,99.17216895207746,96.7743999729767,NA,95.70434468507736,96.13544533681193,95.92015061701832,91.17712395011765,96.35081283650254
2017,92.0538270650226,57.80435257050311,90.80679101235165,96.99180235858653,95.52070205776609,92.99136146418586,100.5589550402087,97.93131234459837,95.24420231608948,76.94723221320045,93.85452420528068,NA,91.00514911694286,85.91690526068778,91.36986174222046,95.91874641122675,94.453717581147,NA,91.84907667570775,NA,98.4080608162484,92.68868420220478,68.40126480516274,95.04539658635892,96.13321946337888,95.56998866294143,99.61452504013592,85.34951619050396,97.90917384931107,97.09486997572624,98.19366947040878,93.03313688567346,97.43231702369481,91.27779468028339,93.43067749496642,96.13321946337888,NA,98.15452005525106,77.858897912472,100.49945175222213,68.62502533258211,90.92553946481992,98.73298057075417,95.37805022958071,88.30324294795604,95.43741434498821,NA,94.50641963851166,99.13829051968631,94.16278012139287,NA,93.53502434274702,97.43231702369481,96.12087843653828,98.82009913797052,98.72204924721943,NA,NA,95.846981619405,93.09227925341729,97.1285258075826,97.80293232329052,78.98492769086707,93.1019918226417,92.44177233307394,97.51955926067798,86.07733713656627,99.57850011586879,94.94645515823221,69.64045868837775,92.48642825792776,95.03295437657825,99.65190839904562,95.57659001173965,NA,93.88693222676189,95.05972216483538,95.58704375753153,91.57377447079156,96.3385525078601
2018,94.14851440065766,53.128449412408905,92.39007111345894,97.08963528108599,96.2607256326765,92.82670295000194,103.80913314137479,96.64257618387684,96.43385912748465,72.63360860626254,94.25323853229017,NA,89.47861973468957,84.05656626225569,90.38565787105776,97.88525623173517,95.46612146037411,NA,92.77734077708749,NA,101.5870800816566,91.84397925739385,62.65826488210779,95.26715442316825,95.98277505457908,95.5177384276896,102.26923916319784,81.97487228928935,97.51159976132546,99.63796631847325,95.06231057918498,90.56215756603623,98.81968993166863,92.93161297873193,91.19826408626331,97.20661510515585,NA,98.4080608162484,76.22054511145953,100.7645855660447,66.16377985027344,86.48670658166579,99.68131597910646,96.45472278921547,87.84850393804525,93.69804303988896,NA,96.85134256526985,98.1042807395735,95.12339993087161,NA,94.59898576142636,98.47444044996904,96.2969674486041,97.57582697406549,96.8870038284825,NA,NA,96.52988680601699,98.27305780541141,99.19149759798536,98.75957170218358,68.61927390611791,93.82950638283505,93.09227925341729,95.99636666687542,86.69557943542756,99.81031859916948,95.998991082095,63.14013896162648,93.11592748162907,96.42240054281699,99.42166877266786,96.78287926177835,NA,95.26715442316825,96.23425761022845,96.6739980705876,79.41859699449545,96.12740937898737
2019,90.52893312112974,44.95003543436132,89.26707153889969,96.45840669570092,94.53734233450896,89.09719418141874,103.22257360307592,95.18265426478938,93.70367402028536,73.52708121809513,93.39510686330695,NA,82.76666617709535,81.19121058726,86.69779185054442,97.32083685289402,95.64757492791813,NA,92.54703923943282,NA,98.52078601668961,87.21387390773724,69.58155745825401,94.73593514756341,95.36335935131235,94.001084185900055,101.80984791262378,88.5515698056918,98.92734563889164,97.51770402056773,97.10515586914454,90.0149721579104,98.51775736905064,92.25711949786451,89.33778409151591,96.56625198348416,94.6176056430103,97.63081059220657,77.07978857874522,102.53780927654977,68.76046861177522,87.51662742987371,99.26482367009956,94.74044979245974,83.97768699911262,90.55904544480099,NA,96.01158792662191,98.63008577916615,95.75267770345337,NA,94.37040229484096,98.44462436314555,94.71020844243972,97.9745451298332,97.75239731190497,NA,NA,96.1771270192883,97.10070501501517,97.56089792977826,97.61651050074238,67.80887403511011,94.50641963851166,94.70233900034981,101.99373212312344,83.72514747342534,99.28611952499253,95.70195532477977,52.71210388364713,96.18434839816878,98.93046523314507,99.13829051968631,95.15161354882781,NA,93.39309007407766,93.70367402028536,94.7171312951802,71.06624914822103,93.95258111249443
2020,93.99819758038849,45.11283329151055,91.27779468028339,98.62626101949475,94.59929863511567,92.67437987233063,100.25322381137245,97.66270472502961,98.77127013399223,68.61152012071976,94.13896451253798,NA,85.51399904722248,81.27006874716434,89.10579215246169,96.84488230156664,99.21236570980241,NA,93.6015707116217,NA,101.99384266296134,93.34880119456578,60.77089590314333,95.62536428462562,97.93131234459837,94.92621626261995,99.14269851949999,88.89693212596377,98.62626101949475,99.4016695888307,98.98136407639954,93.6038665153024,99.04995203308377,91.96575362466585,92.49068388100956,98.06650024419234,99.38416607132392,99.16704444331543,78.89473336286858,100.93217680992875,64.35378493908155,88.10460004956263,99.10617929912095,98.28162440364298,89.69018592353547,93.54882345057212,NA,97.86724033481671,98.62626101949475,99.19149759798536,NA,93.94222073550466,98.97379439240858,97.74580684467796,105.63756640810257,97.85672133645524,NA,NA,95.91177677125177,97.2325217205501,97.93131234459837,97.77944785949607,54.531399653201596,95.21099811280396,91.89595454126597,99.18699168147334,90.91621589239661,100.05450570723372,96.81660485399942,59.282031077160525,94.16638092036126,98.1056032135278,101.05833926024931,95.62536428462562,NA,96.19307582953321,95.08827039547324,95.294075120846,79.65885293507571,94.26555957651279
2021,88.40444452646048,49.007999195870624,89.97391661462703,97.69464564031988,96.06807430446183,94.49702413180776,99.6974942363478,100.08703528809644,94.04309624755341,66.76094220001401,94.08051267241171,NA,81.9456246716861,86.92818122999428,86.09486454716601,96.06505578190672,NA,107.01193176859127,88.45555110384787,NA,99.68463345084012,86.48918014846856,63.73895087465857,94.48367203712463,96.32364078940616,96.77816414241668,101.15543900913696,87.0738889091866,98.0531281328687,97.81075844143479,97.87080772349658,95.18265426478938,96.23768575170686,93.04126882341292,92.88631305873673,98.1766945539509,95.31860491816987,97.84920061985152,62.48017012306332,102.00537357685151,70.18944878314247,86.6069586410454,100.91466064976507,95.33700437243368,86.81642288867614,95.36145309537838,NA,96.06411181429218,99.66148559900718,95.12311865139834,NA,93.72787886476218,97.55304983389075,96.84737847523506,96.51078432429807,96.17323546777786,NA,NA,94.88251539290607,97.75266207072087,97.1285258075826,96.72209019441347,63.70421272197257,93.82860761850257,89.5755567442399,98.38683946554384,86.21504910553357,102.0308798210819,94.2836270332614,63.29493684918851,91.7574489726434,97.85639472302475,102.75428339223183,97.53364182783366,NA,96.20295773905968,96.25040898928164,97.62923735551381,88.80824752674825,97.79027549516344
2022,92.05496449300163,47.77250865767618,90.43989356108247,96.9161173299951,95.92999467356547,95.51612515222548,98.97700290824955,96.97032467759752,97.22146401427766,72.56214639388529,95.92999467356546,NA,89.2964637729032,91.42882858553445,91.35239763792259,96.58912653796986,NA,93.37211680069882,88.54192006937053,NA,96.67630704427879,90.67608720783305,67.94735242684689,95.8373890357069,97.61877990347384,95.68290315501865,100.22712545614118,85.39914162218706,97.36422270095974,98.476128303099,95.55431982680604,90.65281617424749,95.79419136500216,89.0490445056554,92.15747493311811,95.99380392388275,94.21577891113431,98.20336273837188,76.40587906914452,99.72036364964212,70.93685012451277,87.4866834359349,98.46578292870763,96.51376648948093,88.26858694421462,93.62156283348017,NA,94.29474570171931,101.35403841654302,93.87973396942915,NA,93.60115257730195,98.12585008933506,95.47984794427192,96.93435544206481,96.52315847669209,NA,NA,95.26600667966503,97.22560799331016,96.46316612708108,96.86860048056309,72.6167850130867,92.95658734741825,91.56357726633438,97.8968302260794,88.00363135092154,100.71892743969559,94.64491341564113,60.959384802784164,92.2296038353252,95.7778683929768,99.59226963847516,95.77715106678355,NA,95.00610410279512,95.62185026729193,96.79121815074546,91.52430934105587,97.72447325930517
2023,NA,NA,NA,NA,NA,NA,NA,NA,NA,NA,NA,NA,NA,NA,NA,NA,NA,NA,NA,NA,NA,NA,NA,NA,NA,NA,NA,NA,NA,NA,NA,NA,NA,NA,NA,NA,NA,NA,NA,NA,NA,NA,NA,NA,NA,NA,NA,NA,NA,NA,NA,NA,NA,NA,NA,NA,NA,NA,NA,NA,NA,NA,NA,NA,NA,NA,NA,NA,NA,NA,NA,NA,NA,NA,NA,NA,NA,NA,NA,NA
