"","YRBUILT","0305","0307","0308","0309","0311","0317","0321","0322","0430","0434","0438","0440","0442","0444","0446","0450","0450CC","0456","0456A","0470","0474","0478","0484","0484A","0486","0498","0631","0632","3106","A315","A319","A320","A432","A438","A456","A499","A617","A620","A631","A632","A670","A680","A685","A687","A690","AMES_1","B319","B484","B499","BB470","BSE_1MUDMTNRD","C320","C370","C446","C484","CHERRY_1","D320","D444","D474","F321","FF321","G320","GRIFFIN","HARRIS_1","J370","J484","KSHZ06","KTHA01","KTHA02","KTHA03","LSIN1","LSIN9","MFK_SNQ","N484","N484A","NFK_SNQ","PATTER_3","RAGING_MTH","S478","S484","SFK_SNQ","SKYKOMISH","SNQDUVALL","TOLT_MTH","VA12A","VA23A","VA37A","VA41A","VA42A","VA45A","VA65A","X438","X630"
"1",1900,339,227,209,206,126,41,NA,28,NA,6,17,3,1,2,3,77,52,1,1,1,5,NA,10,10,36,1,30,NA,126,18,41,49,NA,10,1,NA,NA,NA,4,NA,NA,NA,NA,NA,NA,NA,9,3,1,1,26,1,3,2,7,NA,3,2,4,NA,NA,2,NA,NA,2,2,12,12,12,NA,34,NA,NA,1,1,NA,5,12,NA,1,4,6,58,NA,7,1,NA,3,10,1,10,26,NA
"2",1901,48,25,23,22,12,5,NA,4,1,1,10,NA,NA,NA,NA,16,8,NA,NA,2,3,1,1,1,7,NA,7,NA,12,NA,5,5,1,2,NA,NA,NA,NA,3,NA,NA,NA,NA,NA,NA,NA,NA,NA,NA,2,5,NA,1,NA,1,NA,1,NA,3,NA,NA,2,NA,NA,1,1,2,2,2,NA,1,NA,1,NA,NA,NA,NA,1,NA,NA,1,1,4,NA,NA,NA,NA,NA,1,NA,NA,13,NA
"3",1902,47,30,27,26,7,6,NA,NA,NA,1,3,NA,NA,NA,1,12,7,NA,NA,2,1,1,1,1,6,NA,4,NA,7,2,1,3,NA,NA,NA,NA,NA,NA,2,NA,NA,NA,NA,NA,NA,NA,1,NA,1,1,1,NA,2,NA,1,NA,NA,NA,1,NA,NA,NA,NA,NA,2,NA,2,2,2,NA,3,NA,NA,NA,NA,NA,1,4,NA,NA,2,NA,19,NA,NA,NA,NA,NA,NA,NA,NA,11,NA
"4",1903,66,47,45,45,15,14,NA,3,NA,NA,6,2,NA,1,NA,11,9,NA,NA,NA,1,NA,1,1,5,NA,3,NA,15,3,4,2,NA,2,NA,NA,NA,NA,1,NA,NA,NA,NA,NA,NA,NA,NA,NA,NA,NA,8,NA,1,NA,1,NA,NA,NA,1,NA,NA,NA,NA,NA,NA,NA,NA,NA,NA,NA,1,NA,NA,1,1,NA,1,2,NA,NA,1,3,11,NA,NA,NA,1,1,4,NA,2,8,NA
"5",1904,76,51,47,47,19,9,NA,4,1,4,2,2,NA,NA,NA,14,11,NA,NA,NA,NA,NA,NA,NA,9,NA,8,NA,19,1,5,10,2,1,NA,NA,NA,NA,3,NA,NA,NA,NA,NA,NA,NA,1,NA,NA,NA,5,NA,4,NA,NA,NA,1,NA,NA,NA,NA,NA,NA,NA,NA,NA,NA,NA,NA,NA,4,NA,NA,NA,NA,NA,NA,14,NA,NA,2,3,29,NA,NA,NA,NA,NA,2,NA,NA,12,NA
"6",1905,88,50,48,45,17,8,NA,4,NA,4,5,1,NA,NA,NA,9,7,1,1,1,1,NA,2,2,4,NA,2,NA,17,2,6,6,2,2,NA,NA,NA,NA,1,NA,NA,NA,NA,NA,NA,1,2,NA,NA,1,4,NA,2,NA,2,NA,NA,NA,NA,NA,NA,NA,NA,NA,NA,NA,11,11,11,NA,5,NA,NA,1,1,NA,2,5,NA,NA,1,NA,15,NA,3,NA,NA,NA,1,NA,1,12,NA
"7",1906,146,92,90,87,50,14,NA,3,NA,4,6,4,NA,NA,1,5,2,NA,NA,NA,1,NA,1,1,1,NA,NA,NA,50,3,5,37,1,2,NA,NA,NA,NA,NA,NA,NA,NA,NA,NA,1,NA,2,NA,NA,NA,4,NA,14,NA,1,NA,NA,NA,1,NA,NA,NA,NA,NA,3,NA,24,24,24,NA,35,NA,1,NA,NA,NA,1,5,NA,NA,1,3,15,NA,NA,NA,NA,NA,NA,NA,1,14,NA
"8",1907,122,69,66,63,29,17,NA,5,NA,3,8,NA,NA,NA,NA,9,7,NA,NA,NA,2,NA,1,2,4,NA,1,NA,29,4,8,4,NA,3,NA,NA,NA,NA,NA,NA,NA,NA,NA,NA,NA,1,2,1,NA,NA,1,NA,16,NA,NA,NA,NA,NA,2,NA,NA,NA,NA,NA,NA,NA,4,4,4,NA,1,NA,NA,NA,NA,NA,NA,NA,NA,NA,1,NA,12,NA,4,NA,NA,NA,2,NA,2,23,NA
"9",1908,233,152,141,134,60,27,NA,15,NA,13,6,1,1,2,1,21,11,3,3,NA,1,1,2,2,9,1,5,NA,60,19,18,7,NA,3,3,NA,NA,NA,1,NA,NA,NA,NA,NA,1,NA,2,NA,1,NA,14,NA,24,1,2,NA,1,1,1,NA,NA,1,NA,NA,3,NA,16,15,15,1,1,NA,NA,1,1,NA,NA,1,NA,NA,1,3,10,NA,4,1,NA,2,3,NA,1,18,NA
"10",1909,193,125,121,121,45,43,NA,10,1,6,6,NA,NA,NA,1,11,6,NA,NA,NA,NA,NA,2,2,4,NA,2,NA,45,13,13,9,NA,3,NA,NA,NA,NA,1,NA,NA,NA,NA,NA,NA,2,2,NA,NA,NA,2,NA,33,NA,2,NA,NA,NA,NA,NA,NA,NA,NA,NA,1,NA,11,11,11,NA,4,NA,NA,NA,NA,NA,NA,4,NA,NA,2,NA,17,NA,1,NA,NA,NA,NA,NA,2,17,NA
"11",1910,343,248,238,236,119,60,NA,15,2,9,13,1,NA,NA,1,53,33,2,2,4,2,2,8,8,21,NA,19,1,119,24,25,32,8,9,2,NA,NA,NA,11,1,NA,NA,NA,NA,NA,1,10,5,NA,4,10,NA,53,1,2,NA,4,NA,1,NA,NA,NA,NA,NA,5,NA,63,62,62,1,20,NA,3,2,2,2,2,9,NA,3,5,10,52,NA,7,1,2,3,8,NA,5,28,NA
"12",1911,136,86,82,78,59,4,NA,13,1,12,14,NA,NA,2,NA,15,13,1,1,NA,NA,NA,3,3,6,NA,4,NA,59,14,15,9,3,4,1,NA,NA,NA,1,NA,NA,1,NA,NA,NA,NA,2,2,NA,NA,9,NA,47,NA,1,NA,1,1,NA,NA,NA,NA,NA,NA,3,NA,36,35,35,1,1,NA,NA,1,1,NA,NA,NA,NA,NA,1,NA,30,NA,1,NA,NA,NA,1,NA,1,20,NA
"13",1912,206,154,152,140,97,12,NA,15,1,10,14,3,NA,3,2,37,20,4,4,1,5,2,7,7,11,1,11,NA,97,23,21,8,2,8,4,NA,NA,NA,4,NA,NA,NA,NA,NA,NA,1,5,4,1,1,8,NA,40,NA,2,NA,NA,3,4,NA,NA,NA,NA,NA,5,1,33,33,33,NA,2,NA,NA,1,1,NA,1,NA,NA,2,4,1,49,1,1,NA,NA,1,1,NA,1,18,NA
"14",1913,214,171,168,163,129,9,NA,14,NA,9,4,1,NA,NA,2,34,26,5,5,1,NA,2,2,2,21,NA,21,NA,129,37,15,6,3,3,5,NA,NA,NA,8,NA,NA,NA,NA,NA,NA,1,1,1,1,1,10,NA,21,1,1,NA,1,NA,NA,NA,NA,2,NA,NA,1,NA,15,15,15,NA,NA,NA,NA,NA,NA,NA,1,4,NA,NA,1,NA,35,NA,6,NA,1,NA,2,NA,1,6,NA
"15",1914,118,85,83,80,61,10,NA,11,3,14,7,NA,NA,1,2,25,21,2,2,2,NA,NA,1,1,19,NA,17,1,61,9,19,12,1,4,1,NA,NA,NA,1,1,NA,1,NA,NA,NA,1,7,1,NA,1,12,NA,35,1,NA,NA,1,1,NA,NA,NA,NA,NA,NA,4,NA,27,26,26,1,8,NA,NA,NA,NA,NA,1,1,NA,NA,1,NA,27,NA,3,NA,NA,NA,NA,NA,1,11,NA
"16",1915,144,111,106,99,73,12,NA,22,NA,17,15,3,NA,NA,NA,32,17,3,3,5,3,3,4,4,9,NA,8,NA,73,10,33,7,7,13,3,NA,NA,NA,5,NA,NA,NA,1,NA,NA,3,8,NA,NA,5,5,NA,33,NA,4,NA,NA,NA,2,NA,NA,NA,NA,1,4,NA,33,32,32,1,3,NA,NA,1,1,NA,1,2,NA,NA,5,2,33,1,NA,NA,NA,1,NA,NA,NA,18,NA
"17",1916,132,82,74,71,53,5,NA,22,10,34,6,2,NA,NA,1,25,18,5,5,2,1,NA,4,5,12,NA,8,NA,53,5,29,6,8,6,4,NA,NA,NA,4,NA,NA,NA,NA,NA,1,1,5,2,NA,2,18,NA,44,NA,2,NA,1,NA,1,NA,NA,1,NA,NA,13,NA,101,100,100,1,NA,NA,NA,NA,NA,NA,3,NA,NA,1,3,2,17,NA,1,NA,NA,1,NA,NA,NA,18,NA
"18",1917,88,61,58,55,38,5,NA,15,1,13,5,5,NA,NA,NA,8,5,NA,NA,1,1,NA,1,1,4,NA,4,NA,38,3,24,3,5,4,NA,NA,NA,NA,NA,NA,NA,NA,NA,NA,NA,1,4,1,NA,NA,5,NA,36,NA,NA,NA,2,NA,1,NA,NA,NA,NA,NA,2,NA,26,26,26,NA,NA,NA,NA,NA,NA,NA,3,NA,NA,1,2,4,70,NA,NA,NA,NA,NA,NA,NA,NA,9,NA
"19",1918,346,196,189,172,92,14,NA,27,11,43,12,6,1,1,4,48,26,6,6,5,2,1,9,10,13,1,7,NA,92,13,33,13,11,8,5,NA,NA,NA,3,NA,1,NA,NA,NA,NA,2,2,2,NA,4,17,NA,250,2,6,NA,NA,NA,1,NA,NA,1,NA,NA,126,2,58,57,57,1,6,NA,NA,1,1,NA,NA,1,NA,1,5,NA,31,NA,8,NA,NA,2,6,1,2,23,NA
"20",1919,236,101,95,89,66,13,NA,20,3,22,3,5,NA,NA,1,23,16,4,4,4,1,1,1,1,14,NA,10,NA,66,11,24,4,1,2,2,NA,NA,NA,5,NA,1,NA,1,NA,NA,1,1,NA,NA,4,7,NA,158,NA,1,NA,2,NA,1,NA,NA,NA,NA,NA,111,1,41,40,40,1,NA,NA,NA,NA,NA,3,4,NA,NA,NA,3,NA,33,NA,1,NA,NA,NA,NA,NA,NA,9,NA
"21",1920,427,334,318,303,203,21,NA,59,12,78,34,8,NA,1,3,158,58,7,7,59,23,10,16,17,35,NA,28,NA,203,17,66,45,17,26,6,NA,NA,1,19,NA,NA,1,NA,NA,NA,2,4,3,NA,54,25,1,100,2,13,NA,4,1,22,NA,NA,2,NA,NA,64,1,100,100,100,NA,4,16,NA,4,4,6,2,4,5,2,10,5,92,NA,6,2,NA,3,6,NA,4,57,3
"22",1921,198,150,143,135,113,4,NA,24,9,39,12,3,NA,NA,NA,39,26,2,2,9,1,2,7,7,19,NA,10,NA,113,7,31,13,6,11,1,NA,NA,NA,4,NA,NA,1,NA,NA,NA,1,3,5,1,9,15,NA,59,NA,1,NA,1,NA,1,NA,NA,NA,NA,NA,36,NA,43,41,41,2,3,NA,2,1,1,NA,2,3,1,2,1,2,36,NA,NA,1,NA,1,NA,NA,NA,16,NA
"23",1922,271,217,208,201,161,18,NA,26,3,42,11,2,NA,1,NA,65,26,1,1,12,11,9,8,9,13,NA,7,NA,161,16,33,51,8,10,1,NA,NA,NA,2,NA,NA,2,1,NA,1,3,4,2,NA,8,15,1,84,NA,5,NA,NA,1,9,NA,NA,NA,NA,NA,56,NA,52,50,50,2,42,1,NA,3,3,1,3,1,4,NA,2,10,34,1,2,2,NA,1,2,NA,NA,42,NA
"24",1923,214,188,180,173,134,8,1,34,1,45,12,3,NA,1,2,49,27,5,5,5,5,3,5,5,18,NA,8,NA,134,11,41,18,9,6,4,NA,NA,NA,NA,NA,NA,3,2,NA,NA,2,2,3,1,4,16,2,95,NA,2,1,3,NA,4,NA,NA,NA,NA,1,57,NA,38,36,36,2,3,NA,1,2,2,NA,4,4,1,1,2,3,59,NA,1,NA,1,NA,1,NA,NA,45,NA
"25",1924,242,195,186,176,123,18,1,32,2,133,18,2,NA,NA,1,48,29,4,4,6,3,1,9,9,17,1,11,NA,123,6,36,14,5,16,3,NA,NA,NA,6,NA,NA,NA,NA,NA,NA,NA,3,1,NA,3,21,6,96,NA,7,NA,2,NA,3,NA,NA,NA,NA,NA,61,NA,84,81,81,3,1,NA,1,3,3,1,1,1,NA,NA,9,8,64,NA,3,NA,NA,1,NA,2,1,44,1
"26",1925,264,173,157,142,103,15,NA,34,17,89,13,5,NA,1,NA,145,42,5,5,68,16,5,4,4,33,NA,16,NA,103,16,41,18,32,9,4,NA,2,NA,7,NA,NA,NA,1,NA,1,2,4,NA,NA,59,13,NA,169,NA,3,NA,5,NA,14,NA,NA,1,NA,1,101,1,65,58,58,7,1,NA,2,1,1,1,1,3,3,NA,7,4,66,NA,2,1,NA,1,2,NA,1,50,1
"27",1926,255,163,145,137,85,18,NA,23,17,213,16,5,NA,3,3,77,31,2,2,27,2,5,7,7,21,NA,9,2,85,3,26,14,29,12,2,NA,NA,NA,3,2,NA,2,NA,NA,NA,1,2,NA,1,21,22,1,119,1,7,1,2,3,2,NA,NA,2,NA,NA,63,NA,131,117,118,17,2,NA,1,5,5,1,2,1,1,NA,9,4,54,NA,1,NA,1,1,NA,1,1,25,2
"28",1927,226,131,124,111,81,14,NA,37,4,156,14,1,NA,NA,1,53,24,2,2,9,7,5,7,7,16,NA,9,NA,81,NA,39,14,13,12,1,NA,NA,1,7,NA,NA,NA,NA,NA,NA,NA,2,NA,NA,3,18,NA,175,1,7,NA,6,NA,5,NA,NA,NA,NA,NA,92,NA,45,40,40,6,NA,NA,1,3,3,NA,NA,NA,2,NA,7,2,32,NA,2,NA,1,NA,1,NA,1,22,NA
"29",1928,319,227,205,191,122,28,NA,43,15,230,20,6,NA,2,4,113,62,11,11,9,12,13,9,9,42,NA,4,1,122,9,50,19,26,13,7,NA,NA,NA,2,NA,1,1,NA,NA,NA,NA,5,NA,NA,5,14,1,171,1,8,NA,6,2,10,NA,NA,3,NA,NA,101,2,103,94,94,9,2,NA,1,4,4,NA,1,3,6,NA,23,14,56,NA,4,2,2,2,5,NA,3,37,NA
"30",1929,211,136,115,104,56,23,NA,17,8,127,39,3,NA,NA,1,42,32,2,2,4,2,3,3,3,22,1,16,2,56,1,21,10,16,19,2,NA,NA,NA,6,2,1,NA,NA,NA,NA,1,1,1,NA,2,10,NA,93,NA,2,1,5,NA,2,NA,NA,NA,NA,NA,34,1,71,67,67,5,1,NA,3,1,1,1,2,2,1,NA,11,1,44,NA,NA,NA,NA,NA,1,NA,1,71,1
"31",1930,394,297,278,241,163,29,NA,30,13,193,41,7,NA,5,1,197,70,13,13,60,33,14,18,18,43,NA,19,NA,163,16,37,47,47,30,9,NA,NA,1,14,NA,NA,3,1,1,NA,4,5,5,1,50,12,7,81,NA,13,1,9,4,32,NA,NA,2,NA,2,34,2,60,55,55,5,1,NA,1,6,6,NA,5,5,6,4,10,8,65,NA,1,NA,2,2,2,NA,1,58,NA
"32",1931,185,150,133,106,68,17,1,19,6,100,18,2,NA,2,3,57,31,NA,NA,6,7,1,8,8,20,NA,6,NA,68,4,25,10,18,14,NA,NA,NA,NA,5,NA,3,4,NA,NA,NA,3,5,3,NA,4,4,NA,23,NA,5,NA,4,2,7,NA,NA,NA,NA,NA,13,1,17,13,13,4,NA,NA,2,2,2,1,NA,1,1,1,1,NA,33,NA,NA,NA,NA,NA,NA,NA,1,23,NA
"33",1932,175,155,144,122,83,21,NA,24,8,108,17,5,2,1,1,106,45,2,2,20,16,6,22,22,14,NA,4,NA,83,6,28,20,7,13,1,NA,1,NA,2,NA,1,1,NA,NA,1,NA,2,2,2,15,3,NA,22,NA,17,3,3,1,14,NA,NA,4,NA,NA,14,2,20,20,20,1,3,NA,5,12,12,1,1,2,1,2,3,3,26,NA,2,1,NA,NA,2,NA,1,30,NA
"34",1933,108,97,83,69,45,11,NA,9,9,55,26,7,NA,1,2,77,36,1,1,10,4,5,12,12,16,NA,8,NA,45,NA,11,5,14,23,1,NA,NA,NA,3,NA,1,NA,NA,NA,NA,1,1,NA,NA,5,3,1,4,2,12,1,2,1,4,NA,NA,NA,NA,1,3,4,11,8,8,3,NA,NA,NA,5,5,NA,NA,3,3,NA,1,NA,20,NA,1,NA,NA,NA,NA,NA,2,32,NA
"35",1934,129,118,103,90,66,6,NA,8,4,48,18,9,NA,4,1,56,25,2,2,10,11,4,12,12,7,NA,1,NA,66,3,13,17,13,10,2,NA,NA,NA,NA,NA,NA,NA,NA,NA,NA,NA,2,2,NA,9,2,4,4,NA,10,NA,6,4,11,NA,NA,1,NA,4,3,2,9,9,9,NA,2,NA,NA,6,6,2,NA,1,1,NA,6,NA,30,NA,2,NA,NA,1,1,NA,1,22,NA
"36",1935,150,131,116,105,76,15,1,7,15,65,12,5,2,5,3,130,35,1,1,48,24,12,14,14,16,NA,9,NA,76,10,13,22,26,11,1,NA,NA,NA,4,NA,NA,NA,NA,NA,NA,3,2,NA,1,42,5,3,16,1,14,NA,8,4,24,1,1,1,NA,3,8,4,13,10,10,3,2,NA,NA,9,9,NA,NA,3,6,NA,5,2,29,NA,NA,NA,NA,1,NA,NA,2,19,1
"37",1936,241,210,191,165,103,22,NA,38,6,112,21,7,NA,2,3,98,42,3,3,12,8,8,14,14,25,NA,11,NA,103,5,44,11,22,12,3,NA,1,2,3,NA,1,NA,NA,NA,1,1,5,1,NA,10,13,2,18,2,13,NA,3,2,8,NA,NA,1,NA,8,14,1,35,17,18,18,2,NA,4,9,9,1,3,4,2,1,5,4,48,NA,3,NA,NA,NA,2,NA,1,33,NA
"38",1937,246,210,178,160,100,29,NA,43,6,174,19,6,NA,2,1,67,29,3,3,11,8,3,12,12,15,NA,6,NA,100,7,46,14,24,12,2,NA,NA,NA,1,NA,NA,1,NA,NA,NA,NA,1,1,NA,8,12,3,11,1,10,2,6,1,8,NA,NA,NA,NA,7,8,NA,81,46,47,34,NA,NA,4,8,8,NA,3,2,2,1,6,9,45,NA,1,NA,NA,NA,NA,NA,2,45,NA
"39",1938,299,251,216,187,136,25,NA,50,6,223,19,10,NA,3,2,112,41,5,5,26,19,8,13,14,22,1,12,NA,136,6,51,34,32,10,4,NA,NA,NA,7,NA,NA,3,NA,NA,NA,1,NA,2,NA,21,20,7,30,NA,10,NA,7,2,18,NA,NA,3,NA,2,15,3,58,51,51,7,1,NA,1,7,7,4,4,3,5,2,10,4,53,1,NA,NA,1,NA,NA,NA,NA,45,NA
"40",1939,295,249,203,174,130,16,1,21,6,296,18,4,NA,NA,4,76,32,1,1,9,15,NA,14,14,15,NA,8,NA,130,7,29,31,33,15,1,NA,NA,NA,3,NA,1,2,NA,NA,NA,1,2,1,NA,5,13,7,30,1,12,1,13,NA,15,NA,NA,NA,NA,4,10,2,89,58,58,31,1,NA,6,6,6,1,2,4,NA,1,5,6,63,2,1,NA,NA,NA,2,NA,NA,32,NA
"41",1940,533,367,326,274,176,34,NA,44,8,529,22,9,NA,2,3,225,55,11,11,85,51,24,23,23,20,NA,9,NA,176,13,51,37,48,14,10,NA,1,NA,3,NA,NA,NA,2,NA,NA,NA,6,3,NA,77,31,5,89,1,19,NA,4,2,49,NA,NA,2,NA,3,29,6,205,165,165,42,2,NA,2,9,9,7,5,3,8,2,5,NA,50,1,2,1,NA,NA,3,NA,2,68,NA
"42",1941,784,439,312,258,157,22,NA,12,1,548,19,4,1,5,3,101,38,3,3,37,11,4,7,7,24,NA,11,NA,157,16,14,14,45,8,2,NA,NA,1,2,NA,2,NA,NA,NA,NA,1,2,3,NA,31,3,NA,225,3,4,NA,6,4,9,NA,NA,1,NA,NA,174,NA,128,81,81,45,NA,NA,NA,3,3,NA,2,1,NA,2,4,3,17,NA,1,NA,NA,NA,1,NA,NA,76,NA
"43",1942,796,603,498,404,223,47,NA,16,52,723,40,25,1,11,7,261,69,6,6,121,33,8,22,23,36,NA,5,NA,223,26,21,40,102,22,6,NA,2,NA,1,NA,6,9,NA,NA,1,2,1,2,4,99,3,4,289,2,20,NA,7,10,31,NA,NA,NA,NA,NA,236,3,160,137,137,26,2,NA,NA,14,13,1,1,3,4,1,3,1,20,NA,NA,2,NA,3,2,NA,2,459,NA
"44",1943,689,544,456,411,173,27,NA,6,4,142,93,83,2,7,1,120,83,NA,NA,17,12,3,18,18,56,1,21,NA,173,33,7,23,15,4,NA,NA,4,NA,6,NA,2,5,NA,NA,NA,NA,NA,3,NA,16,2,1,187,1,15,NA,7,4,12,NA,NA,1,NA,2,120,2,25,22,22,3,2,NA,2,8,7,1,3,3,NA,1,1,1,31,NA,6,NA,NA,NA,2,NA,1,266,NA
"45",1944,414,356,349,338,117,18,NA,7,2,284,105,2,NA,NA,2,109,48,3,3,18,18,5,27,27,14,NA,4,1,117,18,9,20,26,4,3,NA,NA,NA,2,1,1,2,NA,NA,NA,NA,NA,NA,3,15,2,NA,127,1,27,NA,5,NA,17,NA,NA,2,NA,2,39,10,61,51,51,10,1,NA,1,13,12,NA,NA,2,1,NA,1,NA,22,1,3,3,NA,NA,1,NA,3,134,1
"46",1945,305,242,223,211,127,34,1,17,14,175,24,13,1,8,1,159,54,7,7,48,27,13,19,19,29,NA,13,1,127,9,23,48,41,19,7,NA,NA,NA,6,1,NA,1,NA,NA,NA,4,3,3,1,40,5,8,134,NA,15,NA,11,4,27,NA,NA,6,NA,11,119,2,63,58,58,5,NA,NA,3,7,6,1,2,1,5,1,10,6,55,NA,5,NA,NA,1,2,NA,5,36,NA
"47",1946,418,352,312,260,148,36,NA,10,31,490,21,29,NA,12,1,151,34,4,4,57,33,12,8,9,22,NA,7,NA,148,20,12,30,94,8,4,NA,NA,NA,6,NA,1,1,1,NA,NA,1,2,2,1,53,8,6,42,NA,5,NA,7,6,30,NA,NA,1,NA,1,9,1,136,91,103,29,3,NA,4,2,2,NA,NA,4,3,2,9,2,26,NA,9,NA,NA,1,3,NA,6,50,NA
"48",1947,781,639,585,519,327,92,NA,35,32,1341,52,25,2,15,11,217,79,13,13,63,28,6,21,21,42,2,21,4,327,20,40,67,120,15,11,1,1,NA,9,3,1,2,1,NA,1,1,NA,2,1,53,10,8,198,8,16,NA,10,11,27,NA,NA,4,NA,NA,138,3,306,174,178,122,1,NA,NA,4,4,NA,1,3,1,NA,7,NA,37,1,10,NA,1,NA,4,NA,9,78,2
"49",1948,736,600,487,407,253,57,1,33,19,1036,29,15,1,5,5,269,99,4,4,89,43,3,24,24,67,NA,34,NA,253,21,39,67,197,14,4,NA,NA,NA,11,NA,3,4,1,NA,NA,6,2,1,1,76,12,9,200,3,21,2,16,5,42,NA,NA,4,NA,5,119,NA,259,157,157,98,NA,1,9,10,10,NA,4,9,2,NA,17,6,95,1,4,NA,NA,NA,2,1,2,64,NA
"50",1949,628,512,452,390,248,56,1,35,108,909,39,20,3,3,4,225,81,13,13,70,28,9,15,16,50,2,23,3,248,30,41,63,189,24,12,1,1,NA,8,3,2,3,NA,NA,NA,7,1,2,5,59,11,1,118,4,11,NA,7,1,25,NA,NA,2,NA,3,69,1,189,107,120,63,1,1,8,7,7,1,4,15,4,2,15,2,76,1,10,2,1,2,1,NA,5,57,1
"51",1950,821,672,604,537,343,65,NA,34,225,990,56,14,6,8,9,314,114,15,15,97,63,12,26,26,72,6,21,NA,344,43,43,80,206,27,12,NA,1,NA,6,NA,5,3,NA,1,NA,2,6,6,11,87,NA,4,171,6,18,2,13,4,59,NA,NA,1,NA,4,116,7,230,148,162,62,2,NA,8,8,8,4,6,6,5,2,23,9,102,1,4,2,2,1,2,NA,3,89,2
"52",1951,530,447,387,333,217,43,NA,22,498,829,39,6,11,14,6,257,72,14,14,119,38,3,15,15,44,7,17,NA,217,28,25,58,351,25,10,NA,NA,NA,6,NA,1,3,NA,NA,NA,2,3,5,10,106,12,10,203,5,9,1,1,6,36,NA,NA,1,NA,NA,167,4,219,115,118,97,1,NA,4,4,4,NA,1,1,2,3,9,1,40,NA,3,NA,NA,NA,1,NA,3,72,NA
"53",1952,642,535,455,410,278,55,NA,32,97,827,37,12,2,17,3,325,112,19,19,104,72,10,25,25,76,4,29,NA,278,37,41,59,383,21,18,NA,3,NA,12,NA,6,7,2,NA,2,1,6,3,41,91,5,7,119,2,20,NA,6,13,72,NA,NA,1,NA,2,81,9,148,75,75,72,1,NA,1,6,6,NA,4,2,6,1,5,4,26,1,4,NA,1,NA,1,NA,1,157,NA
"54",1953,691,586,529,480,332,62,NA,37,137,626,69,11,5,32,4,335,105,24,24,141,44,10,16,16,72,20,27,2,332,49,42,74,500,28,12,3,NA,2,9,2,5,9,NA,NA,1,2,4,3,85,121,9,18,134,3,13,NA,13,16,44,NA,NA,1,NA,1,106,3,217,148,152,65,1,NA,3,7,7,1,4,12,2,1,11,1,56,NA,1,NA,NA,NA,NA,NA,NA,217,NA
"55",1954,946,817,738,659,434,96,NA,14,231,711,42,21,2,331,6,568,287,35,35,192,56,8,20,21,245,17,25,1,434,85,18,75,719,19,18,1,1,NA,11,1,1,3,1,NA,2,5,2,5,75,170,4,16,162,2,15,NA,15,20,54,NA,NA,1,NA,2,128,4,152,78,89,54,2,NA,3,7,7,NA,2,4,2,3,12,5,50,1,4,NA,NA,NA,1,NA,5,169,NA
"56",1955,1024,935,861,803,561,101,NA,35,231,609,54,35,3,769,6,620,171,53,53,294,71,11,27,28,116,23,23,NA,561,66,47,83,510,21,44,2,1,NA,15,NA,2,2,NA,NA,NA,1,4,4,62,247,4,10,117,4,19,NA,14,249,66,NA,NA,1,NA,1,87,3,104,56,58,44,2,NA,5,14,13,3,2,3,4,2,20,1,57,NA,4,1,NA,1,4,NA,5,128,1
"57",1956,758,690,652,612,435,87,NA,44,53,369,53,23,13,516,7,620,333,30,30,182,51,10,22,23,291,4,21,1,435,26,49,76,261,33,28,3,2,NA,11,1,4,7,NA,NA,NA,2,1,6,33,167,8,5,82,5,14,NA,22,370,46,NA,NA,3,NA,NA,51,5,62,28,33,27,NA,NA,1,9,8,1,1,8,4,2,10,1,43,1,4,NA,NA,NA,NA,NA,2,118,NA
"58",1957,826,765,729,687,444,132,NA,32,49,324,110,59,11,197,2,892,607,11,11,190,50,3,24,25,567,4,22,2,444,40,36,113,179,34,8,NA,2,5,14,2,3,6,1,NA,NA,8,4,4,18,168,14,8,91,1,18,1,20,84,47,NA,NA,6,NA,2,71,5,63,26,32,28,3,NA,2,7,7,10,5,8,2,1,8,3,82,6,NA,1,NA,1,17,NA,2,215,NA
"59",1958,994,928,893,843,587,182,1,41,75,389,466,148,5,347,6,863,525,26,26,197,59,8,33,33,460,6,41,2,587,49,48,203,236,58,20,4,1,3,22,2,2,2,2,NA,NA,2,2,3,34,178,11,17,102,3,29,6,24,202,56,NA,NA,7,NA,3,72,7,74,32,41,29,4,1,4,17,16,7,4,2,1,2,9,2,65,1,4,NA,NA,NA,4,NA,3,592,NA
"60",1959,1419,1336,1287,1210,793,296,1,42,70,408,519,165,11,491,13,1264,648,60,60,311,125,10,44,46,534,9,72,4,793,54,65,232,312,56,39,1,1,NA,36,4,10,7,1,NA,1,1,11,5,27,259,15,13,70,5,38,3,17,328,91,NA,NA,12,NA,2,52,11,56,23,27,27,2,NA,5,20,20,NA,5,12,4,3,15,2,93,1,4,1,3,1,3,NA,2,620,2
"61",1960,1101,1026,969,917,606,206,NA,57,214,361,152,97,21,300,63,1263,562,50,50,464,98,22,48,49,462,4,61,5,606,46,73,165,398,40,31,2,2,27,34,4,10,4,1,NA,NA,1,5,8,12,369,10,16,59,15,34,10,33,202,84,NA,NA,14,NA,3,40,10,51,31,33,17,4,1,5,19,19,NA,5,17,11,6,17,3,91,NA,5,1,3,1,6,NA,2,199,NA
"62",1961,1224,1178,1105,1049,729,224,2,38,250,390,266,73,52,507,112,1167,507,76,76,432,122,12,45,47,403,5,81,4,729,79,52,239,229,38,64,NA,NA,NA,45,3,11,4,2,1,2,1,5,7,18,327,6,20,53,11,37,2,43,394,107,1,1,13,NA,3,34,11,47,30,30,17,1,NA,3,19,19,2,4,7,2,5,16,NA,75,1,2,NA,1,NA,NA,NA,3,324,5
"63",1962,1949,1870,1811,1741,1291,336,NA,33,305,432,433,110,63,547,216,1316,475,98,98,562,150,16,34,37,350,24,106,7,1291,259,54,285,343,71,89,2,3,1,64,6,7,7,2,NA,1,4,3,6,17,452,10,33,66,75,27,6,49,340,138,NA,NA,10,NA,2,50,5,45,35,36,10,7,NA,2,12,12,1,5,5,6,4,16,2,80,NA,4,1,2,1,5,NA,1,510,5
"64",1963,1556,1493,1442,1393,999,298,2,68,248,308,400,193,79,264,132,1664,746,103,103,613,201,19,50,54,549,38,109,10,999,207,82,272,278,72,93,3,2,124,76,10,10,13,2,NA,3,9,4,9,17,547,12,16,64,44,40,3,56,129,199,NA,NA,16,NA,2,46,11,37,30,30,7,2,NA,3,20,20,3,4,9,9,7,25,8,97,2,7,2,NA,NA,4,NA,6,462,8
"65",1964,1023,961,935,916,646,192,NA,52,173,221,182,61,66,181,26,1105,527,54,54,350,146,24,40,41,374,27,74,2,646,107,71,191,137,51,49,1,1,96,56,2,6,1,1,NA,2,3,5,2,9,293,6,9,33,14,37,5,43,119,144,NA,NA,12,NA,1,22,8,20,10,10,5,6,1,4,24,24,3,3,5,10,1,27,7,88,NA,5,NA,1,NA,3,NA,NA,220,4
"66",1965,1128,1077,1048,1033,678,258,1,46,126,238,222,89,72,301,177,1370,771,69,69,379,131,10,44,45,596,26,101,8,678,115,58,201,106,37,63,NA,2,183,68,8,5,9,NA,NA,3,NA,7,8,9,347,7,21,44,160,35,13,45,203,123,NA,NA,12,NA,4,31,12,29,22,23,4,6,NA,2,21,21,3,4,6,1,6,16,4,86,1,1,NA,2,1,1,NA,2,262,5
"67",1966,1580,1525,1504,1483,1018,346,3,57,100,206,518,104,49,387,296,1691,934,71,71,446,221,26,57,57,689,26,149,5,1018,154,84,322,141,53,68,3,1,126,117,5,10,11,1,1,2,8,6,8,16,400,7,15,46,198,48,2,53,267,194,1,1,35,NA,3,39,12,26,22,22,4,7,NA,6,35,33,5,9,3,7,5,31,5,108,NA,3,1,NA,NA,2,1,2,550,13
"68",1967,2134,2072,2039,2022,1596,335,2,70,95,227,866,139,142,407,455,2399,1320,127,127,567,362,47,166,166,967,31,182,7,1596,304,91,599,125,79,122,8,1,91,139,7,32,16,4,1,4,3,8,13,40,511,14,20,39,362,151,3,157,174,335,2,2,58,NA,NA,29,52,31,24,24,6,6,NA,4,90,82,6,18,7,12,9,33,5,137,NA,NA,1,1,NA,4,2,1,891,14
"69",1968,2556,2510,2473,2447,2001,300,23,77,185,211,832,207,93,341,619,3414,1609,125,125,791,809,94,280,282,926,22,198,5,2002,227,131,1041,291,110,104,3,6,24,157,5,40,35,7,2,14,7,5,19,25,725,23,40,40,360,258,1,448,126,763,20,20,50,NA,4,29,108,33,19,19,9,3,NA,6,128,123,7,14,10,10,15,49,2,186,1,3,NA,1,1,5,NA,1,869,15
"70",1969,2006,1961,1937,1917,1615,248,16,46,76,131,553,143,39,256,594,2505,931,38,38,621,724,123,235,248,403,15,123,2,1615,99,91,1034,349,80,25,2,3,1,93,1,31,12,8,NA,14,5,9,43,20,597,12,23,23,275,178,3,496,127,704,4,4,98,NA,1,15,30,24,16,16,7,5,1,4,117,117,4,8,9,41,10,30,18,120,3,2,1,NA,NA,3,1,NA,572,4
"71",1970,1010,962,946,937,802,114,3,39,42,120,176,56,32,175,257,1342,509,18,18,292,381,108,221,223,195,5,61,2,802,88,91,487,65,51,13,1,4,3,46,2,10,11,3,1,3,7,7,56,9,274,8,16,34,53,161,5,125,96,375,1,1,72,NA,1,26,15,9,6,6,3,6,NA,10,128,127,9,8,18,46,54,67,18,186,3,2,NA,NA,1,3,NA,4,187,NA
"72",1971,481,425,416,402,322,58,1,25,23,68,70,17,27,108,260,959,370,18,18,230,287,50,94,94,198,4,65,2,322,65,39,157,45,20,16,1,2,6,57,1,6,5,4,2,11,2,7,10,4,213,7,13,18,103,84,5,32,58,282,1,1,14,NA,1,14,22,20,17,18,1,8,NA,12,53,53,3,5,8,14,8,35,7,100,1,6,NA,1,2,3,NA,1,79,1
"73",1972,500,480,472,465,408,38,3,52,19,127,191,28,58,227,550,1435,746,25,25,269,259,70,94,94,488,5,117,4,408,19,88,218,76,40,23,6,1,8,94,4,17,7,12,1,21,9,26,16,17,252,24,25,30,270,76,3,48,97,247,NA,NA,13,NA,2,24,17,22,12,12,5,4,NA,2,50,50,7,16,6,23,12,56,8,153,NA,1,NA,NA,1,NA,NA,2,197,12
"74",1973,698,671,666,658,550,73,13,39,61,72,188,46,57,156,333,1353,655,27,27,238,328,69,84,86,458,5,100,1,550,64,75,311,67,39,27,6,NA,29,60,NA,6,6,7,1,6,4,10,30,15,228,9,18,14,144,53,2,56,73,322,5,5,18,NA,1,12,12,16,9,9,6,1,NA,2,32,32,5,11,5,15,19,28,2,89,NA,3,2,1,1,3,1,5,192,2
"75",1974,861,829,820,809,662,134,6,54,20,74,201,49,65,149,317,1596,868,85,85,218,360,83,118,134,573,8,98,4,662,63,104,378,126,37,81,NA,NA,8,77,3,24,9,7,2,18,12,17,36,24,206,10,26,12,67,78,2,58,77,338,1,NA,15,NA,NA,8,12,15,9,9,6,1,NA,6,52,52,2,32,5,9,30,14,2,124,2,2,NA,2,1,4,NA,5,207,6
"76",1975,1157,1128,1119,1111,969,141,16,49,128,113,206,37,72,140,448,2005,1111,25,25,240,461,80,226,228,605,7,98,3,969,79,105,618,112,55,24,3,1,23,71,3,24,12,6,NA,65,8,17,45,15,211,23,57,29,266,145,7,48,93,442,2,2,44,NA,4,24,17,26,22,22,4,5,NA,1,123,122,2,19,12,30,38,25,6,119,5,2,2,1,3,5,NA,2,216,3
"77",1976,1461,1419,1413,1410,1163,231,8,26,141,139,363,115,165,235,493,2738,1416,88,88,406,561,189,424,425,699,3,143,1,1163,206,87,661,126,49,80,19,5,39,123,1,10,19,23,10,39,16,10,70,40,297,10,51,22,308,345,4,112,96,531,3,2,65,NA,3,16,69,47,36,37,6,NA,NA,4,274,274,1,13,4,46,62,19,3,94,NA,7,1,NA,NA,2,1,2,374,10
"78",1977,2299,2231,2206,2196,1961,179,28,91,137,188,688,108,117,292,434,4240,2263,74,74,603,936,220,580,583,1151,27,231,8,1961,110,224,1144,362,65,56,2,5,15,199,8,81,79,17,5,83,51,29,116,24,504,41,47,52,212,462,5,467,130,905,24,24,54,NA,2,35,182,31,28,28,2,9,NA,2,280,274,1,48,17,49,107,189,2,414,3,1,1,NA,NA,NA,1,2,710,5
"79",1978,2424,2325,2295,2280,1951,267,24,59,191,187,517,84,70,354,265,4122,2166,32,32,689,993,146,622,628,1170,12,231,8,1951,178,148,1029,332,91,29,2,32,86,195,8,55,49,7,19,112,35,26,164,42,609,24,51,55,191,445,6,251,150,981,22,22,27,NA,6,32,152,21,20,20,1,4,NA,3,273,232,8,39,9,48,155,193,3,422,4,2,NA,1,1,1,1,4,545,9
"80",1979,1683,1609,1573,1549,1159,292,17,47,111,144,456,136,235,335,328,4398,1645,55,55,873,1576,186,440,446,945,18,83,4,1159,164,104,532,376,63,49,9,18,16,56,4,56,18,12,12,57,26,18,115,34,823,36,14,59,232,299,11,131,203,1558,17,17,18,NA,9,46,123,20,18,18,2,3,NA,4,143,125,1,27,11,74,113,184,4,392,3,4,NA,4,5,4,NA,4,473,21
"81",1980,1601,1531,1513,1492,1222,247,4,52,59,102,425,58,114,123,199,3036,1209,79,79,560,1062,166,369,371,599,9,149,1,1223,71,113,829,140,66,79,26,3,NA,125,1,44,12,6,8,48,28,18,175,41,537,45,48,80,100,178,20,261,83,1050,1,1,41,3,16,65,34,19,15,15,6,11,1,27,57,57,5,26,12,44,160,176,11,440,5,6,2,9,6,7,NA,3,470,7
"82",1981,1510,1466,1450,1446,1223,161,4,35,43,77,350,25,178,121,116,2491,1288,67,67,288,710,85,570,570,402,2,89,2,1223,70,91,818,134,63,50,10,5,NA,71,1,25,14,10,9,35,17,15,273,33,241,31,23,66,29,287,16,189,73,702,1,1,11,NA,14,16,78,12,10,10,2,2,1,9,80,80,2,28,13,21,228,91,4,258,3,6,NA,NA,3,8,NA,4,358,5
"83",1982,569,510,500,496,413,62,1,29,22,70,97,25,76,106,165,1263,803,63,63,102,260,65,356,360,320,11,52,1,413,36,49,239,51,37,50,19,3,1,38,1,11,8,6,8,56,8,8,158,35,82,4,6,29,119,197,7,56,76,250,1,1,4,NA,3,18,43,12,11,11,1,NA,NA,4,39,39,3,9,5,14,121,31,2,111,2,3,1,3,2,11,1,NA,106,1
"84",1983,1330,1281,1269,1262,1065,147,2,39,69,86,300,45,135,76,196,2321,1474,85,85,245,389,88,720,722,565,4,73,1,1066,109,79,639,66,52,84,5,40,1,57,1,7,24,2,4,115,13,16,302,19,211,17,17,17,86,416,14,237,48,384,1,1,10,NA,13,13,104,12,10,10,2,3,NA,10,97,93,3,30,12,24,234,57,10,206,3,5,2,3,3,13,1,4,320,4
"85",1984,1366,1335,1325,1323,1085,192,8,47,83,123,201,37,157,180,160,3645,1935,63,63,560,867,123,1013,1017,633,16,74,4,1085,77,84,657,80,47,54,4,53,10,55,3,16,40,3,6,134,15,17,418,55,513,8,14,22,51,592,14,180,112,858,7,7,5,NA,9,14,115,19,16,16,3,4,NA,13,111,111,2,25,13,26,332,82,1,235,1,1,2,3,1,6,NA,1,228,10
"86",1985,1364,1335,1326,1319,1146,140,13,46,38,120,233,40,103,79,110,2659,1493,40,40,471,520,75,642,646,709,3,98,2,1146,165,85,694,209,64,36,4,52,NA,74,2,156,41,2,5,55,8,18,219,19,425,5,26,20,27,401,12,179,42,507,3,3,5,1,14,13,60,17,15,15,2,6,NA,18,72,72,3,31,15,15,127,74,4,303,4,4,1,1,NA,5,NA,2,255,8
"87",1986,1476,1435,1420,1410,1189,155,17,54,33,121,383,38,97,111,154,3230,1407,45,45,646,987,101,623,627,579,1,150,3,1189,139,153,788,73,103,45,5,26,3,119,2,113,23,6,1,49,9,8,124,27,537,13,48,38,32,476,7,209,51,949,4,4,12,NA,17,30,106,41,36,36,5,15,NA,4,146,146,4,23,10,26,89,49,NA,241,5,3,3,NA,1,3,1,NA,416,5
"88",1987,1572,1528,1516,1506,1297,151,24,69,43,145,320,121,117,124,142,4283,2247,95,95,756,918,164,976,977,1089,3,167,7,1298,130,150,832,69,74,95,5,66,8,144,7,296,49,13,3,175,7,15,465,11,607,6,37,36,53,486,14,268,66,861,1,1,30,NA,17,28,119,24,22,22,2,4,NA,21,211,211,11,96,27,50,452,86,2,437,2,5,NA,2,1,9,NA,NA,333,21
"89",1988,1580,1542,1529,1518,1325,149,9,56,21,119,195,132,95,154,110,3711,1945,66,66,598,813,156,680,682,1091,3,180,71,1325,148,112,847,60,67,66,1,31,1,98,71,532,12,13,8,161,15,16,275,22,520,12,49,41,40,397,9,262,141,786,4,4,44,1,16,28,117,20,16,16,4,2,1,9,163,162,6,91,15,47,262,55,1,384,1,2,1,5,1,4,NA,1,201,10
"90",1989,1647,1588,1581,1564,1260,292,11,35,50,98,251,361,230,58,104,3653,1653,136,136,693,794,194,643,643,904,2,110,21,1260,122,83,861,56,125,131,1,49,6,80,21,482,35,10,4,63,22,18,210,16,657,15,96,23,11,410,10,285,47,735,9,9,65,1,22,11,121,16,14,14,2,8,NA,50,110,109,5,275,33,68,201,48,5,691,5,9,NA,2,2,5,NA,NA,261,2
"91",1990,2265,2223,2218,2209,1886,301,12,72,184,106,301,254,57,43,65,3548,1577,51,51,813,938,217,813,817,692,7,105,3,1886,194,128,1315,163,143,43,2,35,12,95,3,273,7,2,1,62,25,22,429,43,792,133,73,40,29,363,60,668,25,918,11,11,53,NA,34,30,122,29,27,27,2,21,29,15,56,55,5,203,43,112,398,79,8,569,6,7,1,5,5,9,NA,2,307,6
"92",1991,1367,1322,1311,1299,1071,221,7,123,25,83,227,118,72,26,126,2145,967,38,38,499,586,66,428,431,501,3,58,NA,1072,97,176,627,55,119,25,NA,52,19,49,NA,213,4,14,11,20,11,36,152,21,480,178,86,71,57,273,26,225,19,572,7,7,4,NA,13,49,149,32,26,26,6,10,1,6,28,28,2,55,10,27,141,57,3,228,3,11,1,8,5,9,NA,1,232,1
"93",1992,1663,1620,1607,1604,1415,180,4,175,34,88,149,145,46,25,35,1874,908,46,46,453,319,83,280,281,594,4,86,22,1416,64,225,910,57,99,37,NA,121,8,53,21,160,17,7,16,18,27,31,76,16,438,60,44,33,19,204,38,382,15,310,2,2,8,1,21,26,84,20,17,17,3,13,NA,46,43,38,8,188,10,46,54,36,1,447,4,9,2,7,4,13,2,3,160,9
"94",1993,1421,1363,1352,1333,1082,234,6,78,22,67,114,86,22,23,86,2036,843,44,44,508,451,182,403,406,412,3,92,19,1082,41,126,612,63,56,43,NA,70,NA,36,19,120,7,1,7,8,11,29,138,12,472,27,46,27,54,262,17,253,19,433,2,2,6,1,22,18,129,6,5,5,1,17,NA,35,39,39,8,154,8,119,91,104,2,450,17,6,2,3,2,8,NA,1,118,13
"95",1994,1826,1783,1780,1769,1524,230,12,162,20,89,304,79,46,31,66,2240,1040,65,65,461,423,174,358,359,637,1,83,8,1524,38,198,1083,68,243,64,NA,116,3,43,8,235,27,10,11,22,10,19,93,3,429,24,81,21,39,263,15,378,22,412,1,1,30,1,16,9,128,12,12,12,NA,88,1,21,44,44,6,80,13,110,44,126,1,394,5,4,NA,3,2,4,NA,NA,308,3
"96",1995,1046,987,984,976,769,199,1,95,16,101,238,72,45,42,20,2101,964,50,50,399,536,158,261,261,582,2,87,6,769,28,120,494,129,194,44,1,162,12,48,5,136,38,6,9,18,14,15,61,4,385,14,27,31,8,198,13,174,24,527,1,1,12,1,15,22,108,22,17,17,4,42,NA,39,55,54,NA,68,15,112,38,110,6,376,10,7,4,4,4,7,1,2,247,10
"97",1996,1190,1154,1151,1144,969,143,5,56,13,89,307,158,49,33,5,2725,992,40,40,616,827,192,325,326,605,NA,94,64,969,99,84,636,167,173,39,NA,110,9,21,64,200,18,4,NA,29,49,18,83,9,548,8,23,29,1,225,11,248,20,815,1,1,19,NA,18,23,105,7,4,4,3,45,NA,40,46,45,3,173,18,165,48,136,3,525,4,7,3,2,4,6,NA,3,319,4
"98",1997,1090,1052,1035,1018,822,159,3,51,19,85,210,126,39,34,23,2285,766,62,62,388,845,264,282,282,420,NA,60,5,822,69,77,562,53,86,62,1,59,10,49,5,90,18,5,6,52,41,17,94,6,378,10,25,50,11,190,16,205,20,676,NA,NA,78,2,25,41,99,20,18,18,2,55,NA,55,33,33,5,210,12,221,66,117,6,592,7,5,1,3,2,5,2,8,277,5
"99",1998,1222,1176,1170,1149,853,255,2,60,14,112,255,162,48,144,56,2663,1024,53,53,501,798,276,268,272,669,3,94,18,854,56,79,481,53,51,50,1,87,9,66,17,153,11,8,6,146,40,15,66,12,479,4,80,60,32,193,5,114,123,787,NA,NA,14,NA,7,39,89,30,21,21,8,39,NA,11,76,76,2,212,8,193,58,101,3,654,5,5,NA,2,2,6,2,3,299,NA
"100",1999,1162,1101,1090,1071,673,335,5,32,37,129,233,121,85,123,29,3132,1348,28,28,698,811,256,177,178,1096,3,175,112,675,78,68,393,102,90,27,NA,60,13,51,112,288,17,46,3,298,14,24,48,6,662,8,42,30,6,100,16,85,75,794,4,4,15,1,25,15,36,23,23,23,1,4,NA,18,43,43,5,161,10,165,38,81,NA,652,14,3,3,5,5,6,1,3,249,4
"101",2000,874,837,821,810,598,145,1,31,10,133,253,146,109,104,25,2882,873,45,45,709,949,235,172,174,603,11,160,64,598,117,56,246,89,189,40,NA,38,25,65,64,73,23,25,2,75,13,17,58,17,628,11,33,62,3,109,7,43,36,873,1,1,10,1,21,29,46,21,20,20,1,4,NA,15,54,54,6,104,56,167,54,31,1,572,8,7,3,2,3,13,2,5,283,7
"102",2001,1191,1129,1116,1108,908,123,2,39,8,115,403,241,90,78,66,3110,1178,62,62,928,741,167,420,420,693,6,101,50,909,122,65,485,79,152,59,1,15,28,34,45,151,27,76,3,66,15,19,297,10,887,10,15,37,11,117,1,113,32,736,NA,NA,13,NA,21,25,23,36,15,15,21,5,NA,10,28,28,3,109,11,127,291,37,1,584,6,4,2,2,1,6,NA,4,464,NA
"103",2002,1356,1316,1312,1295,1047,187,4,27,60,83,440,129,55,31,33,2327,630,31,31,768,759,149,246,248,340,NA,57,25,1048,85,63,658,59,145,31,NA,5,NA,26,25,46,20,40,2,77,4,20,173,4,731,7,98,29,8,65,1,197,21,757,4,4,28,NA,4,12,35,30,30,30,NA,2,NA,7,13,13,5,153,11,113,125,25,1,573,1,4,NA,2,2,4,1,3,541,1
"104",2003,1897,1843,1822,1804,1619,138,6,24,27,109,848,193,46,29,118,3285,1517,73,73,996,492,142,501,502,921,4,277,230,1619,93,75,1173,47,298,61,NA,6,NA,29,230,219,6,45,3,132,7,23,330,21,886,5,208,76,55,151,5,232,18,475,6,6,103,NA,11,38,85,14,12,12,2,1,43,5,32,32,1,144,9,13,275,14,1,597,4,1,NA,4,4,5,NA,1,967,115
"105",2004,1932,1872,1850,1842,1603,193,13,41,24,107,753,115,46,30,38,3377,1356,62,62,852,944,152,467,468,753,7,285,262,1604,113,84,1097,61,192,54,NA,10,1,18,261,156,5,11,4,69,13,17,317,15,777,13,216,117,30,132,7,299,20,921,12,12,144,NA,8,72,66,30,26,26,4,5,80,13,21,21,1,303,8,24,239,31,NA,1019,4,4,NA,NA,NA,3,NA,1,904,122
"106",2005,1807,1750,1730,1712,1368,304,34,24,30,161,506,117,65,38,26,4012,1503,87,87,1052,1302,114,452,453,968,6,460,416,1369,95,99,960,112,98,71,1,4,NA,25,416,153,18,13,1,94,16,27,257,11,980,8,179,87,17,188,9,316,20,1257,31,31,61,NA,8,47,36,54,51,51,3,5,83,5,32,32,8,214,6,48,157,25,3,871,7,4,1,3,2,8,1,1,595,121
"107",2006,1784,1740,1718,1708,1366,301,14,30,15,203,471,230,26,36,28,3705,955,83,83,1017,1659,67,218,219,670,10,395,263,1366,132,69,951,122,87,67,6,8,2,22,263,20,7,6,6,36,13,15,18,26,880,11,165,234,23,199,NA,191,20,1315,12,12,18,NA,2,83,48,82,78,78,4,2,172,15,21,21,5,110,155,14,9,27,NA,765,1,7,1,1,3,10,NA,3,513,102
"108",2007,1318,1255,1227,1210,954,192,4,19,17,239,306,102,37,56,35,3078,783,88,88,880,1294,91,217,218,459,8,234,97,954,146,47,608,92,79,69,4,6,2,34,97,13,20,19,2,25,13,23,24,33,800,24,137,327,16,195,6,167,44,1185,4,4,4,NA,6,126,80,76,73,73,3,30,14,10,16,16,3,46,44,8,17,20,1,585,1,3,NA,1,NA,1,NA,4,334,44
"109",2008,928,836,823,816,615,145,8,17,14,207,255,84,17,42,35,2093,715,66,66,521,773,35,240,240,360,9,148,87,615,43,50,398,49,78,60,4,12,4,21,87,32,17,11,NA,30,14,20,14,28,466,29,158,366,2,207,3,94,29,742,7,7,50,1,7,158,119,104,95,95,9,1,NA,3,17,17,3,19,11,7,12,13,NA,383,5,9,1,1,3,10,1,3,261,30
"110",2009,593,542,532,523,405,104,3,16,3,76,222,28,6,21,35,1310,311,23,23,356,583,11,57,59,175,3,69,39,405,29,30,270,22,30,21,1,14,NA,10,39,15,12,2,NA,19,4,8,5,11,307,10,79,111,24,49,6,71,10,545,3,3,19,NA,6,37,33,26,22,22,4,1,NA,10,4,4,1,4,11,2,4,5,NA,195,3,1,2,1,1,5,NA,1,238,20
"111",2010,572,549,540,532,408,110,NA,9,3,58,278,80,5,38,2,1681,522,26,26,270,798,38,198,198,257,2,76,51,408,28,15,269,33,73,25,2,30,NA,12,51,27,35,24,NA,30,3,6,32,25,237,25,58,67,1,145,7,61,34,749,NA,NA,25,NA,3,29,79,29,27,27,2,2,1,4,5,5,NA,34,33,3,32,10,1,286,1,1,NA,1,NA,NA,NA,NA,283,12
"112",2011,604,587,586,582,466,106,3,6,22,48,174,48,2,26,6,1891,467,27,27,501,838,33,113,113,303,NA,109,68,466,42,17,257,30,82,26,1,7,1,6,68,65,38,34,NA,2,3,4,19,10,421,6,19,94,2,93,6,119,7,747,2,2,23,1,1,50,68,6,6,6,NA,3,NA,11,7,6,NA,55,6,5,18,5,1,335,NA,1,NA,2,1,3,2,1,177,11
"113",2012,863,844,838,833,651,170,2,2,14,68,212,56,10,39,17,1928,642,41,41,422,795,27,192,193,378,3,98,84,651,49,9,413,24,30,39,NA,21,NA,4,84,46,28,52,1,12,2,2,28,5,328,2,49,41,8,171,6,168,7,707,2,2,60,NA,4,22,125,30,28,28,2,5,NA,13,11,11,3,53,19,5,27,35,NA,325,NA,2,NA,NA,1,NA,NA,NA,221,46
"114",2013,849,806,800,792,675,96,NA,12,19,77,140,110,19,34,45,1937,758,12,12,329,736,52,206,210,448,4,186,154,675,101,21,340,33,15,11,1,10,1,16,154,32,21,34,2,28,2,8,52,22,294,2,13,83,36,150,1,134,24,639,NA,NA,41,NA,NA,65,74,26,25,25,1,1,NA,43,16,16,4,74,49,44,50,95,1,508,1,NA,NA,NA,1,2,NA,NA,153,49
"115",2014,717,673,670,664,575,66,3,7,38,105,256,42,36,46,33,1964,662,60,60,267,938,63,123,123,402,4,117,91,575,53,21,236,29,88,58,2,11,1,9,91,33,39,45,NA,40,3,4,62,23,254,8,29,166,9,62,2,104,25,838,3,3,7,NA,3,106,18,34,29,29,5,5,NA,10,11,11,NA,37,31,37,62,31,1,231,2,1,NA,NA,NA,3,NA,2,265,20
"116",2015,654,593,581,577,437,91,1,19,14,109,263,57,19,41,29,2182,573,90,90,321,1082,141,71,71,330,5,107,23,437,71,25,177,36,84,86,1,19,NA,8,22,35,23,31,1,59,8,3,23,26,262,42,14,70,14,49,NA,44,22,1039,NA,NA,3,NA,1,10,11,35,29,29,6,4,NA,15,9,9,2,40,15,114,20,33,1,254,1,4,NA,NA,NA,2,NA,1,285,11
"117",2016,739,671,661,657,516,100,3,8,13,90,293,85,20,43,19,2224,769,99,99,335,962,159,109,110,435,10,77,15,516,131,18,221,63,79,91,1,2,NA,22,15,123,19,6,10,48,5,6,55,11,228,22,29,139,13,50,5,49,16,876,3,2,3,NA,9,61,9,64,56,56,8,6,NA,8,17,17,NA,33,3,145,55,10,NA,228,3,3,NA,NA,1,5,NA,14,302,2
"118",2017,855,752,745,730,584,92,10,20,20,105,95,40,34,39,52,2362,718,51,51,516,845,176,171,171,409,11,49,13,584,132,40,277,67,53,46,1,2,NA,18,12,168,5,22,4,84,15,5,78,25,459,3,19,131,27,92,2,123,20,656,10,10,9,NA,3,65,15,60,52,52,7,6,NA,29,21,21,2,29,7,169,78,37,1,314,4,1,NA,1,NA,3,NA,2,102,6
"119",2018,1115,1040,1025,1015,821,126,25,46,16,70,199,31,19,56,62,2311,793,56,56,581,574,175,211,212,453,9,124,11,821,105,86,521,38,101,53,1,4,1,18,10,92,6,15,1,124,6,10,66,23,494,133,17,146,30,140,3,164,30,415,19,19,4,NA,10,40,19,56,52,52,4,67,NA,5,23,23,8,22,7,130,66,11,1,200,NA,2,NA,1,NA,1,NA,NA,210,2
"120",2019,1024,966,961,955,780,130,18,78,18,214,192,27,9,61,23,593,494,56,56,25,3,7,111,112,317,6,44,4,780,41,121,515,14,112,50,NA,1,2,18,3,84,6,27,NA,41,9,16,74,20,NA,155,10,163,11,37,2,148,23,NA,16,16,7,1,3,27,3,61,54,55,5,191,NA,16,5,5,4,24,7,NA,70,60,2,228,NA,NA,1,NA,2,1,1,NA,211,9
"121",2020,893,752,748,740,685,35,55,71,4,221,270,19,6,56,21,479,411,74,74,17,9,2,55,55,261,11,36,21,685,41,136,455,10,152,65,1,4,NA,10,21,68,9,1,1,53,3,9,33,49,NA,105,6,120,5,21,1,148,33,NA,54,54,4,NA,8,32,5,22,20,20,2,167,NA,50,7,6,2,25,10,NA,33,83,1,237,4,2,NA,NA,NA,1,NA,NA,272,20
"122",2021,936,879,873,870,800,59,109,10,1,88,149,19,2,55,16,365,322,56,56,26,NA,NA,63,64,215,9,37,21,800,52,123,572,3,77,50,2,3,1,7,21,58,2,NA,NA,24,2,1,55,18,NA,15,62,95,12,8,1,203,27,NA,55,55,41,1,2,29,4,50,46,47,3,205,1,74,2,2,3,11,1,NA,53,59,NA,260,1,3,NA,1,NA,2,NA,NA,151,22
"123",2022,67,56,56,56,54,2,1,1,NA,8,1,10,4,3,1,36,27,31,31,7,NA,NA,9,9,11,NA,NA,NA,54,NA,4,45,NA,NA,28,NA,NA,NA,NA,NA,NA,NA,NA,NA,NA,NA,2,1,NA,NA,1,9,1,NA,8,NA,21,NA,NA,1,1,3,NA,NA,1,NA,2,NA,NA,2,NA,NA,45,NA,NA,1,NA,NA,NA,1,21,NA,85,NA,NA,NA,NA,NA,NA,NA,NA,1,NA
"124",1897,NA,NA,NA,NA,NA,NA,NA,NA,1,NA,NA,NA,NA,NA,NA,1,NA,NA,NA,1,NA,NA,NA,NA,NA,NA,NA,NA,NA,NA,NA,NA,NA,NA,NA,NA,NA,NA,NA,NA,NA,NA,NA,NA,NA,NA,NA,NA,NA,1,NA,NA,NA,NA,NA,NA,NA,NA,NA,NA,NA,NA,NA,NA,NA,NA,NA,NA,NA,NA,NA,NA,NA,NA,NA,NA,NA,NA,NA,NA,NA,NA,NA,NA,NA,NA,NA,NA,NA,NA,NA,NA,NA
"125",1873,NA,NA,NA,NA,NA,NA,NA,NA,NA,NA,NA,NA,NA,NA,NA,1,NA,NA,NA,NA,1,NA,NA,NA,NA,NA,NA,NA,NA,NA,NA,NA,NA,NA,NA,NA,NA,NA,NA,NA,NA,NA,NA,NA,NA,NA,NA,NA,NA,NA,NA,NA,NA,NA,NA,NA,NA,NA,NA,NA,NA,NA,NA,NA,NA,NA,NA,NA,NA,NA,NA,NA,NA,NA,NA,NA,NA,NA,NA,NA,NA,NA,NA,NA,NA,NA,NA,NA,NA,NA,NA,NA,NA
"126",1890,NA,NA,NA,NA,NA,NA,NA,NA,NA,NA,NA,NA,NA,NA,NA,2,NA,NA,NA,NA,2,NA,NA,NA,NA,NA,NA,NA,NA,NA,NA,NA,NA,NA,NA,NA,NA,NA,NA,NA,NA,NA,NA,NA,NA,NA,NA,NA,NA,NA,NA,NA,NA,NA,NA,NA,NA,NA,2,NA,NA,NA,NA,NA,NA,NA,NA,NA,NA,NA,NA,NA,NA,NA,NA,NA,NA,NA,NA,NA,NA,NA,NA,NA,NA,NA,NA,NA,NA,NA,NA,NA,NA
"127",1894,NA,NA,NA,NA,NA,NA,NA,NA,NA,NA,NA,NA,NA,NA,NA,1,1,NA,NA,NA,NA,NA,NA,NA,1,NA,NA,NA,NA,NA,NA,NA,NA,NA,NA,NA,NA,NA,NA,NA,NA,NA,1,NA,NA,NA,NA,NA,NA,NA,NA,NA,NA,NA,NA,NA,NA,NA,NA,NA,NA,NA,NA,NA,NA,NA,NA,NA,NA,NA,NA,NA,NA,NA,NA,NA,NA,NA,NA,NA,NA,NA,NA,NA,NA,NA,NA,NA,NA,NA,NA,NA,NA
"128",1898,NA,NA,NA,NA,NA,NA,NA,NA,NA,NA,NA,NA,NA,NA,NA,1,NA,NA,NA,NA,1,NA,NA,NA,NA,NA,NA,NA,NA,NA,NA,NA,NA,NA,NA,NA,NA,NA,NA,NA,NA,NA,NA,NA,NA,NA,NA,NA,NA,NA,NA,NA,NA,NA,NA,NA,NA,NA,1,NA,NA,NA,NA,NA,NA,NA,NA,NA,NA,NA,NA,NA,NA,NA,NA,NA,NA,NA,NA,NA,NA,NA,NA,NA,NA,NA,NA,NA,NA,NA,NA,NA,NA
