"","Year","Locator","Z_scores"
"1",1980,"0311",-0.0548784010581021
"2",1980,"0317",2.10926649909138
"3",1980,"0321",0.359355374016246
"4",1980,"0322",-2.07566780241263
"5",1980,"0430",0.21181778318276
"6",1980,"0434",0.196973329360953
"7",1980,"0438",0.804991428344954
"8",1980,"0440",-0.474755910093098
"9",1980,"0442",0.495079046542458
"10",1980,"0444",0.963758052820767
"11",1980,"0446",0.43459249637855
"12",1980,"0470",1.61988573570751
"13",1980,"0474",0.86533237459079
"14",1980,"0478",-0.840948473873615
"15",1980,"0484",-0.81895824355082
"16",1980,"0631",-0.117779176457082
"17",1980,"A315",1.11157547529558
"18",1980,"A320",-0.26778503429102
"19",1980,"A432",0.107509487361094
"20",1980,"A456",1.15894000746664
"21",1980,"A499",-0.582587823943262
"22",1980,"A617",NA
"23",1980,"A620",NA
"24",1980,"A630",1.15245049615268
"25",1980,"A680",NA
"26",1980,"A685",NA
"27",1980,"A690",NA
"28",1980,"B484",1.36558984648328
"29",1980,"C320",0.685315914982306
"30",1980,"C370",0.11096811332755
"31",1980,"D320",1.52407841673359
"32",1980,"G320",-0.0884766223881625
"33",1980,"KSHZ06",NA
"34",1980,"KTHA03",NA
"35",1980,"N484",0.207983567372723
"36",1980,"VA12A",NA
"37",1980,"VA41A",NA
"38",1980,"VA42A",NA
"39",1980,"VA45A",NA
"40",1981,"0311",0.103369845844807
"41",1981,"0317",-1.35266130622535
"42",1981,"0321",0.889252281463933
"43",1981,"0322",-0.863850431816835
"44",1981,"0430",-0.700301712353879
"45",1981,"0434",-0.20150381890192
"46",1981,"0438",-1.05674793447317
"47",1981,"0440",0.593001466778797
"48",1981,"0442",0.78006919879568
"49",1981,"0444",0.770709444397501
"50",1981,"0446",-0.207074346162749
"51",1981,"0470",0.815956755188643
"52",1981,"0474",0.199294926367568
"53",1981,"0478",-1.1792949943561
"54",1981,"0484",0.185848379459161
"55",1981,"0631",0.0733342042091174
"56",1981,"A315",-0.605127617414089
"57",1981,"A320",-0.461581777200089
"58",1981,"A432",-0.628081741951665
"59",1981,"A456",0.8282785897416
"60",1981,"A499",2.68343482543567
"61",1981,"A617",NA
"62",1981,"A620",NA
"63",1981,"A630",0.784471488034066
"64",1981,"A680",NA
"65",1981,"A685",NA
"66",1981,"A690",NA
"67",1981,"B484",1.50059112408239
"68",1981,"C320",0.810385267739958
"69",1981,"C370",-0.651207612422201
"70",1981,"D320",0.995567352866299
"71",1981,"G320",-1.39058540470447
"72",1981,"KSHZ06",NA
"73",1981,"KTHA03",NA
"74",1981,"N484",0.0782018213321407
"75",1981,"VA12A",NA
"76",1981,"VA41A",NA
"77",1981,"VA42A",NA
"78",1981,"VA45A",NA
"79",1982,"0311",0.462065872158075
"80",1982,"0317",-0.907267085658281
"81",1982,"0321",1.41914918891162
"82",1982,"0322",-0.459911308284905
"83",1982,"0430",1.12393727871939
"84",1982,"0434",1.65805620632484
"85",1982,"0438",1.46207590933959
"86",1982,"0440",1.05061177115247
"87",1982,"0442",0.78006919879568
"88",1982,"0444",1.44637957387893
"89",1982,"0446",0.947925970411593
"90",1982,"0470",2.10224312401882
"91",1982,"0474",1.05562878836886
"92",1982,"0478",1.86582368998625
"93",1982,"0484",1.02318723196749
"94",1982,"0631",0.646674346207736
"95",1982,"A315",-0.513663928048409
"96",1982,"A320",0.313605194436174
"97",1982,"A432",1.13733720839896
"98",1982,"A456",1.5998218977667
"99",1982,"A499",0.397218970870409
"100",1982,"A617",NA
"101",1982,"A620",NA
"102",1982,"A630",1.33644000021199
"103",1982,"A680",NA
"104",1982,"A685",NA
"105",1982,"A690",NA
"106",1982,"B484",1.59059197581513
"107",1982,"C320",1.31066267877056
"108",1982,"C370",2.48218148232676
"109",1982,"D320",1.34790806211116
"110",1982,"G320",-0.0884766223881625
"111",1982,"KSHZ06",NA
"112",1982,"KTHA03",NA
"113",1982,"N484",-0.440925162830178
"114",1982,"VA12A",NA
"115",1982,"VA41A",NA
"116",1982,"VA42A",NA
"117",1982,"VA45A",NA
"118",1983,"0311",0.269530505092866
"119",1983,"0317",0.69210307001436
"120",1983,"0321",NA
"121",1983,"0322",0.549936500544922
"122",1983,"0430",0.733028923489407
"123",1983,"0434",0.462624761536203
"124",1983,"0438",NA
"125",1983,"0440",-0.169682373843985
"126",1983,"0442",-0.929871714723659
"127",1983,"0444",0.738534676326956
"128",1983,"0446",0.691259233395069
"129",1983,"0470",1.13752834739619
"130",1983,"0474",0.199294926367568
"131",1983,"0478",-0.164255432908645
"132",1983,"0484",0.520783920462488
"133",1983,"0631",0.646674346207736
"134",1983,"A315",-1.38608681122873
"135",1983,"A320",0.119808451527112
"136",1983,"A432",0.990218962536406
"137",1983,"A456",0.718058117166585
"138",1983,"A499",0.0706167059325225
"139",1983,"A617",NA
"140",1983,"A620",NA
"141",1983,"A630",0.876466240063722
"142",1983,"A680",NA
"143",1983,"A685",NA
"144",1983,"A690",NA
"145",1983,"B484",1.41059027234965
"146",1983,"C320",0.685315914982306
"147",1983,"C370",NA
"148",1983,"D320",-0.589965838735582
"149",1983,"G320",-0.609320135314684
"150",1983,"KSHZ06",NA
"151",1983,"KTHA03",NA
"152",1983,"N484",0.0782018213321407
"153",1983,"VA12A",NA
"154",1983,"VA41A",NA
"155",1983,"VA42A",NA
"156",1983,"VA45A",NA
"157",1984,"0311",1.15835815853088
"158",1984,"0317",1.10375530417483
"159",1984,"0321",NA
"160",1984,"0322",-0.257941746518937
"161",1984,"0430",-0.439696142200551
"162",1984,"0434",-0.20150381890192
"163",1984,"0438",NA
"164",1984,"0440",-0.169682373843985
"165",1984,"0442",0.352583970415849
"166",1984,"0444",0.545486067903689
"167",1984,"0446",-0.463741083179268
"168",1984,"0470",0.574778061032983
"169",1984,"0474",-0.181297901188558
"170",1984,"0478",-0.840948473873615
"171",1984,"0484",0.0183806089575008
"172",1984,"0631",1.22001448820634
"173",1984,"A315",-1.65344221091303
"174",1984,"A320",-0.26778503429102
"175",1984,"A432",0.107509487361094
"176",1984,"A456",0.718058117166585
"177",1984,"A499",-0.582587823943262
"178",1984,"A617",NA
"179",1984,"A620",NA
"180",1984,"A630",0.968460992093374
"181",1984,"A680",NA
"182",1984,"A685",NA
"183",1984,"A690",NA
"184",1984,"B484",1.27558899475054
"185",1984,"C320",0.310107856709357
"186",1984,"C370",NA
"187",1984,"D320",0.819396998243866
"188",1984,"G320",-0.348898378851423
"189",1984,"KSHZ06",NA
"190",1984,"KTHA03",NA
"191",1984,"N484",-0.700488654911338
"192",1984,"VA12A",NA
"193",1984,"VA41A",NA
"194",1984,"VA42A",NA
"195",1984,"VA45A",NA
"196",1985,"0311",0.947360495993665
"197",1985,"0317",-0.380892097715386
"198",1985,"0321",NA
"199",1985,"0322",1.96372343290669
"200",1985,"0430",2.03605677425603
"201",1985,"0434",1.92370763850009
"202",1985,"0438",NA
"203",1985,"0440",1.96583237989982
"204",1985,"0442",1.49254457942874
"205",1985,"0444",0.89297356306557
"206",1985,"0446",1.58959281295289
"207",1985,"0470",2.58460051233014
"208",1985,"0474",1.15077699525789
"209",1985,"0478",1.52747716950377
"210",1985,"0484",0.855719461465821
"211",1985,"0631",0.264447584875323
"212",1985,"A315",0.436151307672104
"213",1985,"A320",1.86397913770871
"214",1985,"A432",0.401745979086201
"215",1985,"A456",1.43449118890418
"216",1985,"A499",1.37702576568409
"217",1985,"A617",NA
"218",1985,"A620",NA
"219",1985,"A630",1.15245049615268
"220",1985,"A680",NA
"221",1985,"A685",NA
"222",1985,"A690",NA
"223",1985,"B484",1.50059112408239
"224",1985,"C320",1.06052397325526
"225",1985,"C370",NA
"226",1985,"D320",2.22875983522331
"227",1985,"G320",1.34384303815978
"228",1985,"KSHZ06",NA
"229",1985,"KTHA03",NA
"230",1985,"N484",0.727110551535042
"231",1985,"VA12A",NA
"232",1985,"VA41A",NA
"233",1985,"VA42A",NA
"234",1985,"VA45A",NA
"235",1986,"0311",-0.0794947950207772
"236",1986,"0317",-0.549602029748365
"237",1986,"0321",NA
"238",1986,"0322",-0.459911308284905
"239",1986,"0430",1.25424006379605
"240",1986,"0434",0.462624761536203
"241",1986,"0438",NA
"242",1986,"0440",1.05061177115247
"243",1986,"0442",1.35004950330213
"244",1986,"0444",0.699924954642303
"245",1986,"0446",0.43459249637855
"246",1986,"0470",0.976742551292415
"247",1986,"0474",0.579887753923697
"248",1986,"0478",0.512437608056319
"249",1986,"0484",-0.81895824355082
"250",1986,"0631",1.02890110754014
"251",1986,"A315",-0.703626975192511
"252",1986,"A320",1.28258890898151
"253",1986,"A432",1.28445545426151
"254",1986,"A456",0.938499062316616
"255",1986,"A499",-0.582587823943262
"256",1986,"A617",NA
"257",1986,"A620",NA
"258",1986,"A630",1.98040326441957
"259",1986,"A680",NA
"260",1986,"A685",NA
"261",1986,"A690",NA
"262",1986,"B484",1.50059112408239
"263",1986,"C320",1.18559332601291
"264",1986,"C370",NA
"265",1986,"D320",0.819396998243866
"266",1986,"G320",-0.0884766223881625
"267",1986,"KSHZ06",NA
"268",1986,"KTHA03",NA
"269",1986,"N484",1.11645578965678
"270",1986,"VA12A",NA
"271",1986,"VA41A",NA
"272",1986,"VA42A",NA
"273",1986,"VA45A",NA
"274",1987,"0311",0.00631092107768987
"275",1987,"0317",-0.340401714027472
"276",1987,"0321",NA
"277",1987,"0322",-0.0559721847529756
"278",1987,"0430",0.602726138412743
"279",1987,"0434",-0.0686781028143019
"280",1987,"0438",NA
"281",1987,"0440",0.745538234903356
"282",1987,"0442",0.067593818162622
"283",1987,"0444",0.622705511272996
"284",1987,"0446",-0.0787409776544873
"285",1987,"0470",0.124577831942418
"286",1987,"0474",-0.0861496942995284
"287",1987,"0478",0.850784128538801
"288",1987,"0484",-0.81895824355082
"289",1987,"0631",-0.117779176457082
"290",1987,"A315",-0.0141314707435461
"291",1987,"A320",0.701198680254313
"292",1987,"A432",-1.06943647953932
"293",1987,"A456",0.662947880879079
"294",1987,"A499",0.0706167059325225
"295",1987,"A617",NA
"296",1987,"A620",NA
"297",1987,"A630",1.61242425630095
"298",1987,"A680",NA
"299",1987,"A685",NA
"300",1987,"A690",NA
"301",1987,"B484",0.717583714007564
"302",1987,"C320",0.685315914982306
"303",1987,"C370",NA
"304",1987,"D320",1.52407841673359
"305",1987,"G320",1.47405391639141
"306",1987,"KSHZ06",NA
"307",1987,"KTHA03",NA
"308",1987,"N484",0.467547059453887
"309",1987,"VA12A",NA
"310",1987,"VA41A",NA
"311",1987,"VA42A",NA
"312",1987,"VA45A",NA
"313",1988,"0311",-0.674684034761168
"314",1988,"0317",0.280450835853892
"315",1988,"0321",NA
"316",1988,"0322",1.96372343290668
"317",1988,"0430",1.12393727871939
"318",1988,"0434",0.196973329360953
"319",1988,"0438",NA
"320",1988,"0440",-1.08490298259133
"321",1988,"0442",-0.929871714723659
"322",1988,"0444",-0.336102577229224
"323",1988,"0446",0.177925759362032
"324",1988,"0470",1.37870704155185
"325",1988,"0474",0.77018416770176
"326",1988,"0478",1.18913064902129
"327",1988,"0484",-0.316554932045832
"328",1988,"0631",-1.83779960245291
"329",1988,"A315",0.991969112278923
"330",1988,"A320",1.47638565189058
"331",1988,"A432",0.695982470811299
"332",1988,"A456",0.773168353454092
"333",1988,"A499",-0.255985559005364
"334",1988,"A617",NA
"335",1988,"A620",NA
"336",1988,"A630",-0.0434812802328194
"337",1988,"A680",3.20301482914479
"338",1988,"A685",NA
"339",1988,"A690",2.22177527205292
"340",1988,"B484",1.32508946320355
"341",1988,"C320",-1.21573824693398
"342",1988,"C370",NA
"343",1988,"D320",0.467056288999005
"344",1988,"G320",-0.218687500619791
"345",1988,"KSHZ06",NA
"346",1988,"KTHA03",NA
"347",1988,"N484",1.11645578965679
"348",1988,"VA12A",NA
"349",1988,"VA41A",NA
"350",1988,"VA42A",NA
"351",1988,"VA45A",NA
"352",1989,"0311",-0.213126647961011
"353",1989,"0317",0.395173589636316
"354",1989,"0321",NA
"355",1989,"0322",-0.661880870050873
"356",1989,"0430",0.0815149981060963
"357",1989,"0434",-0.201503818901925
"358",1989,"0438",NA
"359",1989,"0440",0.287927930529688
"360",1989,"0442",-0.288643872153907
"361",1989,"0444",0.288087923339335
"362",1989,"0446",0.248509112041574
"363",1989,"0470",0.655170959084871
"364",1989,"0474",0.86533237459079
"365",1989,"0478",0.343264347815081
"366",1989,"0484",0.185848379459161
"367",1989,"0631",-0.500005937789487
"368",1989,"A315",0.218045586877023
"369",1989,"A320",1.08879216607245
"370",1989,"A432",-0.113167881432732
"371",1989,"A456",0.343308510411537
"372",1989,"A499",0.0706167059325225
"373",1989,"A617",NA
"374",1989,"A620",NA
"375",1989,"A630",-0.411460288351438
"376",1989,"A680",NA
"377",1989,"A685",NA
"378",1989,"A690",NA
"379",1989,"B484",0.807584565740304
"380",1989,"C320",0.935454620497611
"381",1989,"C370",NA
"382",1989,"D320",0.643226643621439
"383",1989,"G320",-0.348898378851423
"384",1989,"KSHZ06",-1.18924686683013
"385",1989,"KTHA03",-1.2092798161258
"386",1989,"N484",0.856892297575624
"387",1989,"VA12A",NA
"388",1989,"VA41A",NA
"389",1989,"VA42A",NA
"390",1989,"VA45A",NA
"391",1990,"0311",0.947360495993665
"392",1990,"0317",1.4816655519287
"393",1990,"0321",NA
"394",1990,"0322",1.55978430937475
"395",1990,"0430",0.993634493642731
"396",1990,"0434",0.196973329360953
"397",1990,"0438",NA
"398",1990,"0440",0.745538234903356
"399",1990,"0442",0.352583970415849
"400",1990,"0444",1.15680666124403
"401",1990,"0446",0.947925970411593
"402",1990,"0470",-1.11347279805663
"403",1990,"0474",1.15077699525789
"404",1990,"0478",1.18913064902129
"405",1990,"0484",-0.81895824355082
"406",1990,"0631",0.0733342042091242
"407",1990,"A315",0.422079970846615
"408",1990,"A320",0.894995423163382
"409",1990,"A432",0.990218962536406
"410",1990,"A456",0.718058117166585
"411",1990,"A499",0.723821235808307
"412",1990,"A617",NA
"413",1990,"A620",NA
"414",1990,"A630",0.508487231945103
"415",1990,"A680",NA
"416",1990,"A685",NA
"417",1990,"A690",NA
"418",1990,"B484",-0.0294233553741648
"419",1990,"C320",0.935454620497611
"420",1990,"C370",NA
"421",1990,"D320",0.995567352866293
"422",1990,"G320",0.953210403464885
"423",1990,"KSHZ06",0.847037899204819
"424",1990,"KTHA03",0.689008267327483
"425",1990,"N484",0.856892297575624
"426",1990,"VA12A",NA
"427",1990,"VA41A",NA
"428",1990,"VA42A",NA
"429",1990,"VA45A",NA
"430",1991,"0311",0.419866339650629
"431",1991,"0317",1.5154075383353
"432",1991,"0321",NA
"433",1991,"0322",-0.863850431816842
"434",1991,"0430",0.21181778318276
"435",1991,"0434",1.52523049023721
"436",1991,"0438",NA
"437",1991,"0440",-0.932366214466777
"438",1991,"0442",-0.644881562470431
"439",1991,"0444",0.0950393149160687
"440",1991,"0446",-0.420963293676512
"441",1991,"0470",-0.791901205849084
"442",1991,"0474",0.389591340145631
"443",1991,"0478",0.174091087573837
"444",1991,"0484",-0.0653532762933324
"445",1991,"0631",-0.500005937789487
"446",1991,"A315",0.773863391483841
"447",1991,"A320",-1.04297200592728
"448",1991,"A432",0.745021886098818
"449",1991,"A456",0.387396699441542
"450",1991,"A499",-0.582587823943262
"451",1991,"A617",NA
"452",1991,"A620",NA
"453",1991,"A630",-0.135476032262475
"454",1991,"A680",NA
"455",1991,"A685",NA
"456",1991,"A690",NA
"457",1991,"B484",-0.119424207106903
"458",1991,"C320",0.0599691511940522
"459",1991,"C370",NA
"460",1991,"D320",0.467056288999005
"461",1991,"G320",-0.348898378851423
"462",1991,"KSHZ06",-0.00141408664307854
"463",1991,"KTHA03",-0.154675325318417
"464",1991,"N484",0.597328805494464
"465",1991,"VA12A",NA
"466",1991,"VA41A",NA
"467",1991,"VA42A",NA
"468",1991,"VA45A",NA
"469",1992,"0311",-0.951618466841264
"470",1992,"0317",0.503147946137423
"471",1992,"0321",NA
"472",1992,"0322",-0.257941746518937
"473",1992,"0430",0.602726138412743
"474",1992,"0434",-0.932045257383866
"475",1992,"0438",NA
"476",1992,"0440",-0.16968237384399
"477",1992,"0442",-0.502386486343823
"478",1992,"0444",0.0306897787749813
"479",1992,"0446",-0.0787409776544873
"480",1992,"0470",-0.631115409745312
"481",1992,"0474",0.579887753923697
"482",1992,"0478",0.00491782733259311
"483",1992,"0484",0.688251690964155
"484",1992,"0631",-0.117779176457082
"485",1992,"A315",0.35172328671917
"486",1992,"A320",-0.590779605806127
"487",1992,"A432",-0.260286127295285
"488",1992,"A456",0.0842903998602515
"489",1992,"A499",-0.909190088881159
"490",1992,"A617",NA
"491",1992,"A620",NA
"492",1992,"A630",-0.733441920455225
"493",1992,"A680",NA
"494",1992,"A685",NA
"495",1992,"A690",NA
"496",1992,"B484",0.690583458487743
"497",1992,"C320",0.810385267739958
"498",1992,"C370",NA
"499",1992,"D320",0.995567352866293
"500",1992,"G320",-0.609320135314684
"501",1992,"KSHZ06",0.337966707696085
"502",1992,"KTHA03",1.11085006365043
"503",1992,"N484",1.50580102777852
"504",1992,"VA12A",NA
"505",1992,"VA41A",NA
"506",1992,"VA42A",NA
"507",1992,"VA45A",NA
"508",1993,"0311",0.736362833456452
"509",1993,"0317",0.469405959730828
"510",1993,"0321",1.41914918891162
"511",1993,"0322",-0.459911308284905
"512",1993,"0430",-1.87302677804384
"513",1993,"0434",-1.1312838315153
"514",1993,"0438",NA
"515",1993,"0440",0.135391162405129
"516",1993,"0442",0.210088894289236
"517",1993,"0444",-0.805854191059175
"518",1993,"0446",-1.10540792572057
"519",1993,"0470",-1.67622308441983
"520",1993,"0474",-1.03763176318985
"521",1993,"0478",-2.36350781604479
"522",1993,"0484",-1.82376486656081
"523",1993,"0631",0.45556096554153
"524",1993,"A315",-1.40719381646697
"525",1993,"A320",-0.26778503429102
"526",1993,"A432",-1.95214595471463
"527",1993,"A456",0.442506935729049
"528",1993,"A499",-0.909190088881159
"529",1993,"A617",NA
"530",1993,"A620",NA
"531",1993,"A630",-0.595449792410745
"532",1993,"A680",NA
"533",1993,"A685",NA
"534",1993,"A690",NA
"535",1993,"B484",-0.479427614037857
"536",1993,"C320",-1.0656550236248
"537",1993,"C370",0.788457647327323
"538",1993,"D320",0.467056288999005
"539",1993,"G320",0.953210403464885
"540",1993,"KSHZ06",-0.849866072490976
"541",1993,"KTHA03",0.267166471004533
"542",1993,"N484",-1.73874262323598
"543",1993,"VA12A",NA
"544",1993,"VA41A",NA
"545",1993,"VA42A",NA
"546",1993,"VA45A",NA
"547",1994,"0311",0.208868677113416
"548",1994,"0317",0.975535755829764
"549",1994,"0321",1.41914918891162
"550",1994,"0322",-0.459911308284905
"551",1994,"0430",0.733028923489407
"552",1994,"0434",-1.1312838315153
"553",1994,"0438",NA
"554",1994,"0440",-1.38997651884044
"555",1994,"0442",0.210088894289236
"556",1994,"0444",-0.0980092935071979
"557",1994,"0446",0.177925759362032
"558",1994,"0470",-0.22915091948588
"559",1994,"0474",0.00899851258950478
"560",1994,"0478",0.174091087573837
"561",1994,"0484",1.52559054347248
"562",1994,"0631",-0.500005937789487
"563",1994,"A315",-0.914697027574848
"564",1994,"A320",-0.26778503429102
"565",1994,"A432",-1.95214595471463
"566",1994,"A456",0.00162504542898927
"567",1994,"A499",0.723821235808307
"568",1994,"A617",NA
"569",1994,"A620",NA
"570",1994,"A630",-0.595449792410745
"571",1994,"A680",NA
"572",1994,"A685",NA
"573",1994,"A690",NA
"574",1994,"B484",0.510581755022265
"575",1994,"C320",0.185038503951705
"576",1994,"C370",-0.0584042701723956
"577",1994,"D320",0.467056288999005
"578",1994,"G320",-0.348898378851423
"579",1994,"KSHZ06",0.847037899204819
"580",1994,"KTHA03",0.267166471004533
"581",1994,"N484",0.856892297575624
"582",1994,"VA12A",NA
"583",1994,"VA41A",NA
"584",1994,"VA42A",NA
"585",1994,"VA45A",NA
"586",1995,"0311",-0.740620804304047
"587",1995,"0317",1.31295561989572
"588",1995,"0321",0.535987676498811
"589",1995,"0322",-0.459911308284905
"590",1995,"0430",-0.852321628276652
"591",1995,"0434",-0.467155251077175
"592",1995,"0438",NA
"593",1995,"0440",-1.13574857196619
"594",1995,"0442",-0.502386486343823
"595",1995,"0444",-0.720054809537721
"596",1995,"0446",0.113759075107901
"597",1995,"0470",-1.19386569610852
"598",1995,"0474",-0.371594314966621
"599",1995,"0478",-1.51764151483858
"600",1995,"0484",-0.735224358299992
"601",1995,"0631",-0.500005937789487
"602",1995,"A315",-2.35700905218748
"603",1995,"A320",-0.170886662836486
"604",1995,"A432",0.49982480966123
"605",1995,"A456",0.166955754291514
"606",1995,"A499",0.723821235808307
"607",1995,"A617",-0.171770784508703
"608",1995,"A620",NA
"609",1995,"A630",-0.135476032262475
"610",1995,"A680",-1.00956703231548
"611",1995,"A685",NA
"612",1995,"A690",-1.05547518862371
"613",1995,"B484",-0.074423781240533
"614",1995,"C320",0.185038503951705
"615",1995,"C370",0.788457647327323
"616",1995,"D320",0.467056288999005
"617",1995,"G320",-1.65100716116773
"618",1995,"KSHZ06",0.847037899204819
"619",1995,"KTHA03",0.267166471004533
"620",1995,"N484",0.856892297575624
"621",1995,"VA12A",NA
"622",1995,"VA41A",NA
"623",1995,"VA42A",NA
"624",1995,"VA45A",NA
"625",1996,"0311",-0.107627816692406
"626",1996,"0317",0.570631918950616
"627",1996,"0321",0.712619978981375
"628",1996,"0322",-0.510403698726394
"629",1996,"0430",0.0815149981060963
"630",1996,"0434",-0.135090960858111
"631",1996,"0438",NA
"632",1996,"0440",-0.322219141968539
"633",1996,"0442",-0.2173963340906
"634",1996,"0444",-1.06325233562353
"635",1996,"0446",-0.335407714671006
"636",1996,"0470",-0.711508307797199
"637",1996,"0474",-0.371594314966621
"638",1996,"0478",-0.164255432908645
"639",1996,"0484",-1.15389378455415
"640",1996,"0631",-0.882232699121893
"641",1996,"A315",-2.11076065774142
"642",1996,"A320",-0.558480148654617
"643",1996,"A432",-0.186727004364009
"644",1996,"A456",0.166955754291512
"645",1996,"A499",-0.255985559005364
"646",1996,"A617",-0.388744407046008
"647",1996,"A620",0.0983301497689538
"648",1996,"A630",0.769139029362458
"649",1996,"A680",0.0962357063178417
"650",1996,"A685",-0.0490717879394419
"651",1996,"A690",-0.448576955165078
"652",1996,"B484",-0.299425910572379
"653",1996,"C320",0.185038503951705
"654",1996,"C370",0.110968113327547
"655",1996,"D320",-1.64698796647016
"656",1996,"G320",-0.869741891777944
"657",1996,"KSHZ06",-0.22766794953585
"658",1996,"KTHA03",0.478087369166011
"659",1996,"N484",-0.440925162830178
"660",1996,"VA12A",NA
"661",1996,"VA41A",NA
"662",1996,"VA42A",NA
"663",1996,"VA45A",NA
"664",1997,"0311",2.84633945882859
"665",1997,"0317",-0.846531510126409
"666",1997,"0321",1.77241379387675
"667",1997,"0322",1.6944306838854
"668",1997,"0430",2.64413643794712
"669",1997,"0434",2.49928574154646
"670",1997,"0438",0.257421027516094
"671",1997,"0440",1.76245002240041
"672",1997,"0442",2.2050199600618
"673",1997,"0444",0.867233748609133
"674",1997,"0446",2.74459312952723
"675",1997,"0470",1.70027863375939
"676",1997,"0474",1.62651802970305
"677",1997,"0478",0.935370758659429
"678",1997,"0484",1.44185665822164
"679",1997,"0631",0.0733342042091174
"680",1997,"A315",-1.68862055297675
"681",1997,"A320",1.57328402334511
"682",1997,"A432",3.04987440461213
"683",1997,"A456",1.65493213405421
"684",1997,"A499",2.35683256049777
"685",1997,"A617",1.40128797888677
"686",1997,"A620",1.95717407690802
"687",1997,"A630",2.34838227253819
"688",1997,"A680",1.93924027070671
"689",1997,"A685",1.35201236426263
"690",1997,"A690",1.12935845182738
"691",1997,"B484",0.87058516195322
"692",1997,"C320",1.68587073704351
"693",1997,"C370",1.12720241432721
"694",1997,"D320",0.995567352866293
"695",1997,"G320",1.8646865510863
"696",1997,"KSHZ06",2.79847746665498
"697",1997,"KTHA03",3.43097994342667
"698",1997,"N484",1.18134666267707
"699",1997,"VA12A",NA
"700",1997,"VA41A",NA
"701",1997,"VA42A",NA
"702",1997,"VA45A",NA
"703",1998,"0311",-0.31862547922962
"704",1998,"0317",0.570631918950616
"705",1998,"0321",0.0944069202924063
"706",1998,"0322",0.751906062310891
"707",1998,"0430",-0.491817256231214
"708",1998,"0434",0.32979904544858
"709",1998,"0438",-1.16626201463894
"710",1998,"0440",-0.245950757906265
"711",1998,"0442",-1.21486186697688
"712",1998,"0444",0.995932820891312
"713",1998,"0446",0.177925759362032
"714",1998,"0470",0.172813570773552
"715",1998,"0474",1.53136982281402
"716",1998,"0478",0.131797772513529
"717",1998,"0484",1.52559054347248
"718",1998,"0631",-0.117779176457082
"719",1998,"A315",-0.258034642385357
"720",1998,"A320",1.67018239479965
"721",1998,"A432",0.205588317936133
"722",1998,"A456",0.208288431507144
"723",1998,"A499",-0.201551848182385
"724",1998,"A617",0.479150083103218
"725",1998,"A620",-0.0255927787069857
"726",1998,"A630",-0.0434812802328194
"727",1998,"A680",-1.16753885212024
"728",1998,"A685",-0.827451872496148
"729",1998,"A690",-0.782370983567328
"730",1998,"B484",0.150578348091313
"731",1998,"C320",0.685315914982306
"732",1998,"C370",0.365026688577464
"733",1998,"D320",-0.942306547980443
"734",1998,"G320",-0.218687500619791
"735",1998,"KSHZ06",0.451093639142465
"736",1998,"KTHA03",0.267166471004533
"737",1998,"N484",-0.181361670749019
"738",1998,"VA12A",NA
"739",1998,"VA41A",NA
"740",1998,"VA42A",NA
"741",1998,"VA45A",NA
"742",1999,"0311",0.314367508382024
"743",1999,"0317",1.00927774223636
"744",1999,"0321",0.535987676498811
"745",1999,"0322",1.76175387114072
"746",1999,"0430",1.05878588618106
"747",1999,"0434",0.861101909799081
"748",1999,"0438",0.147906947350324
"749",1999,"0440",0.516733082716522
"750",1999,"0442",0.495079046542463
"751",1999,"0444",1.18898142931458
"752",1999,"0446",1.97459291847767
"753",1999,"0470",0.253206468825439
"754",1999,"0474",1.05562878836885
"755",1999,"0478",0.850784128538801
"756",1999,"0484",1.52559054347248
"757",1999,"0631",1.41112786887255
"758",1999,"A315",0.984933443866178
"759",1999,"A320",1.96087750916324
"760",1999,"A432",0.548864224948755
"761",1999,"A456",0.387396699441542
"762",1999,"A499",-0.582587823943262
"763",1999,"A617",1.92564090001859
"764",1999,"A620",0.841867720624578
"765",1999,"A630",-0.899032474108603
"766",1999,"A680",0.675465712268629
"767",1999,"A685",0.651470288161597
"768",1999,"A690",0.765219511752193
"769",1999,"B484",0.150578348091313
"770",1999,"C320",1.06052397325526
"771",1999,"C370",0.61908526382738
"772",1999,"D320",-0.237625129490715
"773",1999,"G320",1.73447567285467
"774",1999,"KSHZ06",1.43246976943987
"775",1999,"KTHA03",0.478087369166011
"776",1999,"N484",0.597328805494464
"777",1999,"VA12A",NA
"778",1999,"VA41A",NA
"779",1999,"VA42A",NA
"780",1999,"VA45A",NA
"781",2000,"0311",-1.16261612937848
"782",2000,"0317",-0.239175754807684
"783",2000,"0321",-0.347173835913998
"784",2000,"0322",-0.459911308284905
"785",2000,"0430",0.21181778318276
"786",2000,"0434",1.65805620632484
"787",2000,"0438",-1.82334649563357
"788",2000,"0440",-0.627292678217658
"789",2000,"0442",-0.0749012579639867
"790",2000,"0444",0.0886043613019588
"791",2000,"0446",1.46125944444463
"792",2000,"0470",0.655170959084871
"793",2000,"0474",1.62651802970305
"794",2000,"0478",-0.164255432908645
"795",2000,"0484",-0.149087161544166
"796",2000,"0631",0.646674346207736
"797",2000,"A315",-0.0141314707435461
"798",2000,"A320",-0.849175263018214
"799",2000,"A432",0.892140131961372
"800",2000,"A456",0.607837644591571
"801",2000,"A499",-0.582587823943262
"802",2000,"A617",0.262176460565909
"803",2000,"A620",0.594021863672703
"804",2000,"A630",-0.880633523702675
"805",2000,"A680",-0.430337026364692
"806",2000,"A685",0.651470288161597
"807",2000,"A690",-0.691336248548531
"808",2000,"B484",0.209078901717593
"809",2000,"C320",-0.0651002015635959
"810",2000,"C370",1.29657479782716
"811",2000,"D320",0.114715579754145
"812",2000,"G320",0.953210403464885
"813",2000,"KSHZ06",1.0167282963744
"814",2000,"KTHA03",-0.154675325318417
"815",2000,"N484",0.337765313413305
"816",2000,"VA12A",NA
"817",2000,"VA41A",NA
"818",2000,"VA42A",NA
"819",2000,"VA45A",NA
"820",2001,"0311",0.314367508382024
"821",2001,"0317",1.58289151114849
"822",2001,"0321",0.712619978981375
"823",2001,"0322",0.549936500544922
"824",2001,"0430",-1.22151285266053
"825",2001,"0434",-0.0686781028143019
"826",2001,"0438",-1.38529017497048
"827",2001,"0440",2.19463753208665
"828",2001,"0442",0.352583970415849
"829",2001,"0444",0.32026269140988
"830",2001,"0446",1.20459270742811
"831",2001,"0470",0.172813570773552
"832",2001,"0474",1.15077699525789
"833",2001,"0478",1.18913064902129
"834",2001,"0484",-0.149087161544166
"835",2001,"0631",1.02890110754014
"836",2001,"A315",0.949755101802456
"837",2001,"A320",-0.558480148654617
"838",2001,"A432",-0.480963496089111
"839",2001,"A456",0.359841581297788
"840",2001,"A499",0.723821235808307
"841",2001,"A617",0.479150083103218
"842",2001,"A620",-0.552265224729718
"843",2001,"A630",-0.50345504038109
"844",2001,"A680",0.201550252854346
"845",2001,"A685",0.651470288161597
"846",2001,"A690",1.03832371680858
"847",2001,"B484",0.510581755022265
"848",2001,"C320",0.560246562224658
"849",2001,"C370",1.29657479782716
"850",2001,"D320",1.17173770748873
"851",2001,"G320",-0.869741891777944
"852",2001,"KSHZ06",0.847037899204819
"853",2001,"KTHA03",0.689008267327483
"854",2001,"N484",0.597328805494464
"855",2001,"VA12A",NA
"856",2001,"VA41A",NA
"857",2001,"VA42A",NA
"858",2001,"VA45A",NA
"859",2002,"0311",-3.48359041728783
"860",2002,"0317",0.233212054884658
"861",2002,"0321",0.535987676498811
"862",2002,"0322",1.2568299667258
"863",2002,"0430",-0.504847534738883
"864",2002,"0434",0.0641476132733255
"865",2002,"0438",0.585963268013411
"866",2002,"0440",0.440464698654242
"867",2002,"0442",-0.644881562470436
"868",2002,"0444",0.738534676326956
"869",2002,"0446",-0.0787409776544873
"870",2002,"0470",-0.389936715589652
"871",2002,"0474",0.67503596081273
"872",2002,"0478",-1.09470836423547
"873",2002,"0484",0.185848379459161
"874",2002,"0631",0.837787726873935
"875",2002,"A315",1.68850028514063
"876",2002,"A320",0.830396508860356
"877",2002,"A432",-0.186727004364009
"878",2002,"A456",-0.604587553733593
"879",2002,"A499",-0.582587823943262
"880",2002,"A617",0.0994462436629304
"881",2002,"A620",-0.33540009989683
"882",2002,"A630",-1.51539731270729
"883",2002,"A680",0.0435784330495877
"884",2002,"A685",2.05255444036367
"885",2002,"A690",-0.509266778510938
"886",2002,"B484",0.510581755022265
"887",2002,"C320",-0.00256552518476965
"888",2002,"C370",1.21188860607718
"889",2002,"D320",-0.766136193358009
"890",2002,"G320",0.432366890538363
"891",2002,"KSHZ06",0.677347502035237
"892",2002,"KTHA03",-1.2092798161258
"893",2002,"N484",-0.311143416789596
"894",2002,"VA12A",NA
"895",2002,"VA41A",NA
"896",2002,"VA42A",NA
"897",2002,"VA45A",NA
"898",2003,"0311",-1.16261612937848
"899",2003,"0317",0.435663973324233
"900",2003,"0321",-0.523806138396562
"901",2003,"0322",0.953875624076859
"902",2003,"0430",-0.113939179508895
"903",2003,"0434",-0.467155251077175
"904",2003,"0438",-0.290149373312762
"905",2003,"0440",2.65224783646032
"906",2003,"0442",2.63250518844163
"907",2003,"0444",1.36058019235748
"908",2003,"0446",0.177925759362032
"909",2003,"0470",-0.389936715589652
"910",2003,"0474",2.19740727103724
"911",2003,"0478",0.343264347815081
"912",2003,"0484",0.520783920462488
"913",2003,"0631",0.646674346207736
"914",2003,"A315",1.5360608028645
"915",2003,"A320",0.588150580224023
"916",2003,"A432",0.107509487361094
"917",2003,"A456",0.00162504542898927
"918",2003,"A499",-0.419286691474313
"919",2003,"A617",2.10645225213302
"920",2003,"A620",0.594021863672703
"921",2003,"A630",-0.319465536321782
"922",2003,"A680",0.886094805341638
"923",2003,"A685",1.11849833889562
"924",2003,"A690",0.0369416316018343
"925",2003,"B484",-0.0294233553741648
"926",2003,"C320",1.56080138428586
"927",2003,"C370",-0.227776653672339
"928",2003,"D320",1.17173770748873
"929",2003,"G320",1.73447567285467
"930",2003,"KSHZ06",0.677347502035237
"931",2003,"KTHA03",0.267166471004533
"932",2003,"N484",1.37601928173794
"933",2003,"VA12A",NA
"934",2003,"VA41A",NA
"935",2003,"VA42A",NA
"936",2003,"VA45A",NA
"937",2004,"0311",-0.951618466841264
"938",2004,"0317",-1.21769336059896
"939",2004,"0321",0.182723071533688
"940",2004,"0322",-1.87369824064667
"941",2004,"0430",-1.74272399296717
"942",2004,"0434",-0.599980967164802
"943",2004,"0438",-1.3305331348876
"944",2004,"0440",-0.779829446342217
"945",2004,"0442",-1.64234709535671
"946",2004,"0444",-0.677155118776995
"947",2004,"0446",-1.10540792572057
"948",2004,"0470",-0.711508307797199
"949",2004,"0474",0.104146719478538
"950",2004,"0478",-0.333428693149883
"951",2004,"0484",1.19065500246915
"952",2004,"0631",-1.64668622178671
"953",2004,"A315",-0.234582414342876
"954",2004,"A320",-2.01195572047262
"955",2004,"A432",-0.480963496089111
"956",2004,"A456",-1.10057968032116
"957",2004,"A499",-0.909190088881159
"958",2004,"A617",-0.605718029583314
"959",2004,"A620",-2.13228256279793
"960",2004,"A630",-0.963428800529361
"961",2004,"A680",-1.00956703231548
"962",2004,"A685",-1.68366996550853
"963",2004,"A690",-1.78375306877407
"964",2004,"B484",-0.749430169236072
"965",2004,"C320",-1.0656550236248
"966",2004,"C370",-1.07463857117206
"967",2004,"D320",-1.2946472572253
"968",2004,"G320",0.692788647001624
"969",2004,"KSHZ06",-0.255949682397445
"970",2004,"KTHA03",-0.154675325318417
"971",2004,"N484",0.856892297575624
"972",2004,"VA12A",NA
"973",2004,"VA41A",NA
"974",2004,"VA42A",NA
"975",2004,"VA45A",NA
"976",2005,"0311",-1.05711729810987
"977",2005,"0317",-2.46614685764301
"978",2005,"0321",0.624303827740087
"979",2005,"0322",0.145997377012993
"980",2005,"0430",-2.13363234819716
"981",2005,"0434",-1.79541241195343
"982",2005,"0438",-2.53518801671109
"983",2005,"0440",-1.23743975071589
"984",2005,"0442",-1.07236679085027
"985",2005,"0444",-0.226708365789373
"986",2005,"0446",-1.23374129422883
"987",2005,"0470",-1.11347279805663
"988",2005,"0474",-0.181297901188562
"989",2005,"0478",-0.840948473873615
"990",2005,"0484",-0.986426014052486
"991",2005,"0631",-2.41113974445152
"992",2005,"A315",-6.01339180572705e-05
"993",2005,"A320",-0.655378520109152
"994",2005,"A432",-1.36367297126442
"995",2005,"A456",-2.53344582379635
"996",2005,"A499",-2.05229801616379
"997",2005,"A617",-0.388744407046012
"998",2005,"A620",-1.26482206346636
"999",2005,"A630",-1.51539731270729
"1000",2005,"A680",-1.22019612538849
"1001",2005,"A685",-1.2166419147745
"1002",2005,"A690",-2.32996147888685
"1003",2005,"B484",-1.33443570549887
"1004",2005,"C320",-0.565377612594201
"1005",2005,"C370",-0.397149037172282
"1006",2005,"D320",-0.766136193358009
"1007",2005,"G320",0.367261451422547
"1008",2005,"KSHZ06",-1.52862766116929
"1009",2005,"KTHA03",-0.787438019802846
"1010",2005,"N484",-1.86852436927656
"1011",2005,"VA12A",NA
"1012",2005,"VA41A",NA
"1013",2005,"VA42A",NA
"1014",2005,"VA45A",NA
"1015",2006,"0311",-0.740620804304047
"1016",2006,"0317",-0.306659727620876
"1017",2006,"0321",-1.23033534832681
"1018",2006,"0322",-0.762865650933858
"1019",2006,"0430",-0.0487877869705678
"1020",2006,"0434",1.12675334197433
"1021",2006,"0438",-0.947233854307396
"1022",2006,"0440",-0.322219141968539
"1023",2006,"0442",1.06505935104891
"1024",2006,"0444",1.31768050159676
"1025",2006,"0446",-0.142907661908618
"1026",2006,"0470",-0.309543817537767
"1027",2006,"0474",-0.720471073559738
"1028",2006,"0478",0.00491782733259311
"1029",2006,"0484",0.688251690964155
"1030",2006,"0631",0.0733342042091174
"1031",2006,"A315",0.35172328671917
"1032",2006,"A320",0.410503565890715
"1033",2006,"A432",1.28445545426151
"1034",2006,"A456",-1.70679227948374
"1035",2006,"A499",-1.45352719711099
"1036",2006,"A617",0.207933054931585
"1037",2006,"A620",0.470098935196764
"1038",2006,"A630",0.508487231945107
"1039",2006,"A680",-0.482994299632946
"1040",2006,"A685",-1.099884902091
"1041",2006,"A690",0.0369416316018343
"1042",2006,"B484",-0.929431872701549
"1043",2006,"C320",-1.81607114017071
"1044",2006,"C370",-1.75212810517183
"1045",2006,"D320",-1.2946472572253
"1046",2006,"G320",-1.13016364824121
"1047",2006,"KSHZ06",0.168276310526503
"1048",2006,"KTHA03",-0.154675325318417
"1049",2006,"N484",0.597328805494464
"1050",2006,"VA12A",NA
"1051",2006,"VA41A",NA
"1052",2006,"VA42A",NA
"1053",2006,"VA45A",NA
"1054",2007,"0311",0.314367508382024
"1055",2007,"0317",-1.55511322466492
"1056",2007,"0321",-2.29012916322218
"1057",2007,"0322",-0.661880870050873
"1058",2007,"0430",-1.02605867504553
"1059",2007,"0434",-0.998458115427675
"1060",2007,"0438",-0.399663453478536
"1061",2007,"0440",-0.398487526030824
"1062",2007,"0442",-0.644881562470436
"1063",2007,"0444",0.0306897787749813
"1064",2007,"0446",-1.42624134699122
"1065",2007,"0470",-1.26085977781842
"1066",2007,"0474",-1.32307638385694
"1067",2007,"0478",-0.671775213632371
"1068",2007,"0484",0.0183806089575008
"1069",2007,"0631",-1.64668622178671
"1070",2007,"A315",-0.949875369638571
"1071",2007,"A320",-1.04297200592728
"1072",2007,"A432",-0.554522619020383
"1073",2007,"A456",-1.37613086175869
"1074",2007,"A499",0.0706167059325225
"1075",2007,"A617",-0.858853922543506
"1076",2007,"A620",-1.26482206346636
"1077",2007,"A630",-1.83737894481108
"1078",2007,"A680",-1.06222430558373
"1079",2007,"A685",-0.827451872496156
"1080",2007,"A690",-0.691336248548531
"1081",2007,"B484",-1.1544340020334
"1082",2007,"C320",-0.815516318109502
"1083",2007,"C370",-0.651207612422198
"1084",2007,"D320",-1.2946472572253
"1085",2007,"G320",-0.999952770009577
"1086",2007,"KSHZ06",1.10157349495919
"1087",2007,"KTHA03",0.689008267327483
"1088",2007,"N484",-0.440925162830178
"1089",2007,"VA12A",0.478784077461371
"1090",2007,"VA41A",0.665246714752774
"1091",2007,"VA42A",0.152856427861637
"1092",2007,"VA45A",0.872687223799961
"1093",2008,"0311",0.525365170919234
"1094",2008,"0317",-1.58885521107152
"1095",2008,"0321",0.359355374016246
"1096",2008,"0322",0.145997377012993
"1097",2008,"0430",0.863331708566071
"1098",2008,"0434",0.993927625886708
"1099",2008,"0438",0.293925720904686
"1100",2008,"0440",0.97434338709019
"1101",2008,"0442",0.352583970415849
"1102",2008,"0444",1.0602823570324
"1103",2008,"0446",0.0495923908537699
"1104",2008,"0470",0.896349653240527
"1105",2008,"0474",-0.8949094528563
"1106",2008,"0478",0.850784128538801
"1107",2008,"0484",-0.484022702547493
"1108",2008,"0631",0.646674346207736
"1109",2008,"A315",-0.211130186300394
"1110",2008,"A320",-0.655378520109152
"1111",2008,"A432",1.13733720839896
"1112",2008,"A456",-1.54146157062122
"1113",2008,"A499",0.560520103339358
"1114",2008,"A617",0.0994462436629304
"1115",2008,"A620",-0.45932302837277
"1116",2008,"A630",-0.319465536321782
"1117",2008,"A680",0.0435784330495877
"1118",2008,"A685",-0.282585813306458
"1119",2008,"A690",0.219011101639427
"1120",2008,"B484",-0.884431446835179
"1121",2008,"C320",-0.252704230700075
"1122",2008,"C370",-1.07463857117206
"1123",2008,"D320",0.290885934376572
"1124",2008,"G320",1.21363215992815
"1125",2008,"KSHZ06",1.18641869354398
"1126",2008,"KTHA03",0.267166471004533
"1127",2008,"N484",-0.0515799247084413
"1128",2008,"VA12A",-0.0177327436096869
"1129",2008,"VA41A",-0.665246714752774
"1130",2008,"VA42A",0.37519305020584
"1131",2008,"VA45A",0.325481065554056
"1132",2009,"0311",NA
"1133",2009,"0317",-1.01524144215939
"1134",2009,"0321",NA
"1135",2009,"0322",0.549936500544922
"1136",2009,"0430",-1.35181563773719
"1137",2009,"0434",-0.73280668325243
"1138",2009,"0438",-0.290149373312766
"1139",2009,"0440",0.440464698654242
"1140",2009,"0442",NA
"1141",2009,"0444",NA
"1142",2009,"0446",-2.2604082422949
"1143",2009,"0470",-0.349740266563711
"1144",2009,"0474",-1.32307638385694
"1145",2009,"0478",-1.94057466544168
"1146",2009,"0484",-1.15389378455415
"1147",2009,"0631",-2.02891298311912
"1148",2009,"A315",NA
"1149",2009,"A320",0.894995423163382
"1150",2009,"A432",NA
"1151",2009,"A456",NA
"1152",2009,"A499",NA
"1153",2009,"A617",NA
"1154",2009,"A620",NA
"1155",2009,"A630",NA
"1156",2009,"A680",-0.482994299632946
"1157",2009,"A685",NA
"1158",2009,"A690",NA
"1159",2009,"B484",NA
"1160",2009,"C320",NA
"1161",2009,"C370",NA
"1162",2009,"D320",-0.0614547748682821
"1163",2009,"G320",NA
"1164",2009,"KSHZ06",-0.510485278151818
"1165",2009,"KTHA03",NA
"1166",2009,"N484",NA
"1167",2009,"VA12A",-1.50728320682283
"1168",2009,"VA41A",-1.66311678688194
"1169",2009,"VA42A",-1.62583655089196
"1170",2009,"VA45A",-1.6146134954996
"1171",2010,"0311",NA
"1172",2010,"0317",-0.0704658227747053
"1173",2010,"0321",NA
"1174",2010,"0322",0.0450125961300086
"1175",2010,"0430",0.342120568259424
"1176",2010,"0434",1.12675334197434
"1177",2010,"0438",0.640720308096298
"1178",2010,"0440",-0.627292678217658
"1179",2010,"0442",NA
"1180",2010,"0444",NA
"1181",2010,"0446",0.43459249637855
"1182",2010,"0470",0.0120277746697795
"1183",2010,"0474",-0.752187142522751
"1184",2010,"0478",1.01995738878005
"1185",2010,"0484",0.0183806089575008
"1186",2010,"0631",-0.78667600878879
"1187",2010,"A315",NA
"1188",2010,"A320",0.0229100800725769
"1189",2010,"A432",NA
"1190",2010,"A456",NA
"1191",2010,"A499",NA
"1192",2010,"A617",NA
"1193",2010,"A620",NA
"1194",2010,"A630",NA
"1195",2010,"A680",0.0435784330495877
"1196",2010,"A685",NA
"1197",2010,"A690",NA
"1198",2010,"B484",NA
"1199",2010,"C320",NA
"1200",2010,"C370",NA
"1201",2010,"D320",0.378971111687789
"1202",2010,"G320",NA
"1203",2010,"KSHZ06",0.168276310526503
"1204",2010,"KTHA03",NA
"1205",2010,"N484",NA
"1206",2010,"VA12A",-0.0177327436096869
"1207",2010,"VA41A",0
"1208",2010,"VA42A",0.597529672550039
"1209",2010,"VA45A",0.574211137484013
"1210",2011,"0311",NA
"1211",2011,"0317",0.36818000051104
"1212",2011,"0321",NA
"1213",2011,"0322",0.549936500544922
"1214",2011,"0430",-0.179090572047232
"1215",2011,"0434",-0.267916676945738
"1216",2011,"0438",0.476449187847637
"1217",2011,"0440",0.0591227783428491
"1218",2011,"0442",NA
"1219",2011,"0444",NA
"1220",2011,"0446",-0.720407820195787
"1221",2011,"0470",0.333599366877326
"1222",2011,"0474",-1.32307638385694
"1223",2011,"0478",-0.587188583511749
"1224",2011,"0484",0.353316149960828
"1225",2011,"0631",-0.500005937789487
"1226",2011,"A315",NA
"1227",2011,"A320",0.0229100800725769
"1228",2011,"A432",NA
"1229",2011,"A456",NA
"1230",2011,"A499",NA
"1231",2011,"A617",NA
"1232",2011,"A620",NA
"1233",2011,"A630",NA
"1234",2011,"A680",0.938752078609896
"1235",2011,"A685",NA
"1236",2011,"A690",NA
"1237",2011,"B484",NA
"1238",2011,"C320",NA
"1239",2011,"C370",NA
"1240",2011,"D320",-1.03039172529166
"1241",2011,"G320",NA
"1242",2011,"KSHZ06",-0.340794880982236
"1243",2011,"KTHA03",NA
"1244",2011,"N484",NA
"1245",2011,"VA12A",0.97530089853242
"1246",2011,"VA41A",1.66311678688194
"1247",2011,"VA42A",1.82038109544314
"1248",2011,"VA45A",1.37014736765987
"1249",2012,"0311",NA
"1250",2012,"0317",0.165728082071465
"1251",2012,"0321",NA
"1252",2012,"0322",-0.459911308284905
"1253",2012,"0430",0.602726138412743
"1254",2012,"0434",0.462624761536208
"1255",2012,"0438",0.585963268013411
"1256",2012,"0440",0.135391162405129
"1257",2012,"0442",NA
"1258",2012,"0444",NA
"1259",2012,"0446",-0.335407714671006
"1260",2012,"0470",0.0120277746697795
"1261",2012,"0474",-0.0861496942995284
"1262",2012,"0478",-1.51764151483858
"1263",2012,"0484",-0.149087161544166
"1264",2012,"0631",-0.691119318455693
"1265",2012,"A315",NA
"1266",2012,"A320",-0.0739882913819509
"1267",2012,"A432",NA
"1268",2012,"A456",NA
"1269",2012,"A499",NA
"1270",2012,"A617",NA
"1271",2012,"A620",NA
"1272",2012,"A630",NA
"1273",2012,"A680",-0.904252485778971
"1274",2012,"A685",NA
"1275",2012,"A690",NA
"1276",2012,"B484",NA
"1277",2012,"C320",NA
"1278",2012,"C370",NA
"1279",2012,"D320",0.114715579754145
"1280",2012,"G320",NA
"1281",2012,"KSHZ06",-0.340794880982236
"1282",2012,"KTHA03",NA
"1283",2012,"N484",NA
"1284",2012,"VA12A",-0.0177327436096869
"1285",2012,"VA41A",0.332623357376387
"1286",2012,"VA42A",1.04220291723844
"1287",2012,"VA45A",-0.0724870495338722
"1288",2013,"0311",NA
"1289",2013,"0317",-1.25143534700556
"1290",2013,"0321",-0.877070743361685
"1291",2013,"0322",-1.26778955534876
"1292",2013,"0430",-1.09121006758386
"1293",2013,"0434",-0.732806683252425
"1294",2013,"0438",-0.180635293146997
"1295",2013,"0440",-1.542513286965
"1296",2013,"0442",-2.35482247598977
"1297",2013,"0444",-2.02849537773986
"1298",2013,"0446",-1.49040803124535
"1299",2013,"0470",-1.67622308441983
"1300",2013,"0474",-2.08426203896919
"1301",2013,"0478",-1.68681477507982
"1302",2013,"0484",-3.49844257157745
"1303",2013,"0631",-1.4555728411205
"1304",2013,"A315",-0.562913606937621
"1305",2013,"A320",-1.62436223465448
"1306",2013,"A432",-1.80502770885207
"1307",2013,"A456",-2.09256393349629
"1308",2013,"A499",NA
"1309",2013,"A617",-2.77545425495638
"1310",2013,"A620",-1.76051377737011
"1311",2013,"A630",-0.779439296470053
"1312",2013,"A680",-0.904252485778971
"1313",2013,"A685",-1.2166419147745
"1314",2013,"A690",NA
"1315",2013,"B484",-1.69443911242983
"1316",2013,"C320",-1.94114049292836
"1317",2013,"C370",-2.09087287217172
"1318",2013,"D320",-1.11847690260287
"1319",2013,"G320",-2.56248330878915
"1320",2013,"KSHZ06",-1.69831805833887
"1321",2013,"KTHA03",-1.63112161244875
"1322",2013,"N484",-3.16634182968236
"1323",2013,"VA12A",NA
"1324",2013,"VA41A",NA
"1325",2013,"VA42A",-2.07050979558036
"1326",2013,"VA45A",NA
"1327",2014,"0311",NA
"1328",2014,"0317",-0.779047537313217
"1329",2014,"0321",-1.58359995329194
"1330",2014,"0322",-1.6717286788807
"1331",2014,"0430",-0.700301712353879
"1332",2014,"0434",-0.0686781028142972
"1333",2014,"0438",-0.180635293146997
"1334",2014,"0440",-1.69505005508956
"1335",2014,"0442",-0.502386486343823
"1336",2014,"0444",-2.47894213072748
"1337",2014,"0446",-1.10540792572057
"1338",2014,"0470",0.0120277746697766
"1339",2014,"0474",-1.13277997007888
"1340",2014,"0478",-0.840948473873615
"1341",2014,"0484",-0.651490473049153
"1342",2014,"0631",0.45556096554153
"1343",2014,"A315",0.140653234336833
"1344",2014,"A320",-2.01195572047262
"1345",2014,"A432",-0.480963496089111
"1346",2014,"A456",-1.26591038918368
"1347",2014,"A499",NA
"1348",2014,"A617",-0.063283973240048
"1349",2014,"A620",-0.27343863565886
"1350",2014,"A630",-0.0434812802328194
"1351",2014,"A680",-0.693623392705958
"1352",2014,"A685",-0.983127889407497
"1353",2014,"A690",NA
"1354",2014,"B484",-1.42443655723161
"1355",2014,"C320",-0.815516318109502
"1356",2014,"C370",-0.905266187672114
"1357",2014,"D320",-1.64698796647016
"1358",2014,"G320",-0.739531013546312
"1359",2014,"KSHZ06",-1.86800845550846
"1360",2014,"KTHA03",-2.26388430693317
"1361",2014,"N484",-1.47917913115482
"1362",2014,"VA12A",NA
"1363",2014,"VA41A",NA
"1364",2014,"VA42A",-0.847658372687262
"1365",2014,"VA45A",NA
"1366",2015,"0311",-0.846119635572656
"1367",2015,"0317",0.233212054884658
"1368",2015,"0321",-0.347173835913998
"1369",2015,"0322",-0.863850431816835
"1370",2015,"0430",-0.700301712353879
"1371",2015,"0434",-2.32671527630393
"1372",2015,"0438",1.13353366884227
"1373",2015,"0440",-0.0171456057194307
"1374",2015,"0442",-1.64234709535671
"1375",2015,"0444",-0.805854191059172
"1376",2015,"0446",-1.49040803124534
"1377",2015,"0470",-0.631115409745312
"1378",2015,"0474",-1.22792817696791
"1379",2015,"0478",0.343264347815081
"1380",2015,"0484",-0.81895824355082
"1381",2015,"0631",1.60224124953875
"1382",2015,"A315",0.562793339101505
"1383",2015,"A320",-1.04297200592728
"1384",2015,"A432",0.107509487361094
"1385",2015,"A456",-1.32102062547119
"1386",2015,"A499",-1.23579235381906
"1387",2015,"A617",-0.714204840851969
"1388",2015,"A620",0.0983301497689538
"1389",2015,"A630",-0.50345504038109
"1390",2015,"A680",0.359522072659108
"1391",2015,"A685",-0.0490717879394502
"1392",2015,"A690",-0.327197308473352
"1393",2015,"B484",-1.01943272443429
"1394",2015,"C320",-0.94058567086715
"1395",2015,"C370",-0.735893804172171
"1396",2015,"D320",-1.47081761184774
"1397",2015,"G320",-1.13016364824121
"1398",2015,"KSHZ06",-1.52862766116929
"1399",2015,"KTHA03",-1.42020071428727
"1400",2015,"N484",-1.34939738511424
"1401",2015,"VA12A",-1.75554161735836
"1402",2015,"VA41A",-1.49680510819375
"1403",2015,"VA42A",-0.625321750343062
"1404",2015,"VA45A",-0.022741035147882
"1405",2016,"0311",-0.529623141766834
"1406",2016,"0317",0.233212054884658
"1407",2016,"0321",-0.70043844087912
"1408",2016,"0322",-0.661880870050873
"1409",2016,"0430",-0.0487877869705678
"1410",2016,"0434",-1.1312838315153
"1411",2016,"0438",0.257421027516098
"1412",2016,"0440",-0.779829446342217
"1413",2016,"0442",-0.0749012579639917
"1414",2016,"0444",-0.934553263341349
"1415",2016,"0446",-0.335407714671006
"1416",2016,"0470",-0.550722511693424
"1417",2016,"0474",-0.752187142522747
"1418",2016,"0478",-0.164255432908645
"1419",2016,"0484",0.185848379459161
"1420",2016,"0631",-0.500005937789487
"1421",2016,"A315",0.35172328671917
"1422",2016,"A320",-1.04297200592728
"1423",2016,"A432",-0.333845250226557
"1424",2016,"A456",-0.825028498883621
"1425",2016,"A499",-1.23579235381906
"1426",2016,"A617",-0.822691652120624
"1427",2016,"A620",-0.0255927787069857
"1428",2016,"A630",-1.51539731270729
"1429",2016,"A680",-0.693623392705962
"1430",2016,"A685",-0.0490717879394502
"1431",2016,"A690",-0.145127838435759
"1432",2016,"B484",-0.929431872701549
"1433",2016,"C320",0.810385267739958
"1434",2016,"C370",-0.227776653672342
"1435",2016,"D320",-0.766136193358016
"1436",2016,"G320",-0.479109257083056
"1437",2016,"KSHZ06",-0.680175675321394
"1438",2016,"KTHA03",-0.154675325318417
"1439",2016,"N484",-0.830270400951915
"1440",2016,"VA12A",0.478784077461371
"1441",2016,"VA41A",0.166311678688197
"1442",2016,"VA42A",0.0416881166895351
"1443",2016,"VA45A",-0.520201179007796
"1444",2017,"0311",0.736362833456452
"1445",2017,"0317",-0.171691781994493
"1446",2017,"0321",-0.523806138396562
"1447",2017,"0322",0.145997377012993
"1448",2017,"0430",0.21181778318276
"1449",2017,"0434",0.196973329360953
"1450",2017,"0438",1.13353366884227
"1451",2017,"0440",-0.474755910093098
"1452",2017,"0442",0.352583970415849
"1453",2017,"0444",-0.419756974212641
"1454",2017,"0446",0.434592496378555
"1455",2017,"0470",0.172813570773552
"1456",2017,"0474",-0.371594314966621
"1457",2017,"0478",0.343264347815081
"1458",2017,"0484",0.353316149960822
"1459",2017,"0631",1.22001448820634
"1460",2017,"A315",1.12564681212107
"1461",2017,"A320",-0.0739882913819509
"1462",2017,"A432",-0.333845250226557
"1463",2017,"A456",-0.163705663433531
"1464",2017,"A499",0.397218970870409
"1465",2017,"A617",-0.334501001411681
"1466",2017,"A620",0.594021863672703
"1467",2017,"A630",-0.135476032262475
"1468",2017,"A680",0.464836619195613
"1469",2017,"A685",-0.282585813306458
"1470",2017,"A690",0.765219511752193
"1471",2017,"B484",-1.33443570549887
"1472",2017,"C320",-0.0651002015636003
"1473",2017,"C370",0.0262819215775774
"1474",2017,"D320",-0.942306547980443
"1475",2017,"G320",0.0417342558434655
"1476",2017,"KSHZ06",-0.171104483812661
"1477",2017,"KTHA03",-0.154675325318417
"1478",2017,"N484",-0.83027040095192
"1479",2017,"VA12A",0.230525666925842
"1480",2017,"VA41A",0.166311678688197
"1481",2017,"VA42A",0.264024739033738
"1482",2017,"VA45A",0.623957151870005
"1483",2018,"0311",0.630864002187843
"1484",2018,"0317",1.04301972864296
"1485",2018,"0321",0.359355374016246
"1486",2018,"0322",0.145997377012986
"1487",2018,"0430",0.0815149981060963
"1488",2018,"0434",-0.0686781028142972
"1489",2018,"0438",0.914505508510724
"1490",2018,"0440",-0.0171456057194307
"1491",2018,"0442",-0.0749012579639867
"1492",2018,"0444",-0.998902799482439
"1493",2018,"0446",0.43459249637855
"1494",2018,"0470",-0.148758021433993
"1495",2018,"0474",-0.752187142522747
"1496",2018,"0478",0.00491782733259311
"1497",2018,"0484",0.855719461465821
"1498",2018,"0631",1.02890110754014
"1499",2018,"A315",0.281366602591723
"1500",2018,"A320",0.119808451527112
"1501",2018,"A432",-0.0396087585014548
"1502",2018,"A456",0.0567352817164974
"1503",2018,"A499",-0.255985559005364
"1504",2018,"A617",0.153689649297258
"1505",2018,"A620",0.470098935196764
"1506",2018,"A630",0.048513471796836
"1507",2018,"A680",0.359522072659108
"1508",2018,"A685",-0.282585813306458
"1509",2018,"A690",0.219011101639427
"1510",2018,"B484",-1.01943272443429
"1511",2018,"C320",-0.815516318109502
"1512",2018,"C370",0.365026688577464
"1513",2018,"D320",-1.11847690260287
"1514",2018,"G320",0.432366890538363
"1515",2018,"KSHZ06",-0.340794880982242
"1516",2018,"KTHA03",0.267166471004533
"1517",2018,"N484",-0.57070690887076
"1518",2018,"VA12A",-0.0177327436096869
"1519",2018,"VA41A",0.332623357376387
"1520",2018,"VA42A",0.152856427861637
"1521",2018,"VA45A",-0.022741035147882
"1522",2019,"0311",0.84186166472506
"1523",2019,"0317",0.0982441092582749
"1524",2019,"0321",-1.23033534832681
"1525",2019,"0322",0.549936500544922
"1526",2019,"0430",-0.309393357123891
"1527",2019,"0434",-0.732806683252425
"1528",2019,"0438",1.24304774900804
"1529",2019,"0440",-0.627292678217658
"1530",2019,"0442",-0.0749012579639867
"1531",2019,"0444",-1.51369908861115
"1532",2019,"0446",0.0495923908537699
"1533",2019,"0470",-0.872294103900968
"1534",2019,"0474",-1.22792817696791
"1535",2019,"0478",0.174091087573837
"1536",2019,"0484",0.688251690964155
"1537",2019,"0631",-0.117779176457082
"1538",2019,"A315",0.984933443866178
"1539",2019,"A320",-0.655378520109159
"1540",2019,"A432",-0.775199987814219
"1541",2019,"A456",-0.108595427146025
"1542",2019,"A499",1.37702576568409
"1543",2019,"A617",-0.334501001411681
"1544",2019,"A620",-0.769130349562614
"1545",2019,"A630",-0.779439296470053
"1546",2019,"A680",-0.588308846169454
"1547",2019,"A685",0.184442237427566
"1548",2019,"A690",0.401080571677014
"1549",2019,"B484",-1.10943357616703
"1550",2019,"C320",-1.44086308189775
"1551",2019,"C370",-0.227776653672342
"1552",2019,"D320",-0.237625129490715
"1553",2019,"G320",0.171945134075098
"1554",2019,"KSHZ06",-0.510485278151818
"1555",2019,"KTHA03",0.056245572843054
"1556",2019,"N484",-0.181361670749019
"1557",2019,"VA12A",-0.0177327436096869
"1558",2019,"VA41A",0.166311678688197
"1559",2019,"VA42A",0.0416881166895351
"1560",2019,"VA45A",-0.520201179007794
"1561",2020,"0311",0.314367508382024
"1562",2020,"0317",-1.25143534700556
"1563",2020,"0321",-0.70043844087912
"1564",2020,"0322",-0.863850431816835
"1565",2020,"0430",-1.09121006758386
"1566",2020,"0434",-1.39693526369055
"1567",2020,"0438",-0.071121212981223
"1568",2020,"0440",-1.38997651884044
"1569",2020,"0442",-0.644881562470436
"1570",2020,"0444",-1.19195140790571
"1571",2020,"0446",-1.49040803124535
"1572",2020,"0470",-1.70838024364059
"1573",2020,"0474",-1.13277997007888
"1574",2020,"0478",0.174091087573837
"1575",2020,"0484",0.855719461465821
"1576",2020,"0631",0.264447584875323
"1577",2020,"A315",0.844220075611287
"1578",2020,"A320",-1.04297200592728
"1579",2020,"A432",-1.36367297126442
"1580",2020,"A456",-0.362102514068559
"1581",2020,"A499",0.0706167059325225
"1582",2020,"A617",-0.605718029583314
"1583",2020,"A620",0.594021863672703
"1584",2020,"A630",-0.595449792410745
"1585",2020,"A680",-0.377679753096438
"1586",2020,"A685",-0.282585813306458
"1587",2020,"A690",0.401080571677014
"1588",2020,"B484",-1.01943272443429
"1589",2020,"C320",-1.96615436347989
"1590",2020,"C370",-1.07463857117206
"1591",2020,"D320",-0.237625129490715
"1592",2020,"G320",-0.348898378851423
"1593",2020,"KSHZ06",-0.510485278151818
"1594",2020,"KTHA03",-0.154675325318417
"1595",2020,"N484",0.337765313413305
"1596",2020,"VA12A",-1.50728320682283
"1597",2020,"VA41A",-1.33049342950555
"1598",2020,"VA42A",-0.73649006151516
"1599",2020,"VA45A",-2.2115656681315
"1600",2021,"0311",0.0295206639567818
"1601",2021,"0317",-0.860028304689047
"1602",2021,"0321",-1.40696765080937
"1603",2021,"0322",0.953875624076859
"1604",2021,"0430",0.733028923489407
"1605",2021,"0434",-0.281199248554498
"1606",2021,"0438",0.804991428344954
"1607",2021,"0440",0.287927930529688
"1608",2021,"0442",0.352583970415849
"1609",2021,"0444",-0.477671556739619
"1610",2021,"0446",0.177925759362032
"1611",2021,"0470",-0.23719020929107
"1612",2021,"0474",-0.171783080499654
"1613",2021,"0478",1.52747716950377
"1614",2021,"0484",NA
"1615",2021,"0631",1.60224124953875
"1616",2021,"A315",0.809041733547564
"1617",2021,"A320",0.313605194436174
"1618",2021,"A432",0.254627733223648
"1619",2021,"A456",0.332286463154034
"1620",2021,"A499",0.397218970870409
"1621",2021,"A617",-0.280257595777358
"1622",2021,"A620",0.965790649100517
"1623",2021,"A630",0.784471488034066
"1624",2021,"A680",0.886094805341642
"1625",2021,"A685",1.81904041499666
"1626",2021,"A690",0.5831500417146
"1627",2021,"B484",-0.177924760733182
"1628",2021,"C320",-0.690446965351849
"1629",2021,"C370",-0.0584042701723956
"1630",2021,"D320",-0.413795484113149
"1631",2021,"G320",0.302156012306731
"1632",2021,"KSHZ06",-0.510485278151818
"1633",2021,"KTHA03",0.267166471004533
"1634",2021,"N484",-0.57070690887076
"1635",2021,"VA12A",0.975300898532411
"1636",2021,"VA41A",0.166311678688197
"1637",2021,"VA42A",0.264024739033738
"1638",2021,"VA45A",-0.00284262939348591
"1639",2022,"0311",0.947360495993669
"1640",2022,"0317",-0.232427357526365
"1641",2022,"0321",-0.170541533431434
"1642",2022,"0322",1.15584518584282
"1643",2022,"0430",0.0815149981060963
"1644",2022,"0434",0.196973329360953
"1645",2022,"0438",0.914505508510728
"1646",2022,"0440",0.593001466778797
"1647",2022,"0442",0.78006919879568
"1648",2022,"0444",-1.44291459885595
"1649",2022,"0446",0.819592601903331
"1650",2022,"0470",0.333599366877324
"1651",2022,"0474",-0.276446108077588
"1652",2022,"0478",1.18913064902129
"1653",2022,"0484",NA
"1654",2022,"0631",1.02890110754014
"1655",2022,"A315",0.668328365292674
"1656",2022,"A320",1.08879216607244
"1657",2022,"A432",-0.186727004364009
"1658",2022,"A456",0.249621108722774
"1659",2022,"A499",1.37702576568409
"1660",2022,"A617",1.13007095071514
"1661",2022,"A620",1.5854052914802
"1662",2022,"A630",0.968460992093377
"1663",2022,"A680",0.886094805341642
"1664",2022,"A685",0.651470288161597
"1665",2022,"A690",0.947288981789786
"1666",2022,"B484",-0.785430509929167
"1667",2022,"C320",-0.853037123936794
"1668",2022,"C370",0.61908526382738
"1669",2022,"D320",-0.589965838735582
"1670",2022,"G320",0.822999525233252
"1671",2022,"KSHZ06",-0.340794880982242
"1672",2022,"KTHA03",-0.154675325318417
"1673",2022,"N484",-0.0515799247084367
"1674",2022,"VA12A",1.720076130139
"1675",2022,"VA41A",1.49680510819375
"1676",2022,"VA42A",1.15337122841054
"1677",2022,"VA45A",1.2209093245019
