"","Year","Locator","pH"
"1",1980,"0311",7.275
"2",1980,"0317",7.05
"3",1980,"0321",7.35
"4",1980,"0322",7.71666666666667
"5",1980,"0430",7.8
"6",1980,"0434",7.7
"7",1980,"0438",7.5
"8",1980,"0440",7.8
"9",1980,"0442",8.3
"10",1980,"0444",7.3
"11",1980,"0446",7.55
"12",1980,"0470",7.5
"13",1980,"0474",7.5
"14",1980,"0478",7.6
"15",1980,"0484",7.3
"16",1980,"0631",7.2
"17",1980,"A315",7.33333333333333
"18",1980,"A320",7.6
"19",1980,"A432",7.8
"20",1980,"A456",7.55
"21",1980,"A499",7.85
"22",1980,"A617",NA
"23",1980,"A620",NA
"24",1980,"A630",7.1
"25",1980,"A680",NA
"26",1980,"A685",NA
"27",1980,"A690",NA
"28",1980,"B484",7.4
"29",1980,"C320",7.5
"30",1980,"C370",7.9
"31",1980,"D320",7.45
"32",1980,"G320",7.3
"33",1980,"KSHZ06",NA
"34",1980,"KTHA03",NA
"35",1980,"N484",7.35
"36",1980,"VA12A",NA
"37",1980,"VA41A",NA
"38",1980,"VA42A",NA
"39",1980,"VA45A",NA
"40",1981,"0311",7.2
"41",1981,"0317",6.9
"42",1981,"0321",7.45
"43",1981,"0322",7.6
"44",1981,"0430",7.5
"45",1981,"0434",7.5
"46",1981,"0438",7.2
"47",1981,"0440",7.6
"48",1981,"0442",8.1
"49",1981,"0444",7.3
"50",1981,"0446",7.3
"51",1981,"0470",7.45
"52",1981,"0474",7.35
"53",1981,"0478",7.3
"54",1981,"0484",7.35
"55",1981,"0631",7.25
"56",1981,"A315",7.05
"57",1981,"A320",7.45
"58",1981,"A432",7.6
"59",1981,"A456",7.45
"60",1981,"A499",7.8
"61",1981,"A617",NA
"62",1981,"A620",NA
"63",1981,"A630",7.2
"64",1981,"A680",NA
"65",1981,"A685",NA
"66",1981,"A690",NA
"67",1981,"B484",7.25
"68",1981,"C320",7.3
"69",1981,"C370",7.75
"70",1981,"D320",7.25
"71",1981,"G320",7.15
"72",1981,"KSHZ06",NA
"73",1981,"KTHA03",NA
"74",1981,"N484",7.25
"75",1981,"VA12A",NA
"76",1981,"VA41A",NA
"77",1981,"VA42A",NA
"78",1981,"VA45A",NA
"79",1982,"0311",7.15
"80",1982,"0317",6.9
"81",1982,"0321",7.3
"82",1982,"0322",7.85
"83",1982,"0430",7.55
"84",1982,"0434",7.7
"85",1982,"0438",7
"86",1982,"0440",7.65
"87",1982,"0442",8.25
"88",1982,"0444",7.5
"89",1982,"0446",7.4
"90",1982,"0470",7.55
"91",1982,"0474",7.35
"92",1982,"0478",7.45
"93",1982,"0484",7.45
"94",1982,"0631",7.5
"95",1982,"A315",7.15
"96",1982,"A320",7.65
"97",1982,"A432",7.7
"98",1982,"A456",7.5
"99",1982,"A499",7.9
"100",1982,"A617",NA
"101",1982,"A620",NA
"102",1982,"A630",7.4
"103",1982,"A680",NA
"104",1982,"A685",NA
"105",1982,"A690",NA
"106",1982,"B484",7.35
"107",1982,"C320",7.4
"108",1982,"C370",7.8
"109",1982,"D320",7.5
"110",1982,"G320",7.45
"111",1982,"KSHZ06",NA
"112",1982,"KTHA03",NA
"113",1982,"N484",7.15
"114",1982,"VA12A",NA
"115",1982,"VA41A",NA
"116",1982,"VA42A",NA
"117",1982,"VA45A",NA
"118",1983,"0311",7.2625
"119",1983,"0317",6.9
"120",1983,"0321",NA
"121",1983,"0322",7.8
"122",1983,"0430",7.7
"123",1983,"0434",7.7
"124",1983,"0438",NA
"125",1983,"0440",7.8
"126",1983,"0442",8.3
"127",1983,"0444",7.5
"128",1983,"0446",7.5
"129",1983,"0470",7.7
"130",1983,"0474",7.6
"131",1983,"0478",7.5
"132",1983,"0484",7.5
"133",1983,"0631",7.5
"134",1983,"A315",7.2
"135",1983,"A320",7.6
"136",1983,"A432",7.8
"137",1983,"A456",7.6
"138",1983,"A499",8
"139",1983,"A617",NA
"140",1983,"A620",NA
"141",1983,"A630",7.4
"142",1983,"A680",NA
"143",1983,"A685",NA
"144",1983,"A690",NA
"145",1983,"B484",7.4
"146",1983,"C320",7.5
"147",1983,"C370",NA
"148",1983,"D320",7.4
"149",1983,"G320",7.6
"150",1983,"KSHZ06",NA
"151",1983,"KTHA03",NA
"152",1983,"N484",7.5
"153",1983,"VA12A",NA
"154",1983,"VA41A",NA
"155",1983,"VA42A",NA
"156",1983,"VA45A",NA
"157",1984,"0311",7.12
"158",1984,"0317",6.8
"159",1984,"0321",NA
"160",1984,"0322",7.7
"161",1984,"0430",7.65
"162",1984,"0434",7.65
"163",1984,"0438",NA
"164",1984,"0440",7.65
"165",1984,"0442",8.1
"166",1984,"0444",7.5
"167",1984,"0446",7.35
"168",1984,"0470",7.5
"169",1984,"0474",7.35
"170",1984,"0478",7.45
"171",1984,"0484",7.25
"172",1984,"0631",7.4
"173",1984,"A315",7
"174",1984,"A320",7.6
"175",1984,"A432",7.75
"176",1984,"A456",7.45
"177",1984,"A499",7.85
"178",1984,"A617",NA
"179",1984,"A620",NA
"180",1984,"A630",7.3
"181",1984,"A680",NA
"182",1984,"A685",NA
"183",1984,"A690",NA
"184",1984,"B484",7.2
"185",1984,"C320",7.6
"186",1984,"C370",NA
"187",1984,"D320",7.4
"188",1984,"G320",7.5
"189",1984,"KSHZ06",NA
"190",1984,"KTHA03",NA
"191",1984,"N484",7.35
"192",1984,"VA12A",NA
"193",1984,"VA41A",NA
"194",1984,"VA42A",NA
"195",1984,"VA45A",NA
"196",1985,"0311",7.05
"197",1985,"0317",6.8
"198",1985,"0321",NA
"199",1985,"0322",7.65
"200",1985,"0430",7.6
"201",1985,"0434",7.55
"202",1985,"0438",NA
"203",1985,"0440",7.65
"204",1985,"0442",8
"205",1985,"0444",7.35
"206",1985,"0446",7.35
"207",1985,"0470",7.6
"208",1985,"0474",7.4
"209",1985,"0478",7.35
"210",1985,"0484",7.3
"211",1985,"0631",7.45
"212",1985,"A315",7.05
"213",1985,"A320",7.5
"214",1985,"A432",7.7
"215",1985,"A456",7.5
"216",1985,"A499",7.8
"217",1985,"A617",NA
"218",1985,"A620",NA
"219",1985,"A630",7.3
"220",1985,"A680",NA
"221",1985,"A685",NA
"222",1985,"A690",NA
"223",1985,"B484",7.3
"224",1985,"C320",7.45
"225",1985,"C370",NA
"226",1985,"D320",7.45
"227",1985,"G320",7.4
"228",1985,"KSHZ06",NA
"229",1985,"KTHA03",NA
"230",1985,"N484",7.3
"231",1985,"VA12A",NA
"232",1985,"VA41A",NA
"233",1985,"VA42A",NA
"234",1985,"VA45A",NA
"235",1986,"0311",7.15
"236",1986,"0317",6.8
"237",1986,"0321",NA
"238",1986,"0322",7.7
"239",1986,"0430",7.6
"240",1986,"0434",7.5
"241",1986,"0438",NA
"242",1986,"0440",7.6
"243",1986,"0442",8.15
"244",1986,"0444",7.25
"245",1986,"0446",7.35
"246",1986,"0470",7.45
"247",1986,"0474",7.35
"248",1986,"0478",7.4
"249",1986,"0484",7.25
"250",1986,"0631",7.3
"251",1986,"A315",7
"252",1986,"A320",7.6
"253",1986,"A432",7.7
"254",1986,"A456",7.45
"255",1986,"A499",7.9
"256",1986,"A617",NA
"257",1986,"A620",NA
"258",1986,"A630",7.2
"259",1986,"A680",NA
"260",1986,"A685",NA
"261",1986,"A690",NA
"262",1986,"B484",7.2
"263",1986,"C320",7.5
"264",1986,"C370",NA
"265",1986,"D320",7.4
"266",1986,"G320",7.35
"267",1986,"KSHZ06",NA
"268",1986,"KTHA03",NA
"269",1986,"N484",7.35
"270",1986,"VA12A",NA
"271",1986,"VA41A",NA
"272",1986,"VA42A",NA
"273",1986,"VA45A",NA
"274",1987,"0311",7.3
"275",1987,"0317",6.925
"276",1987,"0321",NA
"277",1987,"0322",7.95
"278",1987,"0430",7.7
"279",1987,"0434",7.7
"280",1987,"0438",NA
"281",1987,"0440",7.8
"282",1987,"0442",8.25
"283",1987,"0444",7.55
"284",1987,"0446",7.4
"285",1987,"0470",7.6
"286",1987,"0474",7.55
"287",1987,"0478",7.5
"288",1987,"0484",7.5
"289",1987,"0631",7.625
"290",1987,"A315",7.15
"291",1987,"A320",7.775
"292",1987,"A432",7.875
"293",1987,"A456",7.5
"294",1987,"A499",8
"295",1987,"A617",NA
"296",1987,"A620",NA
"297",1987,"A630",7.45
"298",1987,"A680",NA
"299",1987,"A685",NA
"300",1987,"A690",NA
"301",1987,"B484",7.3
"302",1987,"C320",7.5
"303",1987,"C370",NA
"304",1987,"D320",7.45
"305",1987,"G320",7.6
"306",1987,"KSHZ06",NA
"307",1987,"KTHA03",NA
"308",1987,"N484",7.45
"309",1987,"VA12A",NA
"310",1987,"VA41A",NA
"311",1987,"VA42A",NA
"312",1987,"VA45A",NA
"313",1988,"0311",7.29444444444444
"314",1988,"0317",6.9
"315",1988,"0321",NA
"316",1988,"0322",7.85
"317",1988,"0430",7.7
"318",1988,"0434",7.8
"319",1988,"0438",NA
"320",1988,"0440",7.8
"321",1988,"0442",8.25
"322",1988,"0444",7.5
"323",1988,"0446",7.5
"324",1988,"0470",7.65
"325",1988,"0474",7.6
"326",1988,"0478",7.55
"327",1988,"0484",7.4
"328",1988,"0631",7.5
"329",1988,"A315",7.15
"330",1988,"A320",7.75
"331",1988,"A432",7.85
"332",1988,"A456",7.6
"333",1988,"A499",8
"334",1988,"A617",NA
"335",1988,"A620",NA
"336",1988,"A630",7.5
"337",1988,"A680",7.6
"338",1988,"A685",NA
"339",1988,"A690",7.6
"340",1988,"B484",7.3
"341",1988,"C320",7.6
"342",1988,"C370",NA
"343",1988,"D320",7.5
"344",1988,"G320",7.5
"345",1988,"KSHZ06",NA
"346",1988,"KTHA03",NA
"347",1988,"N484",7.55
"348",1988,"VA12A",NA
"349",1988,"VA41A",NA
"350",1988,"VA42A",NA
"351",1988,"VA45A",NA
"352",1989,"0311",7.3
"353",1989,"0317",7
"354",1989,"0321",NA
"355",1989,"0322",7.7
"356",1989,"0430",7.6
"357",1989,"0434",7.7
"358",1989,"0438",NA
"359",1989,"0440",7.9
"360",1989,"0442",8.2
"361",1989,"0444",7.45
"362",1989,"0446",7.5
"363",1989,"0470",7.55
"364",1989,"0474",7.75
"365",1989,"0478",7.7
"366",1989,"0484",7.4
"367",1989,"0631",7.55
"368",1989,"A315",7.15
"369",1989,"A320",7.55
"370",1989,"A432",7.775
"371",1989,"A456",7.6
"372",1989,"A499",7.95
"373",1989,"A617",NA
"374",1989,"A620",NA
"375",1989,"A630",7.45
"376",1989,"A680",NA
"377",1989,"A685",NA
"378",1989,"A690",NA
"379",1989,"B484",7.3
"380",1989,"C320",7.6
"381",1989,"C370",NA
"382",1989,"D320",7.5
"383",1989,"G320",7.6
"384",1989,"KSHZ06",7.95
"385",1989,"KTHA03",7.9
"386",1989,"N484",7.7
"387",1989,"VA12A",NA
"388",1989,"VA41A",NA
"389",1989,"VA42A",NA
"390",1989,"VA45A",NA
"391",1990,"0311",7
"392",1990,"0317",6.9
"393",1990,"0321",NA
"394",1990,"0322",7.6
"395",1990,"0430",7.6
"396",1990,"0434",7.5
"397",1990,"0438",NA
"398",1990,"0440",7.7
"399",1990,"0442",7.7
"400",1990,"0444",7.45
"401",1990,"0446",7.4
"402",1990,"0470",7.3
"403",1990,"0474",7.7
"404",1990,"0478",7.65
"405",1990,"0484",7.26666666666667
"406",1990,"0631",7.5
"407",1990,"A315",7
"408",1990,"A320",7.475
"409",1990,"A432",7.5
"410",1990,"A456",7.5
"411",1990,"A499",7.7
"412",1990,"A617",NA
"413",1990,"A620",NA
"414",1990,"A630",7.4
"415",1990,"A680",NA
"416",1990,"A685",NA
"417",1990,"A690",NA
"418",1990,"B484",7.15
"419",1990,"C320",7.5
"420",1990,"C370",NA
"421",1990,"D320",7.4
"422",1990,"G320",7.4
"423",1990,"KSHZ06",7.75
"424",1990,"KTHA03",7.9
"425",1990,"N484",7.65
"426",1990,"VA12A",NA
"427",1990,"VA41A",NA
"428",1990,"VA42A",NA
"429",1990,"VA45A",NA
"430",1991,"0311",7.35
"431",1991,"0317",7
"432",1991,"0321",NA
"433",1991,"0322",7.9
"434",1991,"0430",7.7
"435",1991,"0434",7.7
"436",1991,"0438",NA
"437",1991,"0440",7.7
"438",1991,"0442",7.9
"439",1991,"0444",7.3
"440",1991,"0446",7.4
"441",1991,"0470",7.4
"442",1991,"0474",7.6
"443",1991,"0478",7.5
"444",1991,"0484",7.18333333333333
"445",1991,"0631",7.4
"446",1991,"A315",7.05
"447",1991,"A320",7.5
"448",1991,"A432",7.7
"449",1991,"A456",7.5
"450",1991,"A499",7.9
"451",1991,"A617",NA
"452",1991,"A620",NA
"453",1991,"A630",7.5
"454",1991,"A680",NA
"455",1991,"A685",NA
"456",1991,"A690",NA
"457",1991,"B484",7.1
"458",1991,"C320",7.6
"459",1991,"C370",NA
"460",1991,"D320",7.45
"461",1991,"G320",7.5
"462",1991,"KSHZ06",8
"463",1991,"KTHA03",8
"464",1991,"N484",7.4
"465",1991,"VA12A",NA
"466",1991,"VA41A",NA
"467",1991,"VA42A",NA
"468",1991,"VA45A",NA
"469",1992,"0311",7.15
"470",1992,"0317",6.95
"471",1992,"0321",NA
"472",1992,"0322",7.75
"473",1992,"0430",7.6
"474",1992,"0434",7.55
"475",1992,"0438",NA
"476",1992,"0440",7.75
"477",1992,"0442",8.25
"478",1992,"0444",7.475
"479",1992,"0446",7.5
"480",1992,"0470",7.3
"481",1992,"0474",7.65
"482",1992,"0478",7.6
"483",1992,"0484",7.575
"484",1992,"0631",7.6
"485",1992,"A315",7.275
"486",1992,"A320",7.6
"487",1992,"A432",7.7
"488",1992,"A456",7.55
"489",1992,"A499",8.025
"490",1992,"A617",NA
"491",1992,"A620",NA
"492",1992,"A630",7.5
"493",1992,"A680",NA
"494",1992,"A685",NA
"495",1992,"A690",NA
"496",1992,"B484",7.25
"497",1992,"C320",7.45
"498",1992,"C370",NA
"499",1992,"D320",7.4
"500",1992,"G320",7.4
"501",1992,"KSHZ06",7.95
"502",1992,"KTHA03",8.1
"503",1992,"N484",7.7
"504",1992,"VA12A",NA
"505",1992,"VA41A",NA
"506",1992,"VA42A",NA
"507",1992,"VA45A",NA
"508",1993,"0311",6.925
"509",1993,"0317",6.855
"510",1993,"0321",7.3
"511",1993,"0322",7.275
"512",1993,"0430",7.2925
"513",1993,"0434",7.165
"514",1993,"0438",NA
"515",1993,"0440",7.24
"516",1993,"0442",7.775
"517",1993,"0444",6.84
"518",1993,"0446",7.275
"519",1993,"0470",7.3
"520",1993,"0474",7.145
"521",1993,"0478",7.07
"522",1993,"0484",7.115
"523",1993,"0631",7.2325
"524",1993,"A315",6.87
"525",1993,"A320",7.2825
"526",1993,"A432",7.42333333333333
"527",1993,"A456",7.3
"528",1993,"A499",7.7
"529",1993,"A617",NA
"530",1993,"A620",NA
"531",1993,"A630",7.215
"532",1993,"A680",NA
"533",1993,"A685",NA
"534",1993,"A690",NA
"535",1993,"B484",6.785
"536",1993,"C320",7.22
"537",1993,"C370",7.81
"538",1993,"D320",7.17
"539",1993,"G320",7.165
"540",1993,"KSHZ06",7.36
"541",1993,"KTHA03",7.495
"542",1993,"N484",7.05
"543",1993,"VA12A",NA
"544",1993,"VA41A",NA
"545",1993,"VA42A",NA
"546",1993,"VA45A",NA
"547",1994,"0311",7.035
"548",1994,"0317",6.795
"549",1994,"0321",7.355
"550",1994,"0322",7.445
"551",1994,"0430",7.59
"552",1994,"0434",7.6
"553",1994,"0438",NA
"554",1994,"0440",7.3125
"555",1994,"0442",7.88
"556",1994,"0444",7.1225
"557",1994,"0446",7.31
"558",1994,"0470",7.43
"559",1994,"0474",7.635
"560",1994,"0478",7.5275
"561",1994,"0484",7.45
"562",1994,"0631",7.21666666666667
"563",1994,"A315",7.02
"564",1994,"A320",7.33
"565",1994,"A432",7.685
"566",1994,"A456",7.3
"567",1994,"A499",7.825
"568",1994,"A617",NA
"569",1994,"A620",NA
"570",1994,"A630",7.195
"571",1994,"A680",NA
"572",1994,"A685",NA
"573",1994,"A690",NA
"574",1994,"B484",7.245
"575",1994,"C320",7.255
"576",1994,"C370",7.615
"577",1994,"D320",7.24
"578",1994,"G320",7.2175
"579",1994,"KSHZ06",7.85
"580",1994,"KTHA03",7.945
"581",1994,"N484",7.47
"582",1994,"VA12A",NA
"583",1994,"VA41A",NA
"584",1994,"VA42A",NA
"585",1994,"VA45A",NA
"586",1995,"0311",6.97
"587",1995,"0317",6.8225
"588",1995,"0321",7.355
"589",1995,"0322",7.67166666666667
"590",1995,"0430",7.4825
"591",1995,"0434",7.45133333333333
"592",1995,"0438",NA
"593",1995,"0440",7.595
"594",1995,"0442",7.9625
"595",1995,"0444",7.1475
"596",1995,"0446",7.33
"597",1995,"0470",7.275
"598",1995,"0474",7.52
"599",1995,"0478",7.5775
"600",1995,"0484",7.355
"601",1995,"0631",7.33833333333333
"602",1995,"A315",6.97833333333333
"603",1995,"A320",7.51416666666667
"604",1995,"A432",7.6475
"605",1995,"A456",7.285
"606",1995,"A499",7.96916666666667
"607",1995,"A617",7.75
"608",1995,"A620",NA
"609",1995,"A630",7.2575
"610",1995,"A680",7.305
"611",1995,"A685",NA
"612",1995,"A690",7.53
"613",1995,"B484",7.0625
"614",1995,"C320",7.34
"615",1995,"C370",7.85
"616",1995,"D320",7.42
"617",1995,"G320",7.49
"618",1995,"KSHZ06",7.955
"619",1995,"KTHA03",8.09
"620",1995,"N484",7.5625
"621",1995,"VA12A",NA
"622",1995,"VA41A",NA
"623",1995,"VA42A",NA
"624",1995,"VA45A",NA
"625",1996,"0311",7
"626",1996,"0317",6.80666666666667
"627",1996,"0321",7.5
"628",1996,"0322",7.65875
"629",1996,"0430",7.59333333333333
"630",1996,"0434",7.49916666666667
"631",1996,"0438",NA
"632",1996,"0440",7.54666666666667
"633",1996,"0442",7.88
"634",1996,"0444",7.17666666666667
"635",1996,"0446",7.29
"636",1996,"0470",7.26
"637",1996,"0474",7.55
"638",1996,"0478",7.56
"639",1996,"0484",7.215
"640",1996,"0631",7.36
"641",1996,"A315",6.995
"642",1996,"A320",7.5475
"643",1996,"A432",7.65166666666667
"644",1996,"A456",7.28
"645",1996,"A499",7.785
"646",1996,"A617",7.7475
"647",1996,"A620",7.895
"648",1996,"A630",7.175
"649",1996,"A680",7.505
"650",1996,"A685",7.62
"651",1996,"A690",7.56
"652",1996,"B484",7.105
"653",1996,"C320",7.44
"654",1996,"C370",8.125
"655",1996,"D320",7.31
"656",1996,"G320",7.33
"657",1996,"KSHZ06",7.86
"658",1996,"KTHA03",8.05
"659",1996,"N484",7.56
"660",1996,"VA12A",NA
"661",1996,"VA41A",NA
"662",1996,"VA42A",NA
"663",1996,"VA45A",NA
"664",1997,"0311",7.2
"665",1997,"0317",6.95
"666",1997,"0321",7.46
"667",1997,"0322",7.7
"668",1997,"0430",7.7
"669",1997,"0434",7.67
"670",1997,"0438",7.5
"671",1997,"0440",7.8
"672",1997,"0442",8
"673",1997,"0444",7.4
"674",1997,"0446",7.555
"675",1997,"0470",7.4
"676",1997,"0474",7.6
"677",1997,"0478",7.49
"678",1997,"0484",7.3
"679",1997,"0631",7.42
"680",1997,"A315",7.1
"681",1997,"A320",7.525
"682",1997,"A432",7.7425
"683",1997,"A456",7.475
"684",1997,"A499",8
"685",1997,"A617",7.85
"686",1997,"A620",7.9
"687",1997,"A630",7.3175
"688",1997,"A680",7.45
"689",1997,"A685",7.525
"690",1997,"A690",7.5
"691",1997,"B484",6.9
"692",1997,"C320",7.5
"693",1997,"C370",7.96
"694",1997,"D320",7.4
"695",1997,"G320",7.3
"696",1997,"KSHZ06",7.8
"697",1997,"KTHA03",7.95
"698",1997,"N484",7.4
"699",1997,"VA12A",NA
"700",1997,"VA41A",NA
"701",1997,"VA42A",NA
"702",1997,"VA45A",NA
"703",1998,"0311",7.1
"704",1998,"0317",7
"705",1998,"0321",7.61666666666667
"706",1998,"0322",7.8
"707",1998,"0430",7.6
"708",1998,"0434",7.55
"709",1998,"0438",7.4
"710",1998,"0440",7.6
"711",1998,"0442",8
"712",1998,"0444",7.12666666666667
"713",1998,"0446",7.525
"714",1998,"0470",7.48333333333333
"715",1998,"0474",7.36
"716",1998,"0478",7.56666666666667
"717",1998,"0484",7.575
"718",1998,"0631",7.525
"719",1998,"A315",7.025
"720",1998,"A320",7.675
"721",1998,"A432",7.8
"722",1998,"A456",7.5
"723",1998,"A499",7.9
"724",1998,"A617",7.8
"725",1998,"A620",7.8
"726",1998,"A630",7.35
"727",1998,"A680",7.525
"728",1998,"A685",7.73333333333333
"729",1998,"A690",7.7
"730",1998,"B484",7.2
"731",1998,"C320",7.58
"732",1998,"C370",7.505
"733",1998,"D320",7.4
"734",1998,"G320",7.5
"735",1998,"KSHZ06",7.88333333333333
"736",1998,"KTHA03",8
"737",1998,"N484",7.55
"738",1998,"VA12A",NA
"739",1998,"VA41A",NA
"740",1998,"VA42A",NA
"741",1998,"VA45A",NA
"742",1999,"0311",6.95
"743",1999,"0317",6.8
"744",1999,"0321",7.4
"745",1999,"0322",7.6
"746",1999,"0430",7.5275
"747",1999,"0434",7.375
"748",1999,"0438",7.15
"749",1999,"0440",7.45
"750",1999,"0442",7.9
"751",1999,"0444",7.175
"752",1999,"0446",7.4
"753",1999,"0470",7.35
"754",1999,"0474",7.45
"755",1999,"0478",7.425
"756",1999,"0484",7.26
"757",1999,"0631",7.5
"758",1999,"A315",6.85
"759",1999,"A320",7.425
"760",1999,"A432",7.515
"761",1999,"A456",7.45
"762",1999,"A499",7.8075
"763",1999,"A617",7.7
"764",1999,"A620",7.7
"765",1999,"A630",7.2
"766",1999,"A680",7.45
"767",1999,"A685",7.6
"768",1999,"A690",7.475
"769",1999,"B484",7
"770",1999,"C320",7.35
"771",1999,"C370",7.94
"772",1999,"D320",7.3
"773",1999,"G320",7.1
"774",1999,"KSHZ06",7.7
"775",1999,"KTHA03",7.75
"776",1999,"N484",7.3
"777",1999,"VA12A",NA
"778",1999,"VA41A",NA
"779",1999,"VA42A",NA
"780",1999,"VA45A",NA
"781",2000,"0311",7.11
"782",2000,"0317",6.8275
"783",2000,"0321",7.37875
"784",2000,"0322",7.67
"785",2000,"0430",7.50333333333333
"786",2000,"0434",7.555
"787",2000,"0438",7.5
"788",2000,"0440",7.52666666666667
"789",2000,"0442",7.95
"790",2000,"0444",7.32
"791",2000,"0446",7.57
"792",2000,"0470",7.4
"793",2000,"0474",7.55
"794",2000,"0478",7.4925
"795",2000,"0484",7.43
"796",2000,"0631",7.475
"797",2000,"A315",6.865
"798",2000,"A320",7.45166666666667
"799",2000,"A432",7.66
"800",2000,"A456",7.35
"801",2000,"A499",7.83666666666667
"802",2000,"A617",7.68
"803",2000,"A620",7.83
"804",2000,"A630",7.25
"805",2000,"A680",7.455
"806",2000,"A685",7.765
"807",2000,"A690",7.71
"808",2000,"B484",7.055
"809",2000,"C320",7.395
"810",2000,"C370",7.955
"811",2000,"D320",7.33
"812",2000,"G320",7.38
"813",2000,"KSHZ06",7.59
"814",2000,"KTHA03",7.92
"815",2000,"N484",7.445
"816",2000,"VA12A",NA
"817",2000,"VA41A",NA
"818",2000,"VA42A",NA
"819",2000,"VA45A",NA
"820",2001,"0311",7.1
"821",2001,"0317",6.83
"822",2001,"0321",7.36166666666667
"823",2001,"0322",7.64361111111111
"824",2001,"0430",7.5
"825",2001,"0434",7.3
"826",2001,"0438",7.4275
"827",2001,"0440",7.53666666666667
"828",2001,"0442",7.965
"829",2001,"0444",7.295
"830",2001,"0446",7.375
"831",2001,"0470",7.29
"832",2001,"0474",7.5
"833",2001,"0478",7.45
"834",2001,"0484",7.43
"835",2001,"0631",7.4125
"836",2001,"A315",6.95
"837",2001,"A320",7.435
"838",2001,"A432",7.6
"839",2001,"A456",7.2
"840",2001,"A499",7.81
"841",2001,"A617",7.65
"842",2001,"A620",7.625
"843",2001,"A630",7.23
"844",2001,"A680",7.3625
"845",2001,"A685",7.6
"846",2001,"A690",7.6
"847",2001,"B484",7.1
"848",2001,"C320",7.4
"849",2001,"C370",NA
"850",2001,"D320",7.3
"851",2001,"G320",7.31
"852",2001,"KSHZ06",7.6
"853",2001,"KTHA03",7.8
"854",2001,"N484",7.4
"855",2001,"VA12A",NA
"856",2001,"VA41A",NA
"857",2001,"VA42A",NA
"858",2001,"VA45A",NA
"859",2002,"0311",7.1
"860",2002,"0317",6.8
"861",2002,"0321",7.3
"862",2002,"0322",7.625
"863",2002,"0430",7.45
"864",2002,"0434",7.25
"865",2002,"0438",7.225
"866",2002,"0440",7.45
"867",2002,"0442",7.8
"868",2002,"0444",7.2
"869",2002,"0446",7.2
"870",2002,"0470",7.25
"871",2002,"0474",7.5
"872",2002,"0478",7.4
"873",2002,"0484",7.2
"874",2002,"0631",7.3
"875",2002,"A315",7.025
"876",2002,"A320",7.4875
"877",2002,"A432",7.525
"878",2002,"A456",7.1
"879",2002,"A499",7.8
"880",2002,"A617",7.45
"881",2002,"A620",7.6
"882",2002,"A630",7.15
"883",2002,"A680",7.25
"884",2002,"A685",7.5
"885",2002,"A690",7.4
"886",2002,"B484",6.9
"887",2002,"C320",7.35
"888",2002,"C370",7.865
"889",2002,"D320",7.3
"890",2002,"G320",7.3
"891",2002,"KSHZ06",7.55
"892",2002,"KTHA03",7.65
"893",2002,"N484",7.15
"894",2002,"VA12A",NA
"895",2002,"VA41A",NA
"896",2002,"VA42A",NA
"897",2002,"VA45A",NA
"898",2003,"0311",6.95
"899",2003,"0317",6.6
"900",2003,"0321",7.25
"901",2003,"0322",7.6
"902",2003,"0430",7.25
"903",2003,"0434",7.1
"904",2003,"0438",7.1
"905",2003,"0440",7.4
"906",2003,"0442",7.75
"907",2003,"0444",7.05
"908",2003,"0446",7.2
"909",2003,"0470",7.1
"910",2003,"0474",7.4
"911",2003,"0478",7.3
"912",2003,"0484",7.2
"913",2003,"0631",7.3
"914",2003,"A315",7.06666666666667
"915",2003,"A320",7.41666666666667
"916",2003,"A432",7.3
"917",2003,"A456",7
"918",2003,"A499",7.7
"919",2003,"A617",7.35
"920",2003,"A620",7.45
"921",2003,"A630",7.15
"922",2003,"A680",7.13333333333333
"923",2003,"A685",7.35
"924",2003,"A690",7.6
"925",2003,"B484",7
"926",2003,"C320",7.1
"927",2003,"C370",7.2
"928",2003,"D320",7.3
"929",2003,"G320",7.2
"930",2003,"KSHZ06",7.5
"931",2003,"KTHA03",7.7
"932",2003,"N484",7.3
"933",2003,"VA12A",NA
"934",2003,"VA41A",NA
"935",2003,"VA42A",NA
"936",2003,"VA45A",NA
"937",2004,"0311",7.3
"938",2004,"0317",6.8
"939",2004,"0321",7.3
"940",2004,"0322",7.375
"941",2004,"0430",7.5
"942",2004,"0434",7.1
"943",2004,"0438",7.425
"944",2004,"0440",7.435
"945",2004,"0442",8
"946",2004,"0444",7.23
"947",2004,"0446",7.45
"948",2004,"0470",7.35
"949",2004,"0474",7.5
"950",2004,"0478",7.45
"951",2004,"0484",7.4
"952",2004,"0631",7.385
"953",2004,"A315",6.71666666666667
"954",2004,"A320",7.35
"955",2004,"A432",7.55
"956",2004,"A456",7.3
"957",2004,"A499",7.8
"958",2004,"A617",7.25
"959",2004,"A620",7.5
"960",2004,"A630",7
"961",2004,"A680",7.15
"962",2004,"A685",7.4
"963",2004,"A690",7.4
"964",2004,"B484",7.2
"965",2004,"C320",7.2
"966",2004,"C370",7.1
"967",2004,"D320",7.2
"968",2004,"G320",7.3
"969",2004,"KSHZ06",7.5
"970",2004,"KTHA03",7.7
"971",2004,"N484",7.2
"972",2004,"VA12A",NA
"973",2004,"VA41A",NA
"974",2004,"VA42A",NA
"975",2004,"VA45A",NA
"976",2005,"0311",7.4
"977",2005,"0317",6.925
"978",2005,"0321",7.5
"979",2005,"0322",7.75
"980",2005,"0430",7.6
"981",2005,"0434",7.45
"982",2005,"0438",7.5
"983",2005,"0440",7.7
"984",2005,"0442",8.15
"985",2005,"0444",7.4
"986",2005,"0446",7.5
"987",2005,"0470",7.425
"988",2005,"0474",7.6
"989",2005,"0478",7.6
"990",2005,"0484",7.3
"991",2005,"0631",7.475
"992",2005,"A315",7.125
"993",2005,"A320",7.7
"994",2005,"A432",7.7
"995",2005,"A456",7.3
"996",2005,"A499",8.025
"997",2005,"A617",7.7
"998",2005,"A620",7.8
"999",2005,"A630",7.35
"1000",2005,"A680",7.45
"1001",2005,"A685",7.65
"1002",2005,"A690",7.7
"1003",2005,"B484",7.05
"1004",2005,"C320",7.45
"1005",2005,"C370",7.65
"1006",2005,"D320",7.45
"1007",2005,"G320",7.5
"1008",2005,"KSHZ06",7.85
"1009",2005,"KTHA03",7.9
"1010",2005,"N484",7.35
"1011",2005,"VA12A",NA
"1012",2005,"VA41A",NA
"1013",2005,"VA42A",NA
"1014",2005,"VA45A",NA
"1015",2006,"0311",7.3
"1016",2006,"0317",6.85
"1017",2006,"0321",7.4
"1018",2006,"0322",7.65
"1019",2006,"0430",7.5
"1020",2006,"0434",7.5
"1021",2006,"0438",7.6
"1022",2006,"0440",7.6
"1023",2006,"0442",8.1
"1024",2006,"0444",7.45
"1025",2006,"0446",7.5
"1026",2006,"0470",7.3
"1027",2006,"0474",7.5
"1028",2006,"0478",7.6
"1029",2006,"0484",7.35
"1030",2006,"0631",7.55
"1031",2006,"A315",7.1
"1032",2006,"A320",7.625
"1033",2006,"A432",7.65
"1034",2006,"A456",7.3
"1035",2006,"A499",7.9
"1036",2006,"A617",7.525
"1037",2006,"A620",7.7
"1038",2006,"A630",7.325
"1039",2006,"A680",7.43333333333333
"1040",2006,"A685",7.55
"1041",2006,"A690",7.7
"1042",2006,"B484",7.2
"1043",2006,"C320",7.4
"1044",2006,"C370",7.6
"1045",2006,"D320",7.4
"1046",2006,"G320",7.6
"1047",2006,"KSHZ06",7.8
"1048",2006,"KTHA03",7.8
"1049",2006,"N484",7.4
"1050",2006,"VA12A",NA
"1051",2006,"VA41A",NA
"1052",2006,"VA42A",NA
"1053",2006,"VA45A",NA
"1054",2007,"0311",7.35
"1055",2007,"0317",6.9
"1056",2007,"0321",7.475
"1057",2007,"0322",7.6
"1058",2007,"0430",7.525
"1059",2007,"0434",7.525
"1060",2007,"0438",7.64
"1061",2007,"0440",7.785
"1062",2007,"0442",8.18
"1063",2007,"0444",7.5
"1064",2007,"0446",7.43
"1065",2007,"0470",7.4
"1066",2007,"0474",7.56
"1067",2007,"0478",7.525
"1068",2007,"0484",7.15
"1069",2007,"0631",7.335
"1070",2007,"A315",6.945
"1071",2007,"A320",7.57
"1072",2007,"A432",7.695
"1073",2007,"A456",7.245
"1074",2007,"A499",7.9
"1075",2007,"A617",7.41666666666667
"1076",2007,"A620",7.55333333333333
"1077",2007,"A630",7.12
"1078",2007,"A680",7.295
"1079",2007,"A685",7.53
"1080",2007,"A690",7.5
"1081",2007,"B484",6.905
"1082",2007,"C320",7.36125
"1083",2007,"C370",7.6
"1084",2007,"D320",7.35
"1085",2007,"G320",7.43666666666667
"1086",2007,"KSHZ06",7.735
"1087",2007,"KTHA03",7.75
"1088",2007,"N484",7.335
"1089",2007,"VA12A",7.68
"1090",2007,"VA41A",7.7
"1091",2007,"VA42A",7.8
"1092",2007,"VA45A",7.05
"1093",2008,"0311",7.155
"1094",2008,"0317",6.915
"1095",2008,"0321",7.43
"1096",2008,"0322",7.73
"1097",2008,"0430",7.5825
"1098",2008,"0434",7.56
"1099",2008,"0438",7.46
"1100",2008,"0440",7.73
"1101",2008,"0442",8.1075
"1102",2008,"0444",7.475
"1103",2008,"0446",7.445
"1104",2008,"0470",7.44
"1105",2008,"0474",7.535
"1106",2008,"0478",7.635
"1107",2008,"0484",7.44
"1108",2008,"0631",7.39125
"1109",2008,"A315",7.1025
"1110",2008,"A320",7.63
"1111",2008,"A432",7.7025
"1112",2008,"A456",7.255
"1113",2008,"A499",7.96
"1114",2008,"A617",7.62
"1115",2008,"A620",7.84
"1116",2008,"A630",7.185
"1117",2008,"A680",7.36333333333333
"1118",2008,"A685",7.645
"1119",2008,"A690",7.645
"1120",2008,"B484",7.05
"1121",2008,"C320",7.4575
"1122",2008,"C370",7.565
"1123",2008,"D320",7.405
"1124",2008,"G320",7.375
"1125",2008,"KSHZ06",7.84
"1126",2008,"KTHA03",7.96
"1127",2008,"N484",7.535
"1128",2008,"VA12A",7.62
"1129",2008,"VA41A",7.505
"1130",2008,"VA42A",7.69
"1131",2008,"VA45A",6.98
"1132",2009,"0311",NA
"1133",2009,"0317",6.845
"1134",2009,"0321",NA
"1135",2009,"0322",7.73
"1136",2009,"0430",7.56
"1137",2009,"0434",7.535
"1138",2009,"0438",7.395
"1139",2009,"0440",7.715
"1140",2009,"0442",NA
"1141",2009,"0444",NA
"1142",2009,"0446",7.4
"1143",2009,"0470",7.3225
"1144",2009,"0474",7.51
"1145",2009,"0478",7.605
"1146",2009,"0484",7.345
"1147",2009,"0631",7.4325
"1148",2009,"A315",NA
"1149",2009,"A320",7.6325
"1150",2009,"A432",NA
"1151",2009,"A456",NA
"1152",2009,"A499",NA
"1153",2009,"A617",NA
"1154",2009,"A620",NA
"1155",2009,"A630",NA
"1156",2009,"A680",7.395
"1157",2009,"A685",NA
"1158",2009,"A690",NA
"1159",2009,"B484",NA
"1160",2009,"C320",NA
"1161",2009,"C370",NA
"1162",2009,"D320",7.3275
"1163",2009,"G320",NA
"1164",2009,"KSHZ06",7.685
"1165",2009,"KTHA03",NA
"1166",2009,"N484",NA
"1167",2009,"VA12A",7.69
"1168",2009,"VA41A",7.52
"1169",2009,"VA42A",7.74
"1170",2009,"VA45A",6.91
"1171",2010,"0311",NA
"1172",2010,"0317",6.785
"1173",2010,"0321",NA
"1174",2010,"0322",7.67
"1175",2010,"0430",7.55
"1176",2010,"0434",7.53
"1177",2010,"0438",7.6225
"1178",2010,"0440",7.69
"1179",2010,"0442",NA
"1180",2010,"0444",NA
"1181",2010,"0446",7.42
"1182",2010,"0470",7.315
"1183",2010,"0474",7.505
"1184",2010,"0478",7.525
"1185",2010,"0484",7.285
"1186",2010,"0631",7.375
"1187",2010,"A315",NA
"1188",2010,"A320",7.5575
"1189",2010,"A432",NA
"1190",2010,"A456",NA
"1191",2010,"A499",NA
"1192",2010,"A617",NA
"1193",2010,"A620",NA
"1194",2010,"A630",NA
"1195",2010,"A680",7.3475
"1196",2010,"A685",NA
"1197",2010,"A690",NA
"1198",2010,"B484",NA
"1199",2010,"C320",NA
"1200",2010,"C370",NA
"1201",2010,"D320",7.2825
"1202",2010,"G320",NA
"1203",2010,"KSHZ06",7.6175
"1204",2010,"KTHA03",NA
"1205",2010,"N484",NA
"1206",2010,"VA12A",7.65
"1207",2010,"VA41A",7.43
"1208",2010,"VA42A",7.6
"1209",2010,"VA45A",6.785
"1210",2011,"0311",NA
"1211",2011,"0317",6.855
"1212",2011,"0321",NA
"1213",2011,"0322",7.68
"1214",2011,"0430",7.505
"1215",2011,"0434",7.51333333333333
"1216",2011,"0438",7.415
"1217",2011,"0440",7.64
"1218",2011,"0442",NA
"1219",2011,"0444",NA
"1220",2011,"0446",7.305
"1221",2011,"0470",7.305
"1222",2011,"0474",7.455
"1223",2011,"0478",7.495
"1224",2011,"0484",7.22
"1225",2011,"0631",7.285
"1226",2011,"A315",NA
"1227",2011,"A320",7.585
"1228",2011,"A432",NA
"1229",2011,"A456",NA
"1230",2011,"A499",NA
"1231",2011,"A617",NA
"1232",2011,"A620",NA
"1233",2011,"A630",NA
"1234",2011,"A680",7.35
"1235",2011,"A685",NA
"1236",2011,"A690",NA
"1237",2011,"B484",NA
"1238",2011,"C320",NA
"1239",2011,"C370",NA
"1240",2011,"D320",7.3
"1241",2011,"G320",NA
"1242",2011,"KSHZ06",7.655
"1243",2011,"KTHA03",NA
"1244",2011,"N484",NA
"1245",2011,"VA12A",7.585
"1246",2011,"VA41A",7.395
"1247",2011,"VA42A",7.585
"1248",2011,"VA45A",6.73
"1249",2012,"0311",NA
"1250",2012,"0317",6.865
"1251",2012,"0321",NA
"1252",2012,"0322",7.685
"1253",2012,"0430",7.565
"1254",2012,"0434",7.555
"1255",2012,"0438",7.4325
"1256",2012,"0440",7.69
"1257",2012,"0442",NA
"1258",2012,"0444",NA
"1259",2012,"0446",7.425
"1260",2012,"0470",7.32
"1261",2012,"0474",7.52
"1262",2012,"0478",7.625
"1263",2012,"0484",7.375
"1264",2012,"0631",7.485
"1265",2012,"A315",NA
"1266",2012,"A320",7.565
"1267",2012,"A432",NA
"1268",2012,"A456",NA
"1269",2012,"A499",NA
"1270",2012,"A617",NA
"1271",2012,"A620",NA
"1272",2012,"A630",NA
"1273",2012,"A680",7.42
"1274",2012,"A685",NA
"1275",2012,"A690",NA
"1276",2012,"B484",NA
"1277",2012,"C320",NA
"1278",2012,"C370",NA
"1279",2012,"D320",7.265
"1280",2012,"G320",NA
"1281",2012,"KSHZ06",7.8
"1282",2012,"KTHA03",NA
"1283",2012,"N484",NA
"1284",2012,"VA12A",7.625
"1285",2012,"VA41A",7.42
"1286",2012,"VA42A",7.625
"1287",2012,"VA45A",6.745
"1288",2013,"0311",NA
"1289",2013,"0317",6.905
"1290",2013,"0321",7.37
"1291",2013,"0322",7.72
"1292",2013,"0430",7.525
"1293",2013,"0434",7.68
"1294",2013,"0438",7.44
"1295",2013,"0440",7.76
"1296",2013,"0442",8.185
"1297",2013,"0444",7.245
"1298",2013,"0446",7.415
"1299",2013,"0470",7.275
"1300",2013,"0474",7.445
"1301",2013,"0478",7.575
"1302",2013,"0484",7.26
"1303",2013,"0631",7.445
"1304",2013,"A315",7.15
"1305",2013,"A320",7.595
"1306",2013,"A432",7.64
"1307",2013,"A456",7.395
"1308",2013,"A499",NA
"1309",2013,"A617",7.785
"1310",2013,"A620",7.655
"1311",2013,"A630",7.39
"1312",2013,"A680",7.43
"1313",2013,"A685",7.715
"1314",2013,"A690",NA
"1315",2013,"B484",6.84
"1316",2013,"C320",7.455
"1317",2013,"C370",7.775
"1318",2013,"D320",7.335
"1319",2013,"G320",7.325
"1320",2013,"KSHZ06",7.79
"1321",2013,"KTHA03",7.95
"1322",2013,"N484",7.43
"1323",2013,"VA12A",NA
"1324",2013,"VA41A",NA
"1325",2013,"VA42A",7.655
"1326",2013,"VA45A",NA
"1327",2014,"0311",NA
"1328",2014,"0317",6.92
"1329",2014,"0321",7.2
"1330",2014,"0322",7.695
"1331",2014,"0430",7.63
"1332",2014,"0434",7.74
"1333",2014,"0438",7.275
"1334",2014,"0440",7.7
"1335",2014,"0442",8.11
"1336",2014,"0444",7.21
"1337",2014,"0446",7.43
"1338",2014,"0470",7.28
"1339",2014,"0474",7.465
"1340",2014,"0478",7.575
"1341",2014,"0484",7.295
"1342",2014,"0631",7.395
"1343",2014,"A315",6.97
"1344",2014,"A320",7.595
"1345",2014,"A432",7.795
"1346",2014,"A456",7.175
"1347",2014,"A499",NA
"1348",2014,"A617",7.765
"1349",2014,"A620",7.705
"1350",2014,"A630",7.32
"1351",2014,"A680",7.34
"1352",2014,"A685",7.795
"1353",2014,"A690",NA
"1354",2014,"B484",6.905
"1355",2014,"C320",7.425
"1356",2014,"C370",7.635
"1357",2014,"D320",7.23
"1358",2014,"G320",7.24
"1359",2014,"KSHZ06",7.75
"1360",2014,"KTHA03",7.85
"1361",2014,"N484",7.375
"1362",2014,"VA12A",NA
"1363",2014,"VA41A",NA
"1364",2014,"VA42A",7.665
"1365",2014,"VA45A",NA
"1366",2015,"0311",7.19
"1367",2015,"0317",7.01
"1368",2015,"0321",7.43
"1369",2015,"0322",7.865
"1370",2015,"0430",7.705
"1371",2015,"0434",7.755
"1372",2015,"0438",7.645
"1373",2015,"0440",7.89
"1374",2015,"0442",8.155
"1375",2015,"0444",7.37
"1376",2015,"0446",7.485
"1377",2015,"0470",7.415
"1378",2015,"0474",7.535
"1379",2015,"0478",7.625
"1380",2015,"0484",7.4
"1381",2015,"0631",7.545
"1382",2015,"A315",7.075
"1383",2015,"A320",7.69
"1384",2015,"A432",7.85
"1385",2015,"A456",7.405
"1386",2015,"A499",8.02
"1387",2015,"A617",7.895
"1388",2015,"A620",7.76
"1389",2015,"A630",7.43
"1390",2015,"A680",7.54
"1391",2015,"A685",7.91
"1392",2015,"A690",7.805
"1393",2015,"B484",7.015
"1394",2015,"C320",7.47
"1395",2015,"C370",7.685
"1396",2015,"D320",7.55
"1397",2015,"G320",7.51
"1398",2015,"KSHZ06",7.925
"1399",2015,"KTHA03",8.005
"1400",2015,"N484",7.43666666666667
"1401",2015,"VA12A",7.71
"1402",2015,"VA41A",7.505
"1403",2015,"VA42A",7.61
"1404",2015,"VA45A",6.8
"1405",2016,"0311",7.23
"1406",2016,"0317",7.055
"1407",2016,"0321",7.35
"1408",2016,"0322",7.88
"1409",2016,"0430",7.725
"1410",2016,"0434",7.675
"1411",2016,"0438",7.475
"1412",2016,"0440",7.8
"1413",2016,"0442",8.175
"1414",2016,"0444",7.325
"1415",2016,"0446",7.42
"1416",2016,"0470",7.355
"1417",2016,"0474",7.48
"1418",2016,"0478",7.62
"1419",2016,"0484",7.47
"1420",2016,"0631",7.59
"1421",2016,"A315",7.075
"1422",2016,"A320",7.59
"1423",2016,"A432",7.805
"1424",2016,"A456",7.285
"1425",2016,"A499",7.97
"1426",2016,"A617",7.69
"1427",2016,"A620",7.625
"1428",2016,"A630",7.26
"1429",2016,"A680",7.44
"1430",2016,"A685",7.735
"1431",2016,"A690",7.645
"1432",2016,"B484",7.03
"1433",2016,"C320",7.39
"1434",2016,"C370",7.69
"1435",2016,"D320",7.455
"1436",2016,"G320",7.475
"1437",2016,"KSHZ06",7.91
"1438",2016,"KTHA03",7.96
"1439",2016,"N484",7.4825
"1440",2016,"VA12A",7.745
"1441",2016,"VA41A",7.56
"1442",2016,"VA42A",7.66
"1443",2016,"VA45A",6.77
"1444",2017,"0311",7.225
"1445",2017,"0317",7.05
"1446",2017,"0321",7.405
"1447",2017,"0322",7.76
"1448",2017,"0430",7.66
"1449",2017,"0434",7.73
"1450",2017,"0438",7.485
"1451",2017,"0440",7.7
"1452",2017,"0442",8.0675
"1453",2017,"0444",7.32
"1454",2017,"0446",7.435
"1455",2017,"0470",7.39
"1456",2017,"0474",7.545
"1457",2017,"0478",7.615
"1458",2017,"0484",7.41
"1459",2017,"0631",7.45
"1460",2017,"A315",7.085
"1461",2017,"A320",7.63
"1462",2017,"A432",7.76
"1463",2017,"A456",7.435
"1464",2017,"A499",8.025
"1465",2017,"A617",7.7075
"1466",2017,"A620",7.68
"1467",2017,"A630",7.365
"1468",2017,"A680",7.4625
"1469",2017,"A685",7.76
"1470",2017,"A690",7.715
"1471",2017,"B484",7.08
"1472",2017,"C320",7.51
"1473",2017,"C370",7.6
"1474",2017,"D320",7.435
"1475",2017,"G320",7.465
"1476",2017,"KSHZ06",7.8625
"1477",2017,"KTHA03",7.96
"1478",2017,"N484",7.39
"1479",2017,"VA12A",7.62
"1480",2017,"VA41A",7.465
"1481",2017,"VA42A",7.695
"1482",2017,"VA45A",6.97
"1483",2018,"0311",7.26
"1484",2018,"0317",7.025
"1485",2018,"0321",7.42
"1486",2018,"0322",7.805
"1487",2018,"0430",7.675
"1488",2018,"0434",7.705
"1489",2018,"0438",7.42
"1490",2018,"0440",7.89
"1491",2018,"0442",8.13
"1492",2018,"0444",7.355
"1493",2018,"0446",7.52
"1494",2018,"0470",7.405
"1495",2018,"0474",7.57
"1496",2018,"0478",7.61
"1497",2018,"0484",7.45
"1498",2018,"0631",7.575
"1499",2018,"A315",7.185
"1500",2018,"A320",7.69
"1501",2018,"A432",7.785
"1502",2018,"A456",7.52
"1503",2018,"A499",8.04
"1504",2018,"A617",7.845
"1505",2018,"A620",7.735
"1506",2018,"A630",7.385
"1507",2018,"A680",7.545
"1508",2018,"A685",7.865
"1509",2018,"A690",7.8
"1510",2018,"B484",7.085
"1511",2018,"C320",7.405
"1512",2018,"C370",7.77
"1513",2018,"D320",7.495
"1514",2018,"G320",7.545
"1515",2018,"KSHZ06",7.925
"1516",2018,"KTHA03",8.01
"1517",2018,"N484",7.4675
"1518",2018,"VA12A",7.73
"1519",2018,"VA41A",7.52
"1520",2018,"VA42A",7.66
"1521",2018,"VA45A",6.835
"1522",2019,"0311",7.2
"1523",2019,"0317",6.945
"1524",2019,"0321",7.37
"1525",2019,"0322",7.755
"1526",2019,"0430",7.675
"1527",2019,"0434",7.615
"1528",2019,"0438",7.515
"1529",2019,"0440",7.78
"1530",2019,"0442",7.94
"1531",2019,"0444",7.245
"1532",2019,"0446",7.51
"1533",2019,"0470",7.315
"1534",2019,"0474",7.43
"1535",2019,"0478",7.595
"1536",2019,"0484",7.385
"1537",2019,"0631",7.54
"1538",2019,"A315",7.08
"1539",2019,"A320",7.61
"1540",2019,"A432",7.8025
"1541",2019,"A456",7.365
"1542",2019,"A499",7.97
"1543",2019,"A617",7.78
"1544",2019,"A620",7.645
"1545",2019,"A630",7.295
"1546",2019,"A680",7.52
"1547",2019,"A685",7.835
"1548",2019,"A690",7.815
"1549",2019,"B484",7.005
"1550",2019,"C320",7.41
"1551",2019,"C370",7.61
"1552",2019,"D320",7.395
"1553",2019,"G320",7.43
"1554",2019,"KSHZ06",7.905
"1555",2019,"KTHA03",8
"1556",2019,"N484",7.42
"1557",2019,"VA12A",7.715
"1558",2019,"VA41A",7.49
"1559",2019,"VA42A",7.61
"1560",2019,"VA45A",6.87
"1561",2020,"0311",7.14
"1562",2020,"0317",6.93
"1563",2020,"0321",7.41
"1564",2020,"0322",7.79
"1565",2020,"0430",7.71
"1566",2020,"0434",7.69
"1567",2020,"0438",7.5
"1568",2020,"0440",7.79
"1569",2020,"0442",8.11
"1570",2020,"0444",7.28
"1571",2020,"0446",7.52
"1572",2020,"0470",7.36
"1573",2020,"0474",7.5
"1574",2020,"0478",7.64
"1575",2020,"0484",7.45
"1576",2020,"0631",7.49
"1577",2020,"A315",7.07
"1578",2020,"A320",7.65
"1579",2020,"A432",7.79
"1580",2020,"A456",7.37
"1581",2020,"A499",8.03
"1582",2020,"A617",7.75
"1583",2020,"A620",7.63
"1584",2020,"A630",7.38
"1585",2020,"A680",7.48
"1586",2020,"A685",7.78
"1587",2020,"A690",7.69
"1588",2020,"B484",7.04
"1589",2020,"C320",7.4
"1590",2020,"C370",7.62
"1591",2020,"D320",7.43
"1592",2020,"G320",7.46
"1593",2020,"KSHZ06",7.89
"1594",2020,"KTHA03",8
"1595",2020,"N484",7.4
"1596",2020,"VA12A",7.73
"1597",2020,"VA41A",7.5
"1598",2020,"VA42A",7.65
"1599",2020,"VA45A",6.77
"1600",2021,"0311",7.15
"1601",2021,"0317",6.93
"1602",2021,"0321",7.225
"1603",2021,"0322",7.745
"1604",2021,"0430",7.745
"1605",2021,"0434",7.725
"1606",2021,"0438",7.555
"1607",2021,"0440",7.78
"1608",2021,"0442",7.995
"1609",2021,"0444",7.265
"1610",2021,"0446",7.54
"1611",2021,"0470",7.39
"1612",2021,"0474",7.535
"1613",2021,"0478",7.66
"1614",2021,"0484",NA
"1615",2021,"0631",7.575
"1616",2021,"A315",6.965
"1617",2021,"A320",7.575
"1618",2021,"A432",7.855
"1619",2021,"A456",7.4
"1620",2021,"A499",8.05
"1621",2021,"A617",7.82
"1622",2021,"A620",7.71
"1623",2021,"A630",7.375
"1624",2021,"A680",7.505
"1625",2021,"A685",7.835
"1626",2021,"A690",7.76
"1627",2021,"B484",7.015
"1628",2021,"C320",7.345
"1629",2021,"C370",7.68
"1630",2021,"D320",7.425
"1631",2021,"G320",7.375
"1632",2021,"KSHZ06",7.98
"1633",2021,"KTHA03",8.065
"1634",2021,"N484",7.435
"1635",2021,"VA12A",7.79
"1636",2021,"VA41A",7.56
"1637",2021,"VA42A",7.69
"1638",2021,"VA45A",6.725
"1639",2022,"0311",7.18
"1640",2022,"0317",6.835
"1641",2022,"0321",7.31
"1642",2022,"0322",7.645
"1643",2022,"0430",7.645
"1644",2022,"0434",7.715
"1645",2022,"0438",7.36
"1646",2022,"0440",7.72
"1647",2022,"0442",8
"1648",2022,"0444",7.1925
"1649",2022,"0446",7.4925
"1650",2022,"0470",7.425
"1651",2022,"0474",7.525
"1652",2022,"0478",7.595
"1653",2022,"0484",NA
"1654",2022,"0631",7.415
"1655",2022,"A315",6.865
"1656",2022,"A320",7.525
"1657",2022,"A432",7.8
"1658",2022,"A456",7.33
"1659",2022,"A499",8.04
"1660",2022,"A617",7.87
"1661",2022,"A620",7.59
"1662",2022,"A630",7.31
"1663",2022,"A680",7.37
"1664",2022,"A685",7.675
"1665",2022,"A690",7.725
"1666",2022,"B484",6.99
"1667",2022,"C320",7.285
"1668",2022,"C370",7.645
"1669",2022,"D320",7.34
"1670",2022,"G320",7.33
"1671",2022,"KSHZ06",7.965
"1672",2022,"KTHA03",7.95
"1673",2022,"N484",7.355
"1674",2022,"VA12A",7.645
"1675",2022,"VA41A",7.435
"1676",2022,"VA42A",7.61
"1677",2022,"VA45A",6.735
