"","Year","Locator","mg/L"
"1",1980,"0311",8.55
"2",1980,"0317",20.75
"3",1980,"0321",6.65
"4",1980,"0322",4.75
"5",1980,"0430",4.2
"6",1980,"0434",5.1
"7",1980,"0438",2.675
"8",1980,"0440",5
"9",1980,"0442",4.4
"10",1980,"0444",10.7
"11",1980,"0446",6.3
"12",1980,"0470",4.8
"13",1980,"0474",9.6
"14",1980,"0478",6
"15",1980,"0484",6.8
"16",1980,"0631",6.05
"17",1980,"A315",22.3
"18",1980,"A320",3.8
"19",1980,"A432",9.1
"20",1980,"A456",5.25
"21",1980,"A499",8.5
"22",1980,"A617",NA
"23",1980,"A620",NA
"24",1980,"A630",6.8
"25",1980,"A680",NA
"26",1980,"A685",NA
"27",1980,"A690",NA
"28",1980,"B484",6.3
"29",1980,"C320",1.85
"30",1980,"C370",5
"31",1980,"D320",2.5
"32",1980,"G320",6.5
"33",1980,"KSHZ06",NA
"34",1980,"KTHA03",NA
"35",1980,"LSIN1",NA
"36",1980,"LSIN9",NA
"37",1980,"N484",4
"38",1980,"VA12A",NA
"39",1980,"VA41A",NA
"40",1980,"VA42A",NA
"41",1980,"VA45A",NA
"42",1981,"0311",9.95
"43",1981,"0317",15
"44",1981,"0321",5
"45",1981,"0322",4.75
"46",1981,"0430",4.9
"47",1981,"0434",5.25
"48",1981,"0438",4.3
"49",1981,"0440",5
"50",1981,"0442",3.065
"51",1981,"0444",8.35
"52",1981,"0446",5.6
"53",1981,"0470",4
"54",1981,"0474",5.33
"55",1981,"0478",3.985
"56",1981,"0484",6.85
"57",1981,"0631",7.25
"58",1981,"A315",10.015
"59",1981,"A320",6.7
"60",1981,"A432",9.085
"61",1981,"A456",7.85
"62",1981,"A499",9.15
"63",1981,"A617",NA
"64",1981,"A620",NA
"65",1981,"A630",7.665
"66",1981,"A680",NA
"67",1981,"A685",NA
"68",1981,"A690",NA
"69",1981,"B484",6
"70",1981,"C320",2.315
"71",1981,"C370",4.835
"72",1981,"D320",2.5
"73",1981,"G320",6.165
"74",1981,"KSHZ06",NA
"75",1981,"KTHA03",NA
"76",1981,"LSIN1",NA
"77",1981,"LSIN9",NA
"78",1981,"N484",6.15
"79",1981,"VA12A",NA
"80",1981,"VA41A",NA
"81",1981,"VA42A",NA
"82",1981,"VA45A",NA
"83",1982,"0311",7.255
"84",1982,"0317",18.75
"85",1982,"0321",6
"86",1982,"0322",5.335
"87",1982,"0430",3.665
"88",1982,"0434",6.335
"89",1982,"0438",3.33
"90",1982,"0440",5.995
"91",1982,"0442",5.83
"92",1982,"0444",8.4125
"93",1982,"0446",5.335
"94",1982,"0470",5.865
"95",1982,"0474",6.84
"96",1982,"0478",4.665
"97",1982,"0484",8
"98",1982,"0631",5.3
"99",1982,"A315",9.335
"100",1982,"A320",4
"101",1982,"A432",9.995
"102",1982,"A456",4.835
"103",1982,"A499",9.65
"104",1982,"A617",NA
"105",1982,"A620",NA
"106",1982,"A630",5.665
"107",1982,"A680",NA
"108",1982,"A685",NA
"109",1982,"A690",NA
"110",1982,"B484",6
"111",1982,"C320",2.665
"112",1982,"C370",5.34
"113",1982,"D320",3.33
"114",1982,"G320",6.875
"115",1982,"KSHZ06",NA
"116",1982,"KTHA03",NA
"117",1982,"LSIN1",NA
"118",1982,"LSIN9",NA
"119",1982,"N484",4.5
"120",1982,"VA12A",NA
"121",1982,"VA41A",NA
"122",1982,"VA42A",NA
"123",1982,"VA45A",NA
"124",1983,"0311",7.34
"125",1983,"0317",22.7
"126",1983,"0321",NA
"127",1983,"0322",4
"128",1983,"0430",3.33
"129",1983,"0434",4.67
"130",1983,"0438",NA
"131",1983,"0440",10
"132",1983,"0442",4.5
"133",1983,"0444",8.67
"134",1983,"0446",4.67
"135",1983,"0470",5.99
"136",1983,"0474",6.33
"137",1983,"0478",7.67
"138",1983,"0484",8.34
"139",1983,"0631",3.99
"140",1983,"A315",14.7
"141",1983,"A320",2.34
"142",1983,"A432",8.66
"143",1983,"A456",7.34
"144",1983,"A499",6.68
"145",1983,"A617",NA
"146",1983,"A620",NA
"147",1983,"A630",5
"148",1983,"A680",NA
"149",1983,"A685",NA
"150",1983,"A690",NA
"151",1983,"B484",6.68
"152",1983,"C320",2.34
"153",1983,"C370",NA
"154",1983,"D320",2.33
"155",1983,"G320",6
"156",1983,"KSHZ06",NA
"157",1983,"KTHA03",NA
"158",1983,"LSIN1",NA
"159",1983,"LSIN9",NA
"160",1983,"N484",5.67
"161",1983,"VA12A",NA
"162",1983,"VA41A",NA
"163",1983,"VA42A",NA
"164",1983,"VA45A",NA
"165",1984,"0311",10.3
"166",1984,"0317",23.3
"167",1984,"0321",NA
"168",1984,"0322",8.66
"169",1984,"0430",5.17
"170",1984,"0434",7.24
"171",1984,"0438",NA
"172",1984,"0440",11
"173",1984,"0442",9.33
"174",1984,"0444",8.01
"175",1984,"0446",5.93
"176",1984,"0470",5.835
"177",1984,"0474",8.535
"178",1984,"0478",6.67
"179",1984,"0484",9.9
"180",1984,"0631",7.67
"181",1984,"A315",18.5
"182",1984,"A320",4.34
"183",1984,"A432",9.16
"184",1984,"A456",6.64
"185",1984,"A499",8.17
"186",1984,"A617",NA
"187",1984,"A620",NA
"188",1984,"A630",12.3
"189",1984,"A680",NA
"190",1984,"A685",NA
"191",1984,"A690",NA
"192",1984,"B484",6.67
"193",1984,"C320",5
"194",1984,"C370",NA
"195",1984,"D320",3.99
"196",1984,"G320",7.5
"197",1984,"KSHZ06",NA
"198",1984,"KTHA03",NA
"199",1984,"LSIN1",NA
"200",1984,"LSIN9",NA
"201",1984,"N484",5.83
"202",1984,"VA12A",NA
"203",1984,"VA41A",NA
"204",1984,"VA42A",NA
"205",1984,"VA45A",NA
"206",1985,"0311",6.33
"207",1985,"0317",20.75
"208",1985,"0321",NA
"209",1985,"0322",6.825
"210",1985,"0430",3.755
"211",1985,"0434",4.505
"212",1985,"0438",NA
"213",1985,"0440",6.175
"214",1985,"0442",7
"215",1985,"0444",5.335
"216",1985,"0446",4.415
"217",1985,"0470",4.505
"218",1985,"0474",7.505
"219",1985,"0478",4.335
"220",1985,"0484",7.5
"221",1985,"0631",3.33
"222",1985,"A315",15.5
"223",1985,"A320",3.63
"224",1985,"A432",8
"225",1985,"A456",3.995
"226",1985,"A499",6.33
"227",1985,"A617",NA
"228",1985,"A620",NA
"229",1985,"A630",6
"230",1985,"A680",NA
"231",1985,"A685",NA
"232",1985,"A690",NA
"233",1985,"B484",5.835
"234",1985,"C320",2.255
"235",1985,"C370",NA
"236",1985,"D320",2.495
"237",1985,"G320",4.67
"238",1985,"KSHZ06",NA
"239",1985,"KTHA03",NA
"240",1985,"LSIN1",NA
"241",1985,"LSIN9",NA
"242",1985,"N484",4.67
"243",1985,"VA12A",NA
"244",1985,"VA41A",NA
"245",1985,"VA42A",NA
"246",1985,"VA45A",NA
"247",1986,"0311",6
"248",1986,"0317",16.9
"249",1986,"0321",NA
"250",1986,"0322",5
"251",1986,"0430",5
"252",1986,"0434",6.35
"253",1986,"0438",NA
"254",1986,"0440",4.67
"255",1986,"0442",4.67
"256",1986,"0444",5.33
"257",1986,"0446",7.4
"258",1986,"0470",4.67
"259",1986,"0474",9.33
"260",1986,"0478",6.33
"261",1986,"0484",8.67
"262",1986,"0631",4.01
"263",1986,"A315",9.33
"264",1986,"A320",3
"265",1986,"A432",7.8
"266",1986,"A456",6.4
"267",1986,"A499",6
"268",1986,"A617",NA
"269",1986,"A620",NA
"270",1986,"A630",5.99
"271",1986,"A680",NA
"272",1986,"A685",NA
"273",1986,"A690",NA
"274",1986,"B484",15.7
"275",1986,"C320",2.34
"276",1986,"C370",NA
"277",1986,"D320",2.33
"278",1986,"G320",5.67
"279",1986,"KSHZ06",NA
"280",1986,"KTHA03",NA
"281",1986,"LSIN1",NA
"282",1986,"LSIN9",NA
"283",1986,"N484",5.01
"284",1986,"VA12A",NA
"285",1986,"VA41A",NA
"286",1986,"VA42A",NA
"287",1986,"VA45A",NA
"288",1987,"0311",7.5
"289",1987,"0317",18.275
"290",1987,"0321",NA
"291",1987,"0322",3.67
"292",1987,"0430",3.835
"293",1987,"0434",4.5
"294",1987,"0438",NA
"295",1987,"0440",3.5
"296",1987,"0442",3.5
"297",1987,"0444",5.835
"298",1987,"0446",3.835
"299",1987,"0470",6
"300",1987,"0474",7.5
"301",1987,"0478",5
"302",1987,"0484",8.8325
"303",1987,"0631",3.83
"304",1987,"A315",7.415
"305",1987,"A320",4.5
"306",1987,"A432",8.5
"307",1987,"A456",4.335
"308",1987,"A499",6.165
"309",1987,"A617",NA
"310",1987,"A620",NA
"311",1987,"A630",5.8
"312",1987,"A680",NA
"313",1987,"A685",NA
"314",1987,"A690",NA
"315",1987,"B484",8.665
"316",1987,"C320",2.335
"317",1987,"C370",NA
"318",1987,"D320",2
"319",1987,"G320",3.265
"320",1987,"KSHZ06",NA
"321",1987,"KTHA03",NA
"322",1987,"LSIN1",NA
"323",1987,"LSIN9",NA
"324",1987,"N484",4
"325",1987,"VA12A",NA
"326",1987,"VA41A",NA
"327",1987,"VA42A",NA
"328",1987,"VA45A",NA
"329",1988,"0311",4.5
"330",1988,"0317",14
"331",1988,"0321",NA
"332",1988,"0322",3.485
"333",1988,"0430",2.535
"334",1988,"0434",2.67
"335",1988,"0438",NA
"336",1988,"0440",4.335
"337",1988,"0442",2.835
"338",1988,"0444",5.25
"339",1988,"0446",4.33
"340",1988,"0470",4.165
"341",1988,"0474",4.5
"342",1988,"0478",4
"343",1988,"0484",7.835
"344",1988,"0631",4.5
"345",1988,"A315",7.335
"346",1988,"A320",4
"347",1988,"A432",7.17
"348",1988,"A456",3
"349",1988,"A499",5.835
"350",1988,"A617",NA
"351",1988,"A620",NA
"352",1988,"A630",3.52
"353",1988,"A680",2.67
"354",1988,"A685",NA
"355",1988,"A690",2.33
"356",1988,"B484",6.83
"357",1988,"C320",2.835
"358",1988,"C370",NA
"359",1988,"D320",2.31
"360",1988,"G320",3.02
"361",1988,"KSHZ06",NA
"362",1988,"KTHA03",NA
"363",1988,"LSIN1",NA
"364",1988,"LSIN9",NA
"365",1988,"N484",4.5
"366",1988,"VA12A",NA
"367",1988,"VA41A",NA
"368",1988,"VA42A",NA
"369",1988,"VA45A",NA
"370",1989,"0311",7.775
"371",1989,"0317",18.35
"372",1989,"0321",NA
"373",1989,"0322",6.29
"374",1989,"0430",5.9
"375",1989,"0434",4.665
"376",1989,"0438",NA
"377",1989,"0440",6.4
"378",1989,"0442",7.4
"379",1989,"0444",4.75
"380",1989,"0446",2.4
"381",1989,"0470",2.9
"382",1989,"0474",4.4
"383",1989,"0478",6.1
"384",1989,"0484",9.2425
"385",1989,"0631",5.75
"386",1989,"A315",17.75
"387",1989,"A320",5.2
"388",1989,"A432",9.0425
"389",1989,"A456",3
"390",1989,"A499",7.1
"391",1989,"A617",NA
"392",1989,"A620",NA
"393",1989,"A630",5.155
"394",1989,"A680",NA
"395",1989,"A685",NA
"396",1989,"A690",NA
"397",1989,"B484",5
"398",1989,"C320",4
"399",1989,"C370",NA
"400",1989,"D320",3.35
"401",1989,"G320",4.015
"402",1989,"KSHZ06",5
"403",1989,"KTHA03",3.8
"404",1989,"LSIN1",NA
"405",1989,"LSIN9",NA
"406",1989,"N484",5.495
"407",1989,"VA12A",NA
"408",1989,"VA41A",NA
"409",1989,"VA42A",NA
"410",1989,"VA45A",NA
"411",1990,"0311",7.4
"412",1990,"0317",21.3
"413",1990,"0321",NA
"414",1990,"0322",5
"415",1990,"0430",2.33
"416",1990,"0434",3.48
"417",1990,"0438",NA
"418",1990,"0440",2.4
"419",1990,"0442",4.4
"420",1990,"0444",5.155
"421",1990,"0446",4.56
"422",1990,"0470",2.5
"423",1990,"0474",6.8
"424",1990,"0478",5.83
"425",1990,"0484",9.75
"426",1990,"0631",7.7
"427",1990,"A315",10.5
"428",1990,"A320",3.74
"429",1990,"A432",10.675
"430",1990,"A456",2.8
"431",1990,"A499",4.89
"432",1990,"A617",NA
"433",1990,"A620",NA
"434",1990,"A630",5.2
"435",1990,"A680",NA
"436",1990,"A685",NA
"437",1990,"A690",NA
"438",1990,"B484",5.18
"439",1990,"C320",3.33
"440",1990,"C370",NA
"441",1990,"D320",2.8
"442",1990,"G320",3.77
"443",1990,"KSHZ06",3.71
"444",1990,"KTHA03",3.4
"445",1990,"LSIN1",NA
"446",1990,"LSIN9",NA
"447",1990,"N484",4
"448",1990,"VA12A",NA
"449",1990,"VA41A",NA
"450",1990,"VA42A",NA
"451",1990,"VA45A",NA
"452",1991,"0311",9
"453",1991,"0317",24
"454",1991,"0321",NA
"455",1991,"0322",7.1
"456",1991,"0430",3.4
"457",1991,"0434",5
"458",1991,"0438",NA
"459",1991,"0440",6.31
"460",1991,"0442",40.5333333333333
"461",1991,"0444",15.7333333333333
"462",1991,"0446",12.715
"463",1991,"0470",3.6
"464",1991,"0474",4.8
"465",1991,"0478",5.2
"466",1991,"0484",9.555
"467",1991,"0631",17
"468",1991,"A315",11.3
"469",1991,"A320",12.9333333333333
"470",1991,"A432",15.5
"471",1991,"A456",3
"472",1991,"A499",6.4
"473",1991,"A617",NA
"474",1991,"A620",NA
"475",1991,"A630",6
"476",1991,"A680",NA
"477",1991,"A685",NA
"478",1991,"A690",NA
"479",1991,"B484",4.8
"480",1991,"C320",3.035
"481",1991,"C370",NA
"482",1991,"D320",2.81
"483",1991,"G320",2.8
"484",1991,"KSHZ06",3.2
"485",1991,"KTHA03",4
"486",1991,"LSIN1",NA
"487",1991,"LSIN9",NA
"488",1991,"N484",3
"489",1991,"VA12A",NA
"490",1991,"VA41A",NA
"491",1991,"VA42A",NA
"492",1991,"VA45A",NA
"493",1992,"0311",6.1
"494",1992,"0317",13.25
"495",1992,"0321",NA
"496",1992,"0322",3.1675
"497",1992,"0430",5.45
"498",1992,"0434",3.605
"499",1992,"0438",NA
"500",1992,"0440",3.825
"501",1992,"0442",2.6
"502",1992,"0444",4.5
"503",1992,"0446",4
"504",1992,"0470",3.7
"505",1992,"0474",4.345
"506",1992,"0478",5.5
"507",1992,"0484",9.25
"508",1992,"0631",3.5
"509",1992,"A315",4.6
"510",1992,"A320",3.4
"511",1992,"A432",6.675
"512",1992,"A456",4.45
"513",1992,"A499",4.35
"514",1992,"A617",NA
"515",1992,"A620",NA
"516",1992,"A630",5
"517",1992,"A680",NA
"518",1992,"A685",NA
"519",1992,"A690",NA
"520",1992,"B484",3.675
"521",1992,"C320",3.2
"522",1992,"C370",NA
"523",1992,"D320",2.35
"524",1992,"G320",4.4
"525",1992,"KSHZ06",2.7
"526",1992,"KTHA03",2.45
"527",1992,"LSIN1",NA
"528",1992,"LSIN9",NA
"529",1992,"N484",2.7
"530",1992,"VA12A",NA
"531",1992,"VA41A",NA
"532",1992,"VA42A",NA
"533",1992,"VA45A",NA
"534",1993,"0311",6.45
"535",1993,"0317",8.7
"536",1993,"0321",4
"537",1993,"0322",5.1
"538",1993,"0430",8.2
"539",1993,"0434",6.1
"540",1993,"0438",NA
"541",1993,"0440",4
"542",1993,"0442",2.9
"543",1993,"0444",3.5
"544",1993,"0446",8.55
"545",1993,"0470",4.95
"546",1993,"0474",6.55
"547",1993,"0478",10.3475
"548",1993,"0484",7.9
"549",1993,"0631",5.05
"550",1993,"A315",4.55
"551",1993,"A320",3.6
"552",1993,"A432",8
"553",1993,"A456",4.3
"554",1993,"A499",8.55
"555",1993,"A617",NA
"556",1993,"A620",NA
"557",1993,"A630",6.2
"558",1993,"A680",NA
"559",1993,"A685",NA
"560",1993,"A690",NA
"561",1993,"B484",5
"562",1993,"C320",1.85
"563",1993,"C370",NA
"564",1993,"D320",2.5
"565",1993,"G320",3.6
"566",1993,"KSHZ06",5.2
"567",1993,"KTHA03",2.55
"568",1993,"LSIN1",NA
"569",1993,"LSIN9",NA
"570",1993,"N484",5.8
"571",1993,"VA12A",NA
"572",1993,"VA41A",NA
"573",1993,"VA42A",NA
"574",1993,"VA45A",NA
"575",1994,"0311",5.05
"576",1994,"0317",9.225
"577",1994,"0321",2.9
"578",1994,"0322",3.6
"579",1994,"0430",4.325
"580",1994,"0434",3.7
"581",1994,"0438",NA
"582",1994,"0440",3.8
"583",1994,"0442",1.8
"584",1994,"0444",3.4
"585",1994,"0446",5.775
"586",1994,"0470",4.65
"587",1994,"0474",4.8
"588",1994,"0478",5.6
"589",1994,"0484",6.6
"590",1994,"0631",5.1
"591",1994,"A315",5.2
"592",1994,"A320",3.8
"593",1994,"A432",6.4
"594",1994,"A456",6.9
"595",1994,"A499",5.55
"596",1994,"A617",NA
"597",1994,"A620",NA
"598",1994,"A630",3.85
"599",1994,"A680",NA
"600",1994,"A685",NA
"601",1994,"A690",NA
"602",1994,"B484",4.3
"603",1994,"C320",2.7
"604",1994,"C370",NA
"605",1994,"D320",4.6
"606",1994,"G320",5.2
"607",1994,"KSHZ06",3.3
"608",1994,"KTHA03",1.9
"609",1994,"LSIN1",NA
"610",1994,"LSIN9",NA
"611",1994,"N484",5
"612",1994,"VA12A",NA
"613",1994,"VA41A",NA
"614",1994,"VA42A",NA
"615",1994,"VA45A",NA
"616",1995,"0311",4.4
"617",1995,"0317",22.1333333333333
"618",1995,"0321",5.675
"619",1995,"0322",5
"620",1995,"0430",11.5
"621",1995,"0434",12.46
"622",1995,"0438",NA
"623",1995,"0440",11.5
"624",1995,"0442",6.95
"625",1995,"0444",7.76666666666667
"626",1995,"0446",9.975
"627",1995,"0470",7.225
"628",1995,"0474",9.875
"629",1995,"0478",11
"630",1995,"0484",15.35
"631",1995,"0631",7.55
"632",1995,"A315",9.65
"633",1995,"A320",5.35
"634",1995,"A432",14.9333333333333
"635",1995,"A456",8.25
"636",1995,"A499",6.15
"637",1995,"A617",4.7
"638",1995,"A620",NA
"639",1995,"A630",6.65
"640",1995,"A680",3.5
"641",1995,"A685",NA
"642",1995,"A690",4.3
"643",1995,"B484",3.075
"644",1995,"C320",2
"645",1995,"C370",NA
"646",1995,"D320",2.6
"647",1995,"G320",2.9
"648",1995,"KSHZ06",7.66666666666667
"649",1995,"KTHA03",1.7
"650",1995,"LSIN1",1.85
"651",1995,"LSIN9",1.6
"652",1995,"N484",3.05
"653",1995,"VA12A",NA
"654",1995,"VA41A",NA
"655",1995,"VA42A",NA
"656",1995,"VA45A",NA
"657",1996,"0311",18.4
"658",1996,"0317",8.7
"659",1996,"0321",4.36666666666667
"660",1996,"0322",7.025
"661",1996,"0430",6.35
"662",1996,"0434",6.15
"663",1996,"0438",NA
"664",1996,"0440",10.525
"665",1996,"0442",7.55
"666",1996,"0444",3.75
"667",1996,"0446",6.25
"668",1996,"0470",4.1
"669",1996,"0474",4.2
"670",1996,"0478",9.025
"671",1996,"0484",9.8
"672",1996,"0631",15.4
"673",1996,"A315",6.2
"674",1996,"A320",7.15
"675",1996,"A432",11.5
"676",1996,"A456",5
"677",1996,"A499",6.3
"678",1996,"A617",5.95
"679",1996,"A620",2.3
"680",1996,"A630",11.5
"681",1996,"A680",6.99166666666667
"682",1996,"A685",5.125
"683",1996,"A690",12.95
"684",1996,"B484",4
"685",1996,"C320",2
"686",1996,"C370",3.5
"687",1996,"D320",2.5
"688",1996,"G320",3.6
"689",1996,"KSHZ06",4
"690",1996,"KTHA03",2.8
"691",1996,"LSIN1",NA
"692",1996,"LSIN9",NA
"693",1996,"N484",3.8
"694",1996,"VA12A",NA
"695",1996,"VA41A",NA
"696",1996,"VA42A",NA
"697",1996,"VA45A",NA
"698",1997,"0311",15.1
"699",1997,"0317",9.4
"700",1997,"0321",4.075
"701",1997,"0322",4.51666666666667
"702",1997,"0430",3.65
"703",1997,"0434",5.7
"704",1997,"0438",6.75
"705",1997,"0440",3
"706",1997,"0442",2.6
"707",1997,"0444",3.9
"708",1997,"0446",2.5
"709",1997,"0470",2.6
"710",1997,"0474",4.1
"711",1997,"0478",4.925
"712",1997,"0484",6.6
"713",1997,"0631",5.55
"714",1997,"A315",6.475
"715",1997,"A320",5.25
"716",1997,"A432",9.7
"717",1997,"A456",3.55
"718",1997,"A499",5.8
"719",1997,"A617",2.25
"720",1997,"A620",1
"721",1997,"A630",7.8
"722",1997,"A680",6.5
"723",1997,"A685",3.35
"724",1997,"A690",8.45
"725",1997,"B484",3.8
"726",1997,"C320",2.25
"727",1997,"C370",3
"728",1997,"D320",2.7
"729",1997,"G320",3.3
"730",1997,"KSHZ06",3.7
"731",1997,"KTHA03",2.625
"732",1997,"LSIN1",NA
"733",1997,"LSIN9",NA
"734",1997,"N484",2.95
"735",1997,"VA12A",NA
"736",1997,"VA41A",NA
"737",1997,"VA42A",NA
"738",1997,"VA45A",NA
"739",1998,"0311",5.8
"740",1998,"0317",12.6
"741",1998,"0321",8.49583333333333
"742",1998,"0322",6.4
"743",1998,"0430",6.7
"744",1998,"0434",6.425
"745",1998,"0438",8.85
"746",1998,"0440",8.25
"747",1998,"0442",5.575
"748",1998,"0444",8.125
"749",1998,"0446",4.8
"750",1998,"0470",5.95
"751",1998,"0474",4.8
"752",1998,"0478",6.38333333333333
"753",1998,"0484",8.75
"754",1998,"0631",5.975
"755",1998,"A315",8
"756",1998,"A320",3.2
"757",1998,"A432",8.76666666666667
"758",1998,"A456",4.25
"759",1998,"A499",6
"760",1998,"A617",3.725
"761",1998,"A620",0.825
"762",1998,"A630",8.2
"763",1998,"A680",4.12333333333333
"764",1998,"A685",4.35
"765",1998,"A690",2.125
"766",1998,"B484",7
"767",1998,"C320",1.6
"768",1998,"C370",3.65
"769",1998,"D320",1.6
"770",1998,"G320",2.7
"771",1998,"KSHZ06",5.85
"772",1998,"KTHA03",4.9
"773",1998,"LSIN1",NA
"774",1998,"LSIN9",NA
"775",1998,"N484",3.2
"776",1998,"VA12A",NA
"777",1998,"VA41A",NA
"778",1998,"VA42A",NA
"779",1998,"VA45A",NA
"780",1999,"0311",9.15
"781",1999,"0317",8.5
"782",1999,"0321",4.45
"783",1999,"0322",3.7
"784",1999,"0430",3.5
"785",1999,"0434",7.6
"786",1999,"0438",2.4
"787",1999,"0440",5.91666666666667
"788",1999,"0442",12.45
"789",1999,"0444",3.65
"790",1999,"0446",3.85
"791",1999,"0470",4.45
"792",1999,"0474",6
"793",1999,"0478",4.65
"794",1999,"0484",6.1
"795",1999,"0631",5.2
"796",1999,"A315",5.8
"797",1999,"A320",2.55
"798",1999,"A432",7.6
"799",1999,"A456",4.2
"800",1999,"A499",5.575
"801",1999,"A617",2.25
"802",1999,"A620",1.15
"803",1999,"A630",4.75
"804",1999,"A680",4.9
"805",1999,"A685",4.85
"806",1999,"A690",2.675
"807",1999,"B484",3.3
"808",1999,"C320",1.0025
"809",1999,"C370",2.9
"810",1999,"D320",1.575
"811",1999,"G320",1.85
"812",1999,"KSHZ06",5.5
"813",1999,"KTHA03",13.35
"814",1999,"LSIN1",NA
"815",1999,"LSIN9",NA
"816",1999,"N484",3.65
"817",1999,"VA12A",NA
"818",1999,"VA41A",NA
"819",1999,"VA42A",NA
"820",1999,"VA45A",NA
"821",2000,"0311",7.4
"822",2000,"0317",11.7
"823",2000,"0321",5.38333333333333
"824",2000,"0322",3.1
"825",2000,"0430",6.7
"826",2000,"0434",5.6
"827",2000,"0438",3.65
"828",2000,"0440",6.85
"829",2000,"0442",9.9
"830",2000,"0444",4.275
"831",2000,"0446",13.2
"832",2000,"0470",5
"833",2000,"0474",4.8
"834",2000,"0478",11.8
"835",2000,"0484",7
"836",2000,"0631",7.45
"837",2000,"A315",7.55
"838",2000,"A320",3.45
"839",2000,"A432",9.8
"840",2000,"A456",11.2
"841",2000,"A499",18.8
"842",2000,"A617",2.8
"843",2000,"A620",1.875
"844",2000,"A630",10.1
"845",2000,"A680",8.075
"846",2000,"A685",4.5
"847",2000,"A690",3.3
"848",2000,"B484",3.85
"849",2000,"C320",2.4
"850",2000,"C370",6.45
"851",2000,"D320",2.45
"852",2000,"G320",3.75
"853",2000,"KSHZ06",6.2
"854",2000,"KTHA03",4.525
"855",2000,"LSIN1",NA
"856",2000,"LSIN9",NA
"857",2000,"N484",4
"858",2000,"VA12A",NA
"859",2000,"VA41A",NA
"860",2000,"VA42A",NA
"861",2000,"VA45A",NA
"862",2001,"0311",4
"863",2001,"0317",8.775
"864",2001,"0321",7.45
"865",2001,"0322",2.875
"866",2001,"0430",6.3
"867",2001,"0434",7.45
"868",2001,"0438",4.2
"869",2001,"0440",3.75
"870",2001,"0442",3.285
"871",2001,"0444",6.25
"872",2001,"0446",3.35
"873",2001,"0470",4.125
"874",2001,"0474",4.2
"875",2001,"0478",5.4
"876",2001,"0484",6.95
"877",2001,"0631",4.2
"878",2001,"A315",13.1
"879",2001,"A320",3
"880",2001,"A432",9.65
"881",2001,"A456",4.825
"882",2001,"A499",6.675
"883",2001,"A617",1.1
"884",2001,"A620",1.45
"885",2001,"A630",4.55
"886",2001,"A680",3.75
"887",2001,"A685",3.46
"888",2001,"A690",3.23
"889",2001,"B484",5.6
"890",2001,"C320",1.7
"891",2001,"C370",2.475
"892",2001,"D320",3.3
"893",2001,"G320",4.4
"894",2001,"KSHZ06",3.9
"895",2001,"KTHA03",2.45
"896",2001,"LSIN1",NA
"897",2001,"LSIN9",NA
"898",2001,"N484",4.8
"899",2001,"VA12A",NA
"900",2001,"VA41A",NA
"901",2001,"VA42A",NA
"902",2001,"VA45A",NA
"903",2002,"0311",5.6
"904",2002,"0317",6.9
"905",2002,"0321",5.225
"906",2002,"0322",4.61666666666667
"907",2002,"0430",5.47
"908",2002,"0434",6.2
"909",2002,"0438",2.775
"910",2002,"0440",4.06
"911",2002,"0442",3.715
"912",2002,"0444",4.25
"913",2002,"0446",3.815
"914",2002,"0470",5.15
"915",2002,"0474",5.75
"916",2002,"0478",7.5375
"917",2002,"0484",7.6
"918",2002,"0631",6.1
"919",2002,"A315",10.725
"920",2002,"A320",3.6425
"921",2002,"A432",10.05
"922",2002,"A456",5.495
"923",2002,"A499",7.55
"924",2002,"A617",1.305
"925",2002,"A620",2.9
"926",2002,"A630",3.72
"927",2002,"A680",4.1
"928",2002,"A685",2.225
"929",2002,"A690",2.55
"930",2002,"B484",3.8
"931",2002,"C320",1.45
"932",2002,"C370",3.4
"933",2002,"D320",1.825
"934",2002,"G320",2.7
"935",2002,"KSHZ06",3.95
"936",2002,"KTHA03",2.95
"937",2002,"LSIN1",NA
"938",2002,"LSIN9",NA
"939",2002,"N484",3
"940",2002,"VA12A",NA
"941",2002,"VA41A",NA
"942",2002,"VA42A",NA
"943",2002,"VA45A",NA
"944",2003,"0311",6.18
"945",2003,"0317",6.53
"946",2003,"0321",4.725
"947",2003,"0322",2.85
"948",2003,"0430",2.9225
"949",2003,"0434",5.05
"950",2003,"0438",3.4
"951",2003,"0440",2.69
"952",2003,"0442",2
"953",2003,"0444",3.2
"954",2003,"0446",1.3
"955",2003,"0470",4.1275
"956",2003,"0474",5.475
"957",2003,"0478",4.05
"958",2003,"0484",5.595
"959",2003,"0631",4.8
"960",2003,"A315",6.255
"961",2003,"A320",3.3735
"962",2003,"A432",9.85
"963",2003,"A456",3.75
"964",2003,"A499",11.3
"965",2003,"A617",1.65
"966",2003,"A620",1.6
"967",2003,"A630",2.55
"968",2003,"A680",5.1975
"969",2003,"A685",3.175
"970",2003,"A690",2.2
"971",2003,"B484",4
"972",2003,"C320",1.1
"973",2003,"C370",3.03
"974",2003,"D320",2.2
"975",2003,"G320",3.2
"976",2003,"KSHZ06",2.93
"977",2003,"KTHA03",3.3
"978",2003,"LSIN1",NA
"979",2003,"LSIN9",NA
"980",2003,"N484",3.54
"981",2003,"VA12A",NA
"982",2003,"VA41A",NA
"983",2003,"VA42A",NA
"984",2003,"VA45A",NA
"985",2004,"0311",5.2
"986",2004,"0317",7.5
"987",2004,"0321",4.15
"988",2004,"0322",3.38
"989",2004,"0430",2.6
"990",2004,"0434",5.3
"991",2004,"0438",3.15
"992",2004,"0440",3.35
"993",2004,"0442",2.355
"994",2004,"0444",3.75
"995",2004,"0446",1.595
"996",2004,"0470",1.925
"997",2004,"0474",3.4
"998",2004,"0478",3.8
"999",2004,"0484",4.85
"1000",2004,"0631",5.1
"1001",2004,"A315",5.7025
"1002",2004,"A320",4.8
"1003",2004,"A432",7.325
"1004",2004,"A456",6.175
"1005",2004,"A499",7.85
"1006",2004,"A617",1.1
"1007",2004,"A620",0.675
"1008",2004,"A630",4.3
"1009",2004,"A680",4.45
"1010",2004,"A685",3.75
"1011",2004,"A690",2.6
"1012",2004,"B484",2.7
"1013",2004,"C320",1.6
"1014",2004,"C370",2.3
"1015",2004,"D320",2.4
"1016",2004,"G320",3.23
"1017",2004,"KSHZ06",2.1
"1018",2004,"KTHA03",4.47
"1019",2004,"LSIN1",NA
"1020",2004,"LSIN9",NA
"1021",2004,"N484",3.1
"1022",2004,"VA12A",NA
"1023",2004,"VA41A",NA
"1024",2004,"VA42A",NA
"1025",2004,"VA45A",NA
"1026",2005,"0311",4.5
"1027",2005,"0317",4.775
"1028",2005,"0321",3.15
"1029",2005,"0322",2.4
"1030",2005,"0430",4.355
"1031",2005,"0434",8.4
"1032",2005,"0438",3
"1033",2005,"0440",2.45
"1034",2005,"0442",1.35
"1035",2005,"0444",1.25
"1036",2005,"0446",2.6575
"1037",2005,"0470",2.885
"1038",2005,"0474",4.17
"1039",2005,"0478",4.35
"1040",2005,"0484",5.75
"1041",2005,"0631",3.585
"1042",2005,"A315",7.15
"1043",2005,"A320",3
"1044",2005,"A432",9.445
"1045",2005,"A456",4.35
"1046",2005,"A499",6.15
"1047",2005,"A617",1.675
"1048",2005,"A620",0.615
"1049",2005,"A630",3.365
"1050",2005,"A680",4.75
"1051",2005,"A685",2.475
"1052",2005,"A690",3.075
"1053",2005,"B484",3.7
"1054",2005,"C320",1.45
"1055",2005,"C370",1.35
"1056",2005,"D320",2.6
"1057",2005,"G320",3.2
"1058",2005,"KSHZ06",3.19
"1059",2005,"KTHA03",5.605
"1060",2005,"LSIN1",NA
"1061",2005,"LSIN9",NA
"1062",2005,"N484",2.885
"1063",2005,"VA12A",NA
"1064",2005,"VA41A",NA
"1065",2005,"VA42A",NA
"1066",2005,"VA45A",NA
"1067",2006,"0311",5.3
"1068",2006,"0317",6.2
"1069",2006,"0321",3.335
"1070",2006,"0322",3.4
"1071",2006,"0430",3.475
"1072",2006,"0434",10.9
"1073",2006,"0438",3.25
"1074",2006,"0440",2.75
"1075",2006,"0442",1.5
"1076",2006,"0444",2.265
"1077",2006,"0446",2.29
"1078",2006,"0470",3.65
"1079",2006,"0474",4.45
"1080",2006,"0478",4.055
"1081",2006,"0484",7.175
"1082",2006,"0631",5.765
"1083",2006,"A315",4.3
"1084",2006,"A320",3.3
"1085",2006,"A432",10.7
"1086",2006,"A456",4.15
"1087",2006,"A499",6.2
"1088",2006,"A617",1.77
"1089",2006,"A620",0.5
"1090",2006,"A630",2.625
"1091",2006,"A680",2.05
"1092",2006,"A685",3.025
"1093",2006,"A690",2.2
"1094",2006,"B484",4.05
"1095",2006,"C320",1.9
"1096",2006,"C370",2.2
"1097",2006,"D320",2.4
"1098",2006,"G320",3.1
"1099",2006,"KSHZ06",4.995
"1100",2006,"KTHA03",5.2
"1101",2006,"LSIN1",NA
"1102",2006,"LSIN9",NA
"1103",2006,"N484",3.9
"1104",2006,"VA12A",NA
"1105",2006,"VA41A",NA
"1106",2006,"VA42A",NA
"1107",2006,"VA45A",NA
"1108",2007,"0311",6.3
"1109",2007,"0317",6.42
"1110",2007,"0321",4.8
"1111",2007,"0322",4.15
"1112",2007,"0430",4.725
"1113",2007,"0434",10.85
"1114",2007,"0438",4.925
"1115",2007,"0440",4.7775
"1116",2007,"0442",2.1
"1117",2007,"0444",2.15
"1118",2007,"0446",4.6
"1119",2007,"0470",6.57
"1120",2007,"0474",9.3
"1121",2007,"0478",5.8
"1122",2007,"0484",5.2
"1123",2007,"0631",6.95
"1124",2007,"A315",6.3325
"1125",2007,"A320",4.2
"1126",2007,"A432",9.55
"1127",2007,"A456",6.08
"1128",2007,"A499",7.8675
"1129",2007,"A617",1.725
"1130",2007,"A620",1.6
"1131",2007,"A630",3.15
"1132",2007,"A680",3.75
"1133",2007,"A685",2.875
"1134",2007,"A690",6.15
"1135",2007,"B484",3.185
"1136",2007,"C320",1.85
"1137",2007,"C370",3.65
"1138",2007,"D320",1.85
"1139",2007,"G320",2.75
"1140",2007,"KSHZ06",5.55
"1141",2007,"KTHA03",5.95
"1142",2007,"LSIN1",1.2
"1143",2007,"LSIN9",1.2
"1144",2007,"N484",3.8
"1145",2007,"VA12A",4.42
"1146",2007,"VA41A",13.9
"1147",2007,"VA42A",4.46
"1148",2007,"VA45A",1.7
"1149",2008,"0311",6.35
"1150",2008,"0317",6.275
"1151",2008,"0321",5.4
"1152",2008,"0322",3.95
"1153",2008,"0430",4.855
"1154",2008,"0434",4.7
"1155",2008,"0438",2.6
"1156",2008,"0440",3.75
"1157",2008,"0442",2.15
"1158",2008,"0444",2.6
"1159",2008,"0446",3.95
"1160",2008,"0470",5
"1161",2008,"0474",5.35
"1162",2008,"0478",4.47
"1163",2008,"0484",4.365
"1164",2008,"0631",6.2
"1165",2008,"A315",6.55
"1166",2008,"A320",3.85
"1167",2008,"A432",7.81
"1168",2008,"A456",2.95
"1169",2008,"A499",6.05
"1170",2008,"A617",1.3
"1171",2008,"A620",1.2
"1172",2008,"A630",5.995
"1173",2008,"A680",1.85
"1174",2008,"A685",2.65
"1175",2008,"A690",2.65
"1176",2008,"B484",4.225
"1177",2008,"C320",2.4
"1178",2008,"C370",2.35
"1179",2008,"D320",2.7
"1180",2008,"G320",3.1
"1181",2008,"KSHZ06",2.285
"1182",2008,"KTHA03",1.75
"1183",2008,"LSIN1",1.6
"1184",2008,"LSIN9",1.3
"1185",2008,"N484",3.45
"1186",2008,"VA12A",3.3
"1187",2008,"VA41A",7.26
"1188",2008,"VA42A",4.35
"1189",2008,"VA45A",1.275
"1190",2009,"0311",NA
"1191",2009,"0317",7.15
"1192",2009,"0321",NA
"1193",2009,"0322",3.95
"1194",2009,"0430",5.95
"1195",2009,"0434",6.055
"1196",2009,"0438",2.425
"1197",2009,"0440",4.55
"1198",2009,"0442",NA
"1199",2009,"0444",NA
"1200",2009,"0446",4.65
"1201",2009,"0470",5.3
"1202",2009,"0474",5.15
"1203",2009,"0478",4.6375
"1204",2009,"0484",4.3
"1205",2009,"0631",7.75
"1206",2009,"A315",NA
"1207",2009,"A320",5.2
"1208",2009,"A432",NA
"1209",2009,"A456",NA
"1210",2009,"A499",NA
"1211",2009,"A617",NA
"1212",2009,"A620",NA
"1213",2009,"A630",NA
"1214",2009,"A680",2.255
"1215",2009,"A685",NA
"1216",2009,"A690",NA
"1217",2009,"B484",NA
"1218",2009,"C320",NA
"1219",2009,"C370",NA
"1220",2009,"D320",2.5
"1221",2009,"G320",NA
"1222",2009,"KSHZ06",6.12
"1223",2009,"KTHA03",NA
"1224",2009,"LSIN1",1.4
"1225",2009,"LSIN9",1.3
"1226",2009,"N484",NA
"1227",2009,"VA12A",9.3
"1228",2009,"VA41A",8.6
"1229",2009,"VA42A",3.7
"1230",2009,"VA45A",3.4
"1231",2010,"0311",NA
"1232",2010,"0317",8.2075
"1233",2010,"0321",NA
"1234",2010,"0322",6.95
"1235",2010,"0430",6.9
"1236",2010,"0434",7.175
"1237",2010,"0438",3.6
"1238",2010,"0440",6.9
"1239",2010,"0442",NA
"1240",2010,"0444",NA
"1241",2010,"0446",9.2
"1242",2010,"0470",5.65
"1243",2010,"0474",5.15
"1244",2010,"0478",6.3
"1245",2010,"0484",5.5
"1246",2010,"0631",11.0625
"1247",2010,"A315",NA
"1248",2010,"A320",5.8
"1249",2010,"A432",NA
"1250",2010,"A456",NA
"1251",2010,"A499",NA
"1252",2010,"A617",NA
"1253",2010,"A620",NA
"1254",2010,"A630",NA
"1255",2010,"A680",2.28
"1256",2010,"A685",NA
"1257",2010,"A690",NA
"1258",2010,"B484",NA
"1259",2010,"C320",NA
"1260",2010,"C370",NA
"1261",2010,"D320",3.2
"1262",2010,"G320",NA
"1263",2010,"KSHZ06",5.65
"1264",2010,"KTHA03",NA
"1265",2010,"LSIN1",1.7
"1266",2010,"LSIN9",1
"1267",2010,"N484",NA
"1268",2010,"VA12A",5.8
"1269",2010,"VA41A",7.45
"1270",2010,"VA42A",4.7
"1271",2010,"VA45A",4.55
"1272",2011,"0311",NA
"1273",2011,"0317",6.4
"1274",2011,"0321",NA
"1275",2011,"0322",3.75
"1276",2011,"0430",2.45
"1277",2011,"0434",4.65
"1278",2011,"0438",2.9525
"1279",2011,"0440",3.35
"1280",2011,"0442",NA
"1281",2011,"0444",NA
"1282",2011,"0446",5.2
"1283",2011,"0470",3.6
"1284",2011,"0474",5.7
"1285",2011,"0478",3.75
"1286",2011,"0484",5.3
"1287",2011,"0631",5.3
"1288",2011,"A315",NA
"1289",2011,"A320",4.25
"1290",2011,"A432",NA
"1291",2011,"A456",NA
"1292",2011,"A499",NA
"1293",2011,"A617",NA
"1294",2011,"A620",NA
"1295",2011,"A630",NA
"1296",2011,"A680",2.15
"1297",2011,"A685",NA
"1298",2011,"A690",NA
"1299",2011,"B484",NA
"1300",2011,"C320",NA
"1301",2011,"C370",NA
"1302",2011,"D320",3.6
"1303",2011,"G320",NA
"1304",2011,"KSHZ06",6.7
"1305",2011,"KTHA03",NA
"1306",2011,"LSIN1",0.9
"1307",2011,"LSIN9",1.775
"1308",2011,"N484",NA
"1309",2011,"VA12A",2.6
"1310",2011,"VA41A",6.785
"1311",2011,"VA42A",4.2
"1312",2011,"VA45A",3.7
"1313",2012,"0311",NA
"1314",2012,"0317",4.15
"1315",2012,"0321",NA
"1316",2012,"0322",3.5375
"1317",2012,"0430",2.3
"1318",2012,"0434",6.3
"1319",2012,"0438",2.2
"1320",2012,"0440",4.2
"1321",2012,"0442",NA
"1322",2012,"0444",NA
"1323",2012,"0446",2.75
"1324",2012,"0470",2.5
"1325",2012,"0474",4.875
"1326",2012,"0478",3.5
"1327",2012,"0484",4.425
"1328",2012,"0631",3.65
"1329",2012,"A315",NA
"1330",2012,"A320",3.9975
"1331",2012,"A432",NA
"1332",2012,"A456",NA
"1333",2012,"A499",NA
"1334",2012,"A617",NA
"1335",2012,"A620",NA
"1336",2012,"A630",NA
"1337",2012,"A680",2.15
"1338",2012,"A685",NA
"1339",2012,"A690",NA
"1340",2012,"B484",NA
"1341",2012,"C320",NA
"1342",2012,"C370",NA
"1343",2012,"D320",2.45
"1344",2012,"G320",NA
"1345",2012,"KSHZ06",3.5
"1346",2012,"KTHA03",NA
"1347",2012,"LSIN1",1
"1348",2012,"LSIN9",1.33
"1349",2012,"N484",NA
"1350",2012,"VA12A",2.93
"1351",2012,"VA41A",6
"1352",2012,"VA42A",4.9
"1353",2012,"VA45A",4.795
"1354",2013,"0311",NA
"1355",2013,"0317",4.52
"1356",2013,"0321",2.65
"1357",2013,"0322",3.35
"1358",2013,"0430",2.15
"1359",2013,"0434",4.15
"1360",2013,"0438",2.75
"1361",2013,"0440",2.7
"1362",2013,"0442",1.85
"1363",2013,"0444",1.95
"1364",2013,"0446",3.7
"1365",2013,"0470",4.1
"1366",2013,"0474",4.725
"1367",2013,"0478",4.35
"1368",2013,"0484",5.35
"1369",2013,"0631",4.15
"1370",2013,"A315",7.2
"1371",2013,"A320",2.95
"1372",2013,"A432",7.9
"1373",2013,"A456",3.65
"1374",2013,"A499",NA
"1375",2013,"A617",1.6
"1376",2013,"A620",0.95
"1377",2013,"A630",2.35
"1378",2013,"A680",2.15
"1379",2013,"A685",2.5
"1380",2013,"A690",NA
"1381",2013,"B484",4.05
"1382",2013,"C320",2.35
"1383",2013,"C370",5.2
"1384",2013,"D320",3.05
"1385",2013,"G320",3.85
"1386",2013,"KSHZ06",3.45
"1387",2013,"KTHA03",4
"1388",2013,"LSIN1",1.5
"1389",2013,"LSIN9",1.5
"1390",2013,"N484",2.5
"1391",2013,"VA12A",NA
"1392",2013,"VA41A",NA
"1393",2013,"VA42A",4.05
"1394",2013,"VA45A",NA
"1395",2014,"0311",NA
"1396",2014,"0317",4.85
"1397",2014,"0321",4.555
"1398",2014,"0322",5.855
"1399",2014,"0430",3.1
"1400",2014,"0434",4.7
"1401",2014,"0438",2.835
"1402",2014,"0440",2.535
"1403",2014,"0442",4.19
"1404",2014,"0444",2.295
"1405",2014,"0446",1.99
"1406",2014,"0470",2.855
"1407",2014,"0474",5.28
"1408",2014,"0478",3.785
"1409",2014,"0484",5.655
"1410",2014,"0631",4.725
"1411",2014,"A315",8.2
"1412",2014,"A320",3.725
"1413",2014,"A432",7.505
"1414",2014,"A456",2.8
"1415",2014,"A499",NA
"1416",2014,"A617",1.415
"1417",2014,"A620",0.55
"1418",2014,"A630",2.28
"1419",2014,"A680",2.72
"1420",2014,"A685",2.965
"1421",2014,"A690",NA
"1422",2014,"B484",5.18
"1423",2014,"C320",1.945
"1424",2014,"C370",8.65
"1425",2014,"D320",2.815
"1426",2014,"G320",3.765
"1427",2014,"KSHZ06",4
"1428",2014,"KTHA03",6.38
"1429",2014,"LSIN1",1.095
"1430",2014,"LSIN9",1.08
"1431",2014,"N484",2.795
"1432",2014,"VA12A",NA
"1433",2014,"VA41A",NA
"1434",2014,"VA42A",4.63
"1435",2014,"VA45A",NA
"1436",2015,"0311",4.52
"1437",2015,"0317",5.87
"1438",2015,"0321",5.425
"1439",2015,"0322",4.015
"1440",2015,"0430",3.8
"1441",2015,"0434",4.08
"1442",2015,"0438",3.495
"1443",2015,"0440",2.38
"1444",2015,"0442",2.25
"1445",2015,"0444",3.21
"1446",2015,"0446",3.015
"1447",2015,"0470",4.35
"1448",2015,"0474",9.22
"1449",2015,"0478",3.865
"1450",2015,"0484",7.62
"1451",2015,"0631",3.9
"1452",2015,"A315",12.6
"1453",2015,"A320",3.67
"1454",2015,"A432",11.05
"1455",2015,"A456",3.8
"1456",2015,"A499",5.55
"1457",2015,"A617",1.85
"1458",2015,"A620",1.435
"1459",2015,"A630",3.555
"1460",2015,"A680",3.19
"1461",2015,"A685",3.97
"1462",2015,"A690",3.53
"1463",2015,"B484",5.955
"1464",2015,"C320",1.77
"1465",2015,"C370",4.35
"1466",2015,"D320",2.595
"1467",2015,"G320",3.75
"1468",2015,"KSHZ06",3.36
"1469",2015,"KTHA03",4.185
"1470",2015,"LSIN1",1.46
"1471",2015,"LSIN9",1.37
"1472",2015,"N484",3.045
"1473",2015,"VA12A",2.47
"1474",2015,"VA41A",9.825
"1475",2015,"VA42A",5.37
"1476",2015,"VA45A",4.135
"1477",2016,"0311",4.2
"1478",2016,"0317",5.25
"1479",2016,"0321",4.55
"1480",2016,"0322",2.95
"1481",2016,"0430",2.95
"1482",2016,"0434",4.845
"1483",2016,"0438",3.35
"1484",2016,"0440",4.35
"1485",2016,"0442",2
"1486",2016,"0444",3.4
"1487",2016,"0446",2.1
"1488",2016,"0470",3.565
"1489",2016,"0474",7.75
"1490",2016,"0478",4.3
"1491",2016,"0484",3.65
"1492",2016,"0631",4
"1493",2016,"A315",7.115
"1494",2016,"A320",2.5
"1495",2016,"A432",12.05
"1496",2016,"A456",6.85
"1497",2016,"A499",5.85
"1498",2016,"A617",1.65
"1499",2016,"A620",1.2
"1500",2016,"A630",3.35
"1501",2016,"A680",3.2
"1502",2016,"A685",5.25
"1503",2016,"A690",5.35
"1504",2016,"B484",4.5
"1505",2016,"C320",1.25
"1506",2016,"C370",5.4
"1507",2016,"D320",1.6
"1508",2016,"G320",2.95
"1509",2016,"KSHZ06",4.3
"1510",2016,"KTHA03",3.05
"1511",2016,"LSIN1",1.3
"1512",2016,"LSIN9",0.9
"1513",2016,"N484",2.61125
"1514",2016,"VA12A",2.7
"1515",2016,"VA41A",6.55
"1516",2016,"VA42A",5.9
"1517",2016,"VA45A",1.92
"1518",2017,"0311",4.7
"1519",2017,"0317",5.05
"1520",2017,"0321",5.25
"1521",2017,"0322",5.35
"1522",2017,"0430",4.05
"1523",2017,"0434",6.1
"1524",2017,"0438",2.6
"1525",2017,"0440",7.1
"1526",2017,"0442",2.35
"1527",2017,"0444",2
"1528",2017,"0446",4.85
"1529",2017,"0470",5.55
"1530",2017,"0474",7.15
"1531",2017,"0478",5.15
"1532",2017,"0484",6.63
"1533",2017,"0631",3.45
"1534",2017,"A315",10.8
"1535",2017,"A320",5.1
"1536",2017,"A432",12.65
"1537",2017,"A456",5.95
"1538",2017,"A499",5.5
"1539",2017,"A617",1.8225
"1540",2017,"A620",1.1
"1541",2017,"A630",4.125
"1542",2017,"A680",2.95
"1543",2017,"A685",3
"1544",2017,"A690",4.47
"1545",2017,"B484",4.25
"1546",2017,"C320",1.25
"1547",2017,"C370",7.3
"1548",2017,"D320",2.975
"1549",2017,"G320",3.95
"1550",2017,"KSHZ06",5.5
"1551",2017,"KTHA03",3.7
"1552",2017,"LSIN1",1.2
"1553",2017,"LSIN9",1.05
"1554",2017,"N484",2.255
"1555",2017,"VA12A",3.2
"1556",2017,"VA41A",6.15
"1557",2017,"VA42A",8.2
"1558",2017,"VA45A",2.3
"1559",2018,"0311",4.85
"1560",2018,"0317",4.87
"1561",2018,"0321",3.55
"1562",2018,"0322",3.8
"1563",2018,"0430",3.385
"1564",2018,"0434",4.925
"1565",2018,"0438",2.105
"1566",2018,"0440",3.255
"1567",2018,"0442",1.98
"1568",2018,"0444",2.535
"1569",2018,"0446",2.8
"1570",2018,"0470",4.075
"1571",2018,"0474",5.415
"1572",2018,"0478",3.95
"1573",2018,"0484",3.135
"1574",2018,"0631",2.695
"1575",2018,"A315",9.79
"1576",2018,"A320",3.9
"1577",2018,"A432",8.1
"1578",2018,"A456",10.595
"1579",2018,"A499",5.8
"1580",2018,"A617",2.2
"1581",2018,"A620",2.035
"1582",2018,"A630",3.01
"1583",2018,"A680",2.1
"1584",2018,"A685",2.625
"1585",2018,"A690",2.915
"1586",2018,"B484",3.9625
"1587",2018,"C320",0.85
"1588",2018,"C370",6.255
"1589",2018,"D320",2.7
"1590",2018,"G320",3.7
"1591",2018,"KSHZ06",5.55
"1592",2018,"KTHA03",3.6275
"1593",2018,"LSIN1",1.84
"1594",2018,"LSIN9",1.195
"1595",2018,"N484",2.7
"1596",2018,"VA12A",2.2
"1597",2018,"VA41A",4.665
"1598",2018,"VA42A",4.805
"1599",2018,"VA45A",1.5
"1600",2019,"0311",4.6
"1601",2019,"0317",3.9925
"1602",2019,"0321",3.6
"1603",2019,"0322",3.385
"1604",2019,"0430",2.55
"1605",2019,"0434",4.3
"1606",2019,"0438",3.495
"1607",2019,"0440",4.45
"1608",2019,"0442",2.6
"1609",2019,"0444",2.35
"1610",2019,"0446",2.5
"1611",2019,"0470",3.12
"1612",2019,"0474",5.15
"1613",2019,"0478",3.25
"1614",2019,"0484",3.2
"1615",2019,"0631",3.945
"1616",2019,"A315",7.21
"1617",2019,"A320",4.34
"1618",2019,"A432",7.7
"1619",2019,"A456",3.77
"1620",2019,"A499",5.545
"1621",2019,"A617",4.975
"1622",2019,"A620",1.35
"1623",2019,"A630",3.24
"1624",2019,"A680",2.675
"1625",2019,"A685",2.95
"1626",2019,"A690",3.7
"1627",2019,"B484",4.095
"1628",2019,"C320",0.9
"1629",2019,"C370",5.1
"1630",2019,"D320",2.445
"1631",2019,"G320",3
"1632",2019,"KSHZ06",3.9
"1633",2019,"KTHA03",2.85
"1634",2019,"LSIN1",0.9
"1635",2019,"LSIN9",0.9
"1636",2019,"N484",2.4
"1637",2019,"VA12A",1.75
"1638",2019,"VA41A",6
"1639",2019,"VA42A",5.05
"1640",2019,"VA45A",1
"1641",2020,"0311",4.405
"1642",2020,"0317",4.455
"1643",2020,"0321",4.95
"1644",2020,"0322",3.3
"1645",2020,"0430",4.3
"1646",2020,"0434",6.85
"1647",2020,"0438",2
"1648",2020,"0440",2.15
"1649",2020,"0442",3.85
"1650",2020,"0444",1.4
"1651",2020,"0446",2.5
"1652",2020,"0470",3.6
"1653",2020,"0474",3.4
"1654",2020,"0478",3.65
"1655",2020,"0484",2.315
"1656",2020,"0631",3.2
"1657",2020,"A315",8.85
"1658",2020,"A320",3.7
"1659",2020,"A432",10.4
"1660",2020,"A456",1.75
"1661",2020,"A499",4.12
"1662",2020,"A617",1.35
"1663",2020,"A620",0.9
"1664",2020,"A630",4.8
"1665",2020,"A680",2.515
"1666",2020,"A685",2.45
"1667",2020,"A690",4.4
"1668",2020,"B484",2.55
"1669",2020,"C320",0.7
"1670",2020,"C370",10.55
"1671",2020,"D320",2.1
"1672",2020,"G320",2.875
"1673",2020,"KSHZ06",3.75
"1674",2020,"KTHA03",2.235
"1675",2020,"LSIN1",1.05
"1676",2020,"LSIN9",0.8
"1677",2020,"N484",2.05
"1678",2020,"VA12A",1.75
"1679",2020,"VA41A",4.92
"1680",2020,"VA42A",4
"1681",2020,"VA45A",0.9
"1682",2021,"0311",5.05
"1683",2021,"0317",6.15
"1684",2021,"0321",6.25
"1685",2021,"0322",4.02
"1686",2021,"0430",2.1
"1687",2021,"0434",3.95
"1688",2021,"0438",2.4
"1689",2021,"0440",2.55
"1690",2021,"0442",2.85
"1691",2021,"0444",2.4
"1692",2021,"0446",1.95
"1693",2021,"0470",3.1
"1694",2021,"0474",3.85
"1695",2021,"0478",2.8
"1696",2021,"0484",NA
"1697",2021,"0631",3.1
"1698",2021,"A315",9.85
"1699",2021,"A320",3.95
"1700",2021,"A432",5.715
"1701",2021,"A456",2.025
"1702",2021,"A499",5.25
"1703",2021,"A617",1.7425
"1704",2021,"A620",0.865
"1705",2021,"A630",2.975
"1706",2021,"A680",1.7
"1707",2021,"A685",3.15
"1708",2021,"A690",2.15
"1709",2021,"B484",3.2
"1710",2021,"C320",0.88
"1711",2021,"C370",5.55
"1712",2021,"D320",1.785
"1713",2021,"G320",3.35
"1714",2021,"KSHZ06",4.45
"1715",2021,"KTHA03",2.9
"1716",2021,"LSIN1",2.175
"1717",2021,"LSIN9",0.95
"1718",2021,"N484",2.35
"1719",2021,"VA12A",1.8
"1720",2021,"VA41A",5.585
"1721",2021,"VA42A",4.7
"1722",2021,"VA45A",3
"1723",2022,"0311",5.16
"1724",2022,"0317",5
"1725",2022,"0321",3.95
"1726",2022,"0322",3.05
"1727",2022,"0430",1.775
"1728",2022,"0434",4.46
"1729",2022,"0438",2.15
"1730",2022,"0440",3.6
"1731",2022,"0442",2.25
"1732",2022,"0444",1.65
"1733",2022,"0446",1.67
"1734",2022,"0470",3.15
"1735",2022,"0474",5.1
"1736",2022,"0478",3.2
"1737",2022,"0484",NA
"1738",2022,"0631",4.8
"1739",2022,"A315",7.305
"1740",2022,"A320",6.23
"1741",2022,"A432",6.75
"1742",2022,"A456",2.95
"1743",2022,"A499",6.4
"1744",2022,"A617",1.515
"1745",2022,"A620",0.71
"1746",2022,"A630",4.96
"1747",2022,"A680",1.72
"1748",2022,"A685",8.9
"1749",2022,"A690",2.85
"1750",2022,"B484",2.75
"1751",2022,"C320",0.81
"1752",2022,"C370",5.85
"1753",2022,"D320",2.05
"1754",2022,"G320",2.3
"1755",2022,"KSHZ06",5.32
"1756",2022,"KTHA03",3.78
"1757",2022,"LSIN1",1.1
"1758",2022,"LSIN9",1.05
"1759",2022,"N484",2.15
"1760",2022,"VA12A",2.1
"1761",2022,"VA41A",7.115
"1762",2022,"VA42A",6
"1763",2022,"VA45A",1.55
