"","Year","Locator","NTU"
"1",1980,"0311",4.25
"2",1980,"0317",27.1666666666667
"3",1980,"0321",1.75
"4",1980,"0322",2.45
"5",1980,"0430",2.55
"6",1980,"0434",3.35
"7",1980,"0438",1.55
"8",1980,"0440",2.9
"9",1980,"0442",2
"10",1980,"0444",5.2
"11",1980,"0446",2.45
"12",1980,"0470",2.4
"13",1980,"0474",3.7
"14",1980,"0478",2.6
"15",1980,"0484",2.5
"16",1980,"0631",1.8
"17",1980,"A315",16.5
"18",1980,"A320",1.65
"19",1980,"A432",3.4
"20",1980,"A456",3.15
"21",1980,"A499",2.3
"22",1980,"A617",NA
"23",1980,"A620",NA
"24",1980,"A630",4.7
"25",1980,"A680",NA
"26",1980,"A685",NA
"27",1980,"A690",NA
"28",1980,"B484",2.5
"29",1980,"C320",1.25
"30",1980,"C370",3.3
"31",1980,"D320",1.3
"32",1980,"G320",2.25
"33",1980,"KSHZ06",NA
"34",1980,"KTHA03",NA
"35",1980,"N484",2
"36",1980,"VA12A",NA
"37",1980,"VA41A",NA
"38",1980,"VA42A",NA
"39",1980,"VA45A",NA
"40",1981,"0311",5.375
"41",1981,"0317",21.5
"42",1981,"0321",1.9
"43",1981,"0322",2.55
"44",1981,"0430",2.6
"45",1981,"0434",2.65
"46",1981,"0438",1.3
"47",1981,"0440",3.35
"48",1981,"0442",2.3
"49",1981,"0444",5.7
"50",1981,"0446",2.7
"51",1981,"0470",3.55
"52",1981,"0474",3.1
"53",1981,"0478",3
"54",1981,"0484",3.2
"55",1981,"0631",3.25
"56",1981,"A315",12
"57",1981,"A320",1.7
"58",1981,"A432",3.5
"59",1981,"A456",3.55
"60",1981,"A499",3.4
"61",1981,"A617",NA
"62",1981,"A620",NA
"63",1981,"A630",6.7
"64",1981,"A680",NA
"65",1981,"A685",NA
"66",1981,"A690",NA
"67",1981,"B484",3.3
"68",1981,"C320",1.15
"69",1981,"C370",5.85
"70",1981,"D320",1.35
"71",1981,"G320",2.5
"72",1981,"KSHZ06",NA
"73",1981,"KTHA03",NA
"74",1981,"N484",2.15
"75",1981,"VA12A",NA
"76",1981,"VA41A",NA
"77",1981,"VA42A",NA
"78",1981,"VA45A",NA
"79",1982,"0311",3.25
"80",1982,"0317",22
"81",1982,"0321",2
"82",1982,"0322",1.95
"83",1982,"0430",2.9
"84",1982,"0434",3
"85",1982,"0438",1.8
"86",1982,"0440",3.45
"87",1982,"0442",2.9
"88",1982,"0444",4.4
"89",1982,"0446",2.65
"90",1982,"0470",4.4
"91",1982,"0474",2.8
"92",1982,"0478",2.15
"93",1982,"0484",3.5
"94",1982,"0631",1.8
"95",1982,"A315",10.75
"96",1982,"A320",1.55
"97",1982,"A432",3.75
"98",1982,"A456",3.25
"99",1982,"A499",2.95
"100",1982,"A617",NA
"101",1982,"A620",NA
"102",1982,"A630",7.25
"103",1982,"A680",NA
"104",1982,"A685",NA
"105",1982,"A690",NA
"106",1982,"B484",3.1
"107",1982,"C320",1.3
"108",1982,"C370",5.2
"109",1982,"D320",1.6
"110",1982,"G320",2.35
"111",1982,"KSHZ06",NA
"112",1982,"KTHA03",NA
"113",1982,"N484",1.75
"114",1982,"VA12A",NA
"115",1982,"VA41A",NA
"116",1982,"VA42A",NA
"117",1982,"VA45A",NA
"118",1983,"0311",2.5
"119",1983,"0317",25
"120",1983,"0321",NA
"121",1983,"0322",1.55
"122",1983,"0430",2.1
"123",1983,"0434",2.2
"124",1983,"0438",NA
"125",1983,"0440",3.1
"126",1983,"0442",1.5
"127",1983,"0444",4
"128",1983,"0446",2.3
"129",1983,"0470",3
"130",1983,"0474",3
"131",1983,"0478",2
"132",1983,"0484",3.3
"133",1983,"0631",1
"134",1983,"A315",12
"135",1983,"A320",1
"136",1983,"A432",2
"137",1983,"A456",4.3
"138",1983,"A499",1.6
"139",1983,"A617",NA
"140",1983,"A620",NA
"141",1983,"A630",3.8
"142",1983,"A680",NA
"143",1983,"A685",NA
"144",1983,"A690",NA
"145",1983,"B484",3
"146",1983,"C320",0.7
"147",1983,"C370",NA
"148",1983,"D320",0.8
"149",1983,"G320",2
"150",1983,"KSHZ06",NA
"151",1983,"KTHA03",NA
"152",1983,"N484",1.5
"153",1983,"VA12A",NA
"154",1983,"VA41A",NA
"155",1983,"VA42A",NA
"156",1983,"VA45A",NA
"157",1984,"0311",4.3
"158",1984,"0317",24
"159",1984,"0321",NA
"160",1984,"0322",3.8
"161",1984,"0430",2.8
"162",1984,"0434",3.3
"163",1984,"0438",NA
"164",1984,"0440",4.8
"165",1984,"0442",3.95
"166",1984,"0444",4.8
"167",1984,"0446",3.5
"168",1984,"0470",4
"169",1984,"0474",3.85
"170",1984,"0478",2.3
"171",1984,"0484",4.1
"172",1984,"0631",2.9
"173",1984,"A315",15.5
"174",1984,"A320",2.1
"175",1984,"A432",3.35
"176",1984,"A456",5
"177",1984,"A499",2.25
"178",1984,"A617",NA
"179",1984,"A620",NA
"180",1984,"A630",8.2
"181",1984,"A680",NA
"182",1984,"A685",NA
"183",1984,"A690",NA
"184",1984,"B484",3.95
"185",1984,"C320",1
"186",1984,"C370",NA
"187",1984,"D320",1.95
"188",1984,"G320",2.7
"189",1984,"KSHZ06",NA
"190",1984,"KTHA03",NA
"191",1984,"N484",1.8
"192",1984,"VA12A",NA
"193",1984,"VA41A",NA
"194",1984,"VA42A",NA
"195",1984,"VA45A",NA
"196",1985,"0311",2.3
"197",1985,"0317",28
"198",1985,"0321",NA
"199",1985,"0322",2.2
"200",1985,"0430",1.95
"201",1985,"0434",1.85
"202",1985,"0438",NA
"203",1985,"0440",2.8
"204",1985,"0442",2.5
"205",1985,"0444",3.5
"206",1985,"0446",2.35
"207",1985,"0470",2.55
"208",1985,"0474",3.2
"209",1985,"0478",1.85
"210",1985,"0484",2.8
"211",1985,"0631",1.65
"212",1985,"A315",10.15
"213",1985,"A320",1.05
"214",1985,"A432",2.75
"215",1985,"A456",2.6
"216",1985,"A499",1.75
"217",1985,"A617",NA
"218",1985,"A620",NA
"219",1985,"A630",6.4
"220",1985,"A680",NA
"221",1985,"A685",NA
"222",1985,"A690",NA
"223",1985,"B484",2.65
"224",1985,"C320",0.95
"225",1985,"C370",NA
"226",1985,"D320",1.1
"227",1985,"G320",2.05
"228",1985,"KSHZ06",NA
"229",1985,"KTHA03",NA
"230",1985,"N484",1.6
"231",1985,"VA12A",NA
"232",1985,"VA41A",NA
"233",1985,"VA42A",NA
"234",1985,"VA45A",NA
"235",1986,"0311",2.3
"236",1986,"0317",24
"237",1986,"0321",NA
"238",1986,"0322",2.6
"239",1986,"0430",4.2
"240",1986,"0434",2.5
"241",1986,"0438",NA
"242",1986,"0440",2.1
"243",1986,"0442",3.4
"244",1986,"0444",3.1
"245",1986,"0446",3.9
"246",1986,"0470",3.6
"247",1986,"0474",3.7
"248",1986,"0478",3.5
"249",1986,"0484",3.6
"250",1986,"0631",1.6
"251",1986,"A315",11
"252",1986,"A320",1
"253",1986,"A432",2.9
"254",1986,"A456",2.9
"255",1986,"A499",1.8
"256",1986,"A617",NA
"257",1986,"A620",NA
"258",1986,"A630",4.1
"259",1986,"A680",NA
"260",1986,"A685",NA
"261",1986,"A690",NA
"262",1986,"B484",4.4
"263",1986,"C320",1
"264",1986,"C370",NA
"265",1986,"D320",0.9
"266",1986,"G320",1.7
"267",1986,"KSHZ06",NA
"268",1986,"KTHA03",NA
"269",1986,"N484",1.3
"270",1986,"VA12A",NA
"271",1986,"VA41A",NA
"272",1986,"VA42A",NA
"273",1986,"VA45A",NA
"274",1987,"0311",2.5
"275",1987,"0317",22
"276",1987,"0321",NA
"277",1987,"0322",1.7
"278",1987,"0430",2.05
"279",1987,"0434",1.8
"280",1987,"0438",NA
"281",1987,"0440",1.4
"282",1987,"0442",1.85
"283",1987,"0444",2.8
"284",1987,"0446",2.55
"285",1987,"0470",3.45
"286",1987,"0474",2.95
"287",1987,"0478",2.1
"288",1987,"0484",3.175
"289",1987,"0631",2.125
"290",1987,"A315",8
"291",1987,"A320",1.3
"292",1987,"A432",3.15
"293",1987,"A456",3.3
"294",1987,"A499",1.95
"295",1987,"A617",NA
"296",1987,"A620",NA
"297",1987,"A630",6.75
"298",1987,"A680",NA
"299",1987,"A685",NA
"300",1987,"A690",NA
"301",1987,"B484",4.05
"302",1987,"C320",1.2
"303",1987,"C370",NA
"304",1987,"D320",0.85
"305",1987,"G320",1.2
"306",1987,"KSHZ06",NA
"307",1987,"KTHA03",NA
"308",1987,"N484",1.5
"309",1987,"VA12A",NA
"310",1987,"VA41A",NA
"311",1987,"VA42A",NA
"312",1987,"VA45A",NA
"313",1988,"0311",2
"314",1988,"0317",20.25
"315",1988,"0321",NA
"316",1988,"0322",1.45
"317",1988,"0430",1.5
"318",1988,"0434",1.8
"319",1988,"0438",NA
"320",1988,"0440",1.7
"321",1988,"0442",2.05
"322",1988,"0444",3.15
"323",1988,"0446",2.45
"324",1988,"0470",1.9
"325",1988,"0474",2.4
"326",1988,"0478",1.85
"327",1988,"0484",3.05
"328",1988,"0631",1.35
"329",1988,"A315",9.4
"330",1988,"A320",1.3
"331",1988,"A432",2.35
"332",1988,"A456",2.2
"333",1988,"A499",1.7
"334",1988,"A617",NA
"335",1988,"A620",NA
"336",1988,"A630",6.2
"337",1988,"A680",1.3
"338",1988,"A685",NA
"339",1988,"A690",1.1
"340",1988,"B484",3.8
"341",1988,"C320",1.35
"342",1988,"C370",NA
"343",1988,"D320",1.15
"344",1988,"G320",1.7
"345",1988,"KSHZ06",NA
"346",1988,"KTHA03",NA
"347",1988,"N484",1.45
"348",1988,"VA12A",NA
"349",1988,"VA41A",NA
"350",1988,"VA42A",NA
"351",1988,"VA45A",NA
"352",1989,"0311",2.4
"353",1989,"0317",22.5
"354",1989,"0321",NA
"355",1989,"0322",2.3
"356",1989,"0430",2.95
"357",1989,"0434",1.95
"358",1989,"0438",NA
"359",1989,"0440",3.35
"360",1989,"0442",3.55
"361",1989,"0444",3.35
"362",1989,"0446",1.75
"363",1989,"0470",2.1
"364",1989,"0474",2.5
"365",1989,"0478",2.6
"366",1989,"0484",3.5
"367",1989,"0631",2.35
"368",1989,"A315",11
"369",1989,"A320",1.35
"370",1989,"A432",2.7
"371",1989,"A456",2.15
"372",1989,"A499",1.75
"373",1989,"A617",NA
"374",1989,"A620",NA
"375",1989,"A630",7.85
"376",1989,"A680",NA
"377",1989,"A685",NA
"378",1989,"A690",NA
"379",1989,"B484",2.75
"380",1989,"C320",1.25
"381",1989,"C370",NA
"382",1989,"D320",1.15
"383",1989,"G320",1.8
"384",1989,"KSHZ06",1.7
"385",1989,"KTHA03",1.3
"386",1989,"N484",1.8
"387",1989,"VA12A",NA
"388",1989,"VA41A",NA
"389",1989,"VA42A",NA
"390",1989,"VA45A",NA
"391",1990,"0311",2.5
"392",1990,"0317",21
"393",1990,"0321",NA
"394",1990,"0322",2.1
"395",1990,"0430",1.5
"396",1990,"0434",1.6
"397",1990,"0438",NA
"398",1990,"0440",1.5
"399",1990,"0442",2.5
"400",1990,"0444",3.55
"401",1990,"0446",2.6
"402",1990,"0470",2
"403",1990,"0474",2.3
"404",1990,"0478",2.3
"405",1990,"0484",4.55
"406",1990,"0631",2.9
"407",1990,"A315",8.9
"408",1990,"A320",1.75
"409",1990,"A432",3.15
"410",1990,"A456",2.1
"411",1990,"A499",1.3
"412",1990,"A617",NA
"413",1990,"A620",NA
"414",1990,"A630",7
"415",1990,"A680",NA
"416",1990,"A685",NA
"417",1990,"A690",NA
"418",1990,"B484",3.3
"419",1990,"C320",1.1
"420",1990,"C370",NA
"421",1990,"D320",1
"422",1990,"G320",1.6
"423",1990,"KSHZ06",1.5
"424",1990,"KTHA03",1
"425",1990,"N484",1.4
"426",1990,"VA12A",NA
"427",1990,"VA41A",NA
"428",1990,"VA42A",NA
"429",1990,"VA45A",NA
"430",1991,"0311",2.8
"431",1991,"0317",23
"432",1991,"0321",NA
"433",1991,"0322",3
"434",1991,"0430",2.4
"435",1991,"0434",2.2
"436",1991,"0438",NA
"437",1991,"0440",2.8
"438",1991,"0442",17.6
"439",1991,"0444",6.35
"440",1991,"0446",6.23333333333333
"441",1991,"0470",2.4
"442",1991,"0474",2.5
"443",1991,"0478",2.8
"444",1991,"0484",5.325
"445",1991,"0631",5.5
"446",1991,"A315",9.5
"447",1991,"A320",4
"448",1991,"A432",5.18333333333333
"449",1991,"A456",2.8
"450",1991,"A499",2.1
"451",1991,"A617",NA
"452",1991,"A620",NA
"453",1991,"A630",6.6
"454",1991,"A680",NA
"455",1991,"A685",NA
"456",1991,"A690",NA
"457",1991,"B484",3
"458",1991,"C320",1.1
"459",1991,"C370",NA
"460",1991,"D320",1.1
"461",1991,"G320",1.4
"462",1991,"KSHZ06",1.6
"463",1991,"KTHA03",1.5
"464",1991,"N484",1.5
"465",1991,"VA12A",NA
"466",1991,"VA41A",NA
"467",1991,"VA42A",NA
"468",1991,"VA45A",NA
"469",1992,"0311",2.25
"470",1992,"0317",19.4
"471",1992,"0321",NA
"472",1992,"0322",1.73333333333333
"473",1992,"0430",2.15
"474",1992,"0434",2.6
"475",1992,"0438",NA
"476",1992,"0440",1.8
"477",1992,"0442",1.25
"478",1992,"0444",3.1
"479",1992,"0446",2.45
"480",1992,"0470",3.1
"481",1992,"0474",3.4
"482",1992,"0478",2.8
"483",1992,"0484",3.9
"484",1992,"0631",1.45
"485",1992,"A315",4.75
"486",1992,"A320",1.1
"487",1992,"A432",3.15
"488",1992,"A456",4
"489",1992,"A499",1.8
"490",1992,"A617",NA
"491",1992,"A620",NA
"492",1992,"A630",6.5
"493",1992,"A680",NA
"494",1992,"A685",NA
"495",1992,"A690",NA
"496",1992,"B484",2.3
"497",1992,"C320",0.85
"498",1992,"C370",NA
"499",1992,"D320",0.85
"500",1992,"G320",1.6
"501",1992,"KSHZ06",1.4
"502",1992,"KTHA03",1
"503",1992,"N484",1.65
"504",1992,"VA12A",NA
"505",1992,"VA41A",NA
"506",1992,"VA42A",NA
"507",1992,"VA45A",NA
"508",1993,"0311",2.15
"509",1993,"0317",9.95
"510",1993,"0321",1.6
"511",1993,"0322",2.4
"512",1993,"0430",2.75
"513",1993,"0434",2.5
"514",1993,"0438",NA
"515",1993,"0440",2.2
"516",1993,"0442",1.2
"517",1993,"0444",3.25
"518",1993,"0446",3.85
"519",1993,"0470",2.45
"520",1993,"0474",2.65
"521",1993,"0478",4.275
"522",1993,"0484",3.2
"523",1993,"0631",2.025
"524",1993,"A315",4.525
"525",1993,"A320",1.425
"526",1993,"A432",2.825
"527",1993,"A456",3.25
"528",1993,"A499",2.175
"529",1993,"A617",NA
"530",1993,"A620",NA
"531",1993,"A630",3.85
"532",1993,"A680",NA
"533",1993,"A685",NA
"534",1993,"A690",NA
"535",1993,"B484",2.1
"536",1993,"C320",0.675
"537",1993,"C370",2.55
"538",1993,"D320",0.95
"539",1993,"G320",1.4
"540",1993,"KSHZ06",1.7
"541",1993,"KTHA03",0.7
"542",1993,"N484",1.85
"543",1993,"VA12A",NA
"544",1993,"VA41A",NA
"545",1993,"VA42A",NA
"546",1993,"VA45A",NA
"547",1994,"0311",2.1
"548",1994,"0317",12.075
"549",1994,"0321",1
"550",1994,"0322",1.55
"551",1994,"0430",1.3
"552",1994,"0434",1.25
"553",1994,"0438",NA
"554",1994,"0440",1.65
"555",1994,"0442",1.15
"556",1994,"0444",2.2
"557",1994,"0446",1.5
"558",1994,"0470",1.85
"559",1994,"0474",2.25
"560",1994,"0478",1.85
"561",1994,"0484",2.3
"562",1994,"0631",1.86666666666667
"563",1994,"A315",4.85
"564",1994,"A320",1.2
"565",1994,"A432",1.8
"566",1994,"A456",3.8
"567",1994,"A499",1.45
"568",1994,"A617",NA
"569",1994,"A620",NA
"570",1994,"A630",3.725
"571",1994,"A680",NA
"572",1994,"A685",NA
"573",1994,"A690",NA
"574",1994,"B484",1.85
"575",1994,"C320",0.8
"576",1994,"C370",2.75
"577",1994,"D320",0.9
"578",1994,"G320",1.4
"579",1994,"KSHZ06",0.95
"580",1994,"KTHA03",0.6
"581",1994,"N484",1.3
"582",1994,"VA12A",NA
"583",1994,"VA41A",NA
"584",1994,"VA42A",NA
"585",1994,"VA45A",NA
"586",1995,"0311",1.7
"587",1995,"0317",17.5
"588",1995,"0321",1.3
"589",1995,"0322",2.125
"590",1995,"0430",4.18333333333333
"591",1995,"0434",3.91
"592",1995,"0438",NA
"593",1995,"0440",3.05
"594",1995,"0442",3.41666666666667
"595",1995,"0444",4.71666666666667
"596",1995,"0446",4.15
"597",1995,"0470",2.35
"598",1995,"0474",3.275
"599",1995,"0478",3.475
"600",1995,"0484",3.65
"601",1995,"0631",2.1
"602",1995,"A315",6.05
"603",1995,"A320",1.05
"604",1995,"A432",4.35
"605",1995,"A456",3.75
"606",1995,"A499",1.2
"607",1995,"A617",2.7
"608",1995,"A620",NA
"609",1995,"A630",10
"610",1995,"A680",1.75
"611",1995,"A685",NA
"612",1995,"A690",1.2
"613",1995,"B484",1.9
"614",1995,"C320",0.7
"615",1995,"C370",2.625
"616",1995,"D320",0.5
"617",1995,"G320",1.1
"618",1995,"KSHZ06",2.08333333333333
"619",1995,"KTHA03",0.5
"620",1995,"N484",1.25
"621",1995,"VA12A",NA
"622",1995,"VA41A",NA
"623",1995,"VA42A",NA
"624",1995,"VA45A",NA
"625",1996,"0311",3.7
"626",1996,"0317",10.9833333333333
"627",1996,"0321",1.7
"628",1996,"0322",3.55
"629",1996,"0430",2.4
"630",1996,"0434",2.8
"631",1996,"0438",NA
"632",1996,"0440",4.125
"633",1996,"0442",3.35
"634",1996,"0444",2.6
"635",1996,"0446",3.35
"636",1996,"0470",2
"637",1996,"0474",2.9
"638",1996,"0478",3.025
"639",1996,"0484",3.125
"640",1996,"0631",3
"641",1996,"A315",7.45
"642",1996,"A320",2.3
"643",1996,"A432",3.3
"644",1996,"A456",2.75
"645",1996,"A499",1.6
"646",1996,"A617",4.35
"647",1996,"A620",2.4
"648",1996,"A630",6.5
"649",1996,"A680",2.1
"650",1996,"A685",1.45
"651",1996,"A690",1.61666666666667
"652",1996,"B484",2.45
"653",1996,"C320",1.1
"654",1996,"C370",2.9
"655",1996,"D320",1
"656",1996,"G320",1.4
"657",1996,"KSHZ06",1.8
"658",1996,"KTHA03",0.95
"659",1996,"N484",1.4
"660",1996,"VA12A",NA
"661",1996,"VA41A",NA
"662",1996,"VA42A",NA
"663",1996,"VA45A",NA
"664",1997,"0311",4.1
"665",1997,"0317",14
"666",1997,"0321",1.4
"667",1997,"0322",1.75
"668",1997,"0430",1.75
"669",1997,"0434",3.4
"670",1997,"0438",2.55
"671",1997,"0440",1.8
"672",1997,"0442",2.1
"673",1997,"0444",2.6
"674",1997,"0446",2
"675",1997,"0470",2.2
"676",1997,"0474",2.95
"677",1997,"0478",3.4
"678",1997,"0484",3.85
"679",1997,"0631",2.15
"680",1997,"A315",7.25
"681",1997,"A320",1.55
"682",1997,"A432",3.4
"683",1997,"A456",3.2
"684",1997,"A499",1.7
"685",1997,"A617",1.5
"686",1997,"A620",1.85
"687",1997,"A630",4.8
"688",1997,"A680",2.4
"689",1997,"A685",1.8
"690",1997,"A690",2.9
"691",1997,"B484",3
"692",1997,"C320",0.65
"693",1997,"C370",3.2
"694",1997,"D320",0.85
"695",1997,"G320",1.1
"696",1997,"KSHZ06",2.425
"697",1997,"KTHA03",1.6
"698",1997,"N484",1.5
"699",1997,"VA12A",NA
"700",1997,"VA41A",NA
"701",1997,"VA42A",NA
"702",1997,"VA45A",NA
"703",1998,"0311",3.1
"704",1998,"0317",14.5666666666667
"705",1998,"0321",3.025
"706",1998,"0322",3.9625
"707",1998,"0430",3
"708",1998,"0434",4.35
"709",1998,"0438",3.975
"710",1998,"0440",4.1
"711",1998,"0442",5.05
"712",1998,"0444",3.6
"713",1998,"0446",2.8
"714",1998,"0470",3.4
"715",1998,"0474",4.2
"716",1998,"0478",3.675
"717",1998,"0484",3.85
"718",1998,"0631",3.1
"719",1998,"A315",9.55
"720",1998,"A320",1.75
"721",1998,"A432",5.3
"722",1998,"A456",4.7625
"723",1998,"A499",2.46666666666667
"724",1998,"A617",2.925
"725",1998,"A620",1.95
"726",1998,"A630",6.9
"727",1998,"A680",2.9
"728",1998,"A685",2.28333333333333
"729",1998,"A690",1.4
"730",1998,"B484",3.4
"731",1998,"C320",0.9
"732",1998,"C370",3.85
"733",1998,"D320",1.5
"734",1998,"G320",1.8
"735",1998,"KSHZ06",3.3
"736",1998,"KTHA03",1.5
"737",1998,"N484",1.5
"738",1998,"VA12A",NA
"739",1998,"VA41A",NA
"740",1998,"VA42A",NA
"741",1998,"VA45A",NA
"742",1999,"0311",4.4
"743",1999,"0317",14
"744",1999,"0321",2.35
"745",1999,"0322",3.45
"746",1999,"0430",3.4
"747",1999,"0434",6.4
"748",1999,"0438",1.5
"749",1999,"0440",4.61666666666667
"750",1999,"0442",10.25
"751",1999,"0444",4.5
"752",1999,"0446",3.6
"753",1999,"0470",4.825
"754",1999,"0474",4
"755",1999,"0478",3.775
"756",1999,"0484",3.9
"757",1999,"0631",2.95
"758",1999,"A315",9.6
"759",1999,"A320",1.6
"760",1999,"A432",4
"761",1999,"A456",4.35
"762",1999,"A499",3.05
"763",1999,"A617",2.05
"764",1999,"A620",1.75
"765",1999,"A630",7.55
"766",1999,"A680",3.35
"767",1999,"A685",2.15
"768",1999,"A690",1.625
"769",1999,"B484",3.3
"770",1999,"C320",1
"771",1999,"C370",2.9
"772",1999,"D320",1.425
"773",1999,"G320",1.85
"774",1999,"KSHZ06",2.95
"775",1999,"KTHA03",4.65
"776",1999,"N484",2.3
"777",1999,"VA12A",NA
"778",1999,"VA41A",NA
"779",1999,"VA42A",NA
"780",1999,"VA45A",NA
"781",2000,"0311",3.8
"782",2000,"0317",16.75
"783",2000,"0321",3.48333333333333
"784",2000,"0322",2.15
"785",2000,"0430",2.9
"786",2000,"0434",3.9
"787",2000,"0438",1.65
"788",2000,"0440",6.8
"789",2000,"0442",5.25
"790",2000,"0444",4.9
"791",2000,"0446",8.6
"792",2000,"0470",4.1
"793",2000,"0474",4.6
"794",2000,"0478",4.4
"795",2000,"0484",5.2
"796",2000,"0631",4.2
"797",2000,"A315",9.175
"798",2000,"A320",1.875
"799",2000,"A432",5.4
"800",2000,"A456",7.15
"801",2000,"A499",4.8
"802",2000,"A617",3.25
"803",2000,"A620",3.05
"804",2000,"A630",9.8
"805",2000,"A680",3.05
"806",2000,"A685",2.2
"807",2000,"A690",1.65
"808",2000,"B484",3.05
"809",2000,"C320",1.3
"810",2000,"C370",6.35
"811",2000,"D320",1.6
"812",2000,"G320",2.55
"813",2000,"KSHZ06",3.8
"814",2000,"KTHA03",2
"815",2000,"N484",2.6
"816",2000,"VA12A",NA
"817",2000,"VA41A",NA
"818",2000,"VA42A",NA
"819",2000,"VA45A",NA
"820",2001,"0311",2.46
"821",2001,"0317",16.1
"822",2001,"0321",3
"823",2001,"0322",2.705
"824",2001,"0430",5.635
"825",2001,"0434",4.425
"826",2001,"0438",1.7025
"827",2001,"0440",1.83
"828",2001,"0442",3.22
"829",2001,"0444",4.2
"830",2001,"0446",2.09
"831",2001,"0470",2.7
"832",2001,"0474",3.65
"833",2001,"0478",3.83
"834",2001,"0484",4.14
"835",2001,"0631",2.43
"836",2001,"A315",11.7775
"837",2001,"A320",1.9
"838",2001,"A432",4.23
"839",2001,"A456",4.735
"840",2001,"A499",2.885
"841",2001,"A617",0.915
"842",2001,"A620",1.8
"843",2001,"A630",5.205
"844",2001,"A680",2.89
"845",2001,"A685",1.6
"846",2001,"A690",1.965
"847",2001,"B484",3.3
"848",2001,"C320",0.93
"849",2001,"C370",3.8325
"850",2001,"D320",1.6
"851",2001,"G320",2.28
"852",2001,"KSHZ06",2.03
"853",2001,"KTHA03",1.25
"854",2001,"N484",2.15
"855",2001,"VA12A",NA
"856",2001,"VA41A",NA
"857",2001,"VA42A",NA
"858",2001,"VA45A",NA
"859",2002,"0311",2.575
"860",2002,"0317",13.4
"861",2002,"0321",1.65
"862",2002,"0322",3.84166666666667
"863",2002,"0430",4.08
"864",2002,"0434",6.555
"865",2002,"0438",1.525
"866",2002,"0440",3.54
"867",2002,"0442",4.81
"868",2002,"0444",3.525
"869",2002,"0446",3.795
"870",2002,"0470",3.665
"871",2002,"0474",4.48
"872",2002,"0478",4.29
"873",2002,"0484",5.315
"874",2002,"0631",2.815
"875",2002,"A315",11.075
"876",2002,"A320",1.625
"877",2002,"A432",5.405
"878",2002,"A456",4.91
"879",2002,"A499",2.93
"880",2002,"A617",1.65
"881",2002,"A620",2.49
"882",2002,"A630",6.015
"883",2002,"A680",2.045
"884",2002,"A685",1.375
"885",2002,"A690",1.2
"886",2002,"B484",3.25
"887",2002,"C320",1.0525
"888",2002,"C370",4.445
"889",2002,"D320",1.23
"890",2002,"G320",1.9
"891",2002,"KSHZ06",2.64
"892",2002,"KTHA03",1.7
"893",2002,"N484",1.87
"894",2002,"VA12A",NA
"895",2002,"VA41A",NA
"896",2002,"VA42A",NA
"897",2002,"VA45A",NA
"898",2003,"0311",3.535
"899",2003,"0317",15.3
"900",2003,"0321",2.18
"901",2003,"0322",1.9875
"902",2003,"0430",1.825
"903",2003,"0434",3.705
"904",2003,"0438",1.5
"905",2003,"0440",2.155
"906",2003,"0442",3.235
"907",2003,"0444",3.245
"908",2003,"0446",1.6
"909",2003,"0470",2.925
"910",2003,"0474",3.695
"911",2003,"0478",2.845
"912",2003,"0484",3.945
"913",2003,"0631",2.245
"914",2003,"A315",9.0425
"915",2003,"A320",1.475
"916",2003,"A432",4.615
"917",2003,"A456",4.09
"918",2003,"A499",4.18
"919",2003,"A617",1.25
"920",2003,"A620",1.5
"921",2003,"A630",3.565
"922",2003,"A680",2.74
"923",2003,"A685",1.375
"924",2003,"A690",1.4
"925",2003,"B484",3.34
"926",2003,"C320",0.87
"927",2003,"C370",3.55
"928",2003,"D320",1.3
"929",2003,"G320",2
"930",2003,"KSHZ06",1.55
"931",2003,"KTHA03",1.25
"932",2003,"N484",1.8
"933",2003,"VA12A",NA
"934",2003,"VA41A",NA
"935",2003,"VA42A",NA
"936",2003,"VA45A",NA
"937",2004,"0311",2.86
"938",2004,"0317",13.7
"939",2004,"0321",1.55
"940",2004,"0322",2.14
"941",2004,"0430",1.85
"942",2004,"0434",4.16
"943",2004,"0438",1.6125
"944",2004,"0440",2.425
"945",2004,"0442",3.6
"946",2004,"0444",2.405
"947",2004,"0446",1.85
"948",2004,"0470",2.27
"949",2004,"0474",3.0425
"950",2004,"0478",3.39916666666667
"951",2004,"0484",3.74
"952",2004,"0631",2.25
"953",2004,"A315",8.24
"954",2004,"A320",2.505
"955",2004,"A432",4.35
"956",2004,"A456",5.445
"957",2004,"A499",3.905
"958",2004,"A617",1.15
"959",2004,"A620",1
"960",2004,"A630",3.98
"961",2004,"A680",1.95
"962",2004,"A685",1.7
"963",2004,"A690",1.3
"964",2004,"B484",2.38
"965",2004,"C320",1.05
"966",2004,"C370",2.4
"967",2004,"D320",1.1
"968",2004,"G320",2.34
"969",2004,"KSHZ06",1.8
"970",2004,"KTHA03",2.43
"971",2004,"N484",1.9
"972",2004,"VA12A",NA
"973",2004,"VA41A",NA
"974",2004,"VA42A",NA
"975",2004,"VA45A",NA
"976",2005,"0311",2.635
"977",2005,"0317",12.35
"978",2005,"0321",1.825
"979",2005,"0322",1.85
"980",2005,"0430",2.99
"981",2005,"0434",5.57
"982",2005,"0438",1.6
"983",2005,"0440",1.45
"984",2005,"0442",2.84
"985",2005,"0444",2.06
"986",2005,"0446",1.98
"987",2005,"0470",2.72
"988",2005,"0474",3.77
"989",2005,"0478",3.115
"990",2005,"0484",4.015
"991",2005,"0631",1.9
"992",2005,"A315",10.4
"993",2005,"A320",1.5
"994",2005,"A432",5.41
"995",2005,"A456",4.935
"996",2005,"A499",3.605
"997",2005,"A617",1.25
"998",2005,"A620",1
"999",2005,"A630",3.71
"1000",2005,"A680",2.805
"1001",2005,"A685",1.25
"1002",2005,"A690",1.85
"1003",2005,"B484",3.39
"1004",2005,"C320",1.1
"1005",2005,"C370",2.81
"1006",2005,"D320",1.4
"1007",2005,"G320",2.495
"1008",2005,"KSHZ06",1.9
"1009",2005,"KTHA03",1.8625
"1010",2005,"N484",1.975
"1011",2005,"VA12A",NA
"1012",2005,"VA41A",NA
"1013",2005,"VA42A",NA
"1014",2005,"VA45A",NA
"1015",2006,"0311",2.92
"1016",2006,"0317",13.05
"1017",2006,"0321",1.85
"1018",2006,"0322",2.215
"1019",2006,"0430",3.395
"1020",2006,"0434",5.005
"1021",2006,"0438",1.35
"1022",2006,"0440",2.47
"1023",2006,"0442",3.98
"1024",2006,"0444",3
"1025",2006,"0446",2.62
"1026",2006,"0470",3.10083333333333
"1027",2006,"0474",4.585
"1028",2006,"0478",3.65
"1029",2006,"0484",4.31
"1030",2006,"0631",3.37
"1031",2006,"A315",8.31
"1032",2006,"A320",1.75
"1033",2006,"A432",5.72
"1034",2006,"A456",4.855
"1035",2006,"A499",3.225
"1036",2006,"A617",1.995
"1037",2006,"A620",1.3675
"1038",2006,"A630",4.35
"1039",2006,"A680",2.31
"1040",2006,"A685",1.5075
"1041",2006,"A690",1.15
"1042",2006,"B484",3.34
"1043",2006,"C320",1.2
"1044",2006,"C370",3.02
"1045",2006,"D320",1.3
"1046",2006,"G320",2.27
"1047",2006,"KSHZ06",2.84
"1048",2006,"KTHA03",3.2
"1049",2006,"N484",2.46
"1050",2006,"VA12A",NA
"1051",2006,"VA41A",NA
"1052",2006,"VA42A",NA
"1053",2006,"VA45A",NA
"1054",2007,"0311",3.175
"1055",2007,"0317",15.5
"1056",2007,"0321",1.75
"1057",2007,"0322",2.6125
"1058",2007,"0430",2.9575
"1059",2007,"0434",5.815
"1060",2007,"0438",1.4
"1061",2007,"0440",3.6625
"1062",2007,"0442",5.095
"1063",2007,"0444",3.205
"1064",2007,"0446",2.82
"1065",2007,"0470",3.27
"1066",2007,"0474",5.98833333333333
"1067",2007,"0478",3.165
"1068",2007,"0484",3.7175
"1069",2007,"0631",2.585
"1070",2007,"A315",9.1275
"1071",2007,"A320",1.7
"1072",2007,"A432",4.195
"1073",2007,"A456",4.765
"1074",2007,"A499",3.035
"1075",2007,"A617",1.45
"1076",2007,"A620",2.46666666666667
"1077",2007,"A630",3.82
"1078",2007,"A680",1.77
"1079",2007,"A685",1.45
"1080",2007,"A690",2.43
"1081",2007,"B484",3.13
"1082",2007,"C320",1.3
"1083",2007,"C370",3.92
"1084",2007,"D320",1.2
"1085",2007,"G320",2.055
"1086",2007,"KSHZ06",3.54
"1087",2007,"KTHA03",2.455
"1088",2007,"N484",3.145
"1089",2007,"VA12A",1.8
"1090",2007,"VA41A",5.43
"1091",2007,"VA42A",2.52
"1092",2007,"VA45A",3.69
"1093",2008,"0311",1.865
"1094",2008,"0317",13.3525
"1095",2008,"0321",1.6
"1096",2008,"0322",1.935
"1097",2008,"0430",2.245
"1098",2008,"0434",2.555
"1099",2008,"0438",0.75
"1100",2008,"0440",2.755
"1101",2008,"0442",3.655
"1102",2008,"0444",2.6725
"1103",2008,"0446",2.7325
"1104",2008,"0470",2.5175
"1105",2008,"0474",3.255
"1106",2008,"0478",2.835
"1107",2008,"0484",2.36
"1108",2008,"0631",1.835
"1109",2008,"A315",7.79
"1110",2008,"A320",1.16
"1111",2008,"A432",2.505
"1112",2008,"A456",3.085
"1113",2008,"A499",2.045
"1114",2008,"A617",2.115
"1115",2008,"A620",1.43166666666667
"1116",2008,"A630",6.15
"1117",2008,"A680",1.2
"1118",2008,"A685",0.73
"1119",2008,"A690",0.835
"1120",2008,"B484",2.71
"1121",2008,"C320",0.805
"1122",2008,"C370",2.6
"1123",2008,"D320",1.25
"1124",2008,"G320",1.1
"1125",2008,"KSHZ06",1.14
"1126",2008,"KTHA03",0.64
"1127",2008,"N484",1.55
"1128",2008,"VA12A",0.855
"1129",2008,"VA41A",1.75
"1130",2008,"VA42A",1.45
"1131",2008,"VA45A",3.375
"1132",2009,"0311",NA
"1133",2009,"0317",NA
"1134",2009,"0321",NA
"1135",2009,"0322",NA
"1136",2009,"0430",NA
"1137",2009,"0434",NA
"1138",2009,"0438",NA
"1139",2009,"0440",NA
"1140",2009,"0442",NA
"1141",2009,"0444",NA
"1142",2009,"0446",NA
"1143",2009,"0470",NA
"1144",2009,"0474",NA
"1145",2009,"0478",NA
"1146",2009,"0484",NA
"1147",2009,"0631",NA
"1148",2009,"A315",NA
"1149",2009,"A320",NA
"1150",2009,"A432",NA
"1151",2009,"A456",NA
"1152",2009,"A499",NA
"1153",2009,"A617",NA
"1154",2009,"A620",NA
"1155",2009,"A630",NA
"1156",2009,"A680",NA
"1157",2009,"A685",NA
"1158",2009,"A690",NA
"1159",2009,"B484",NA
"1160",2009,"C320",NA
"1161",2009,"C370",NA
"1162",2009,"D320",NA
"1163",2009,"G320",NA
"1164",2009,"KSHZ06",NA
"1165",2009,"KTHA03",NA
"1166",2009,"N484",NA
"1167",2009,"VA12A",1.6
"1168",2009,"VA41A",2.72
"1169",2009,"VA42A",1.84
"1170",2009,"VA45A",3.1
"1171",2010,"0311",NA
"1172",2010,"0317",NA
"1173",2010,"0321",NA
"1174",2010,"0322",NA
"1175",2010,"0430",NA
"1176",2010,"0434",NA
"1177",2010,"0438",NA
"1178",2010,"0440",NA
"1179",2010,"0442",NA
"1180",2010,"0444",NA
"1181",2010,"0446",NA
"1182",2010,"0470",NA
"1183",2010,"0474",NA
"1184",2010,"0478",NA
"1185",2010,"0484",NA
"1186",2010,"0631",NA
"1187",2010,"A315",NA
"1188",2010,"A320",NA
"1189",2010,"A432",NA
"1190",2010,"A456",NA
"1191",2010,"A499",NA
"1192",2010,"A617",NA
"1193",2010,"A620",NA
"1194",2010,"A630",NA
"1195",2010,"A680",NA
"1196",2010,"A685",NA
"1197",2010,"A690",NA
"1198",2010,"B484",NA
"1199",2010,"C320",NA
"1200",2010,"C370",NA
"1201",2010,"D320",NA
"1202",2010,"G320",NA
"1203",2010,"KSHZ06",NA
"1204",2010,"KTHA03",NA
"1205",2010,"N484",NA
"1206",2010,"VA12A",2.15
"1207",2010,"VA41A",3.995
"1208",2010,"VA42A",3.49
"1209",2010,"VA45A",6.395
"1210",2011,"0311",NA
"1211",2011,"0317",NA
"1212",2011,"0321",NA
"1213",2011,"0322",NA
"1214",2011,"0430",NA
"1215",2011,"0434",NA
"1216",2011,"0438",NA
"1217",2011,"0440",NA
"1218",2011,"0442",NA
"1219",2011,"0444",NA
"1220",2011,"0446",NA
"1221",2011,"0470",NA
"1222",2011,"0474",NA
"1223",2011,"0478",NA
"1224",2011,"0484",NA
"1225",2011,"0631",NA
"1226",2011,"A315",NA
"1227",2011,"A320",NA
"1228",2011,"A432",NA
"1229",2011,"A456",NA
"1230",2011,"A499",NA
"1231",2011,"A617",NA
"1232",2011,"A620",NA
"1233",2011,"A630",NA
"1234",2011,"A680",NA
"1235",2011,"A685",NA
"1236",2011,"A690",NA
"1237",2011,"B484",NA
"1238",2011,"C320",NA
"1239",2011,"C370",NA
"1240",2011,"D320",NA
"1241",2011,"G320",NA
"1242",2011,"KSHZ06",NA
"1243",2011,"KTHA03",NA
"1244",2011,"N484",NA
"1245",2011,"VA12A",1.865
"1246",2011,"VA41A",3.95
"1247",2011,"VA42A",2.9
"1248",2011,"VA45A",4.925
"1249",2012,"0311",NA
"1250",2012,"0317",9.81
"1251",2012,"0321",NA
"1252",2012,"0322",2.52
"1253",2012,"0430",1.98
"1254",2012,"0434",3.04
"1255",2012,"0438",1.115
"1256",2012,"0440",2.395
"1257",2012,"0442",NA
"1258",2012,"0444",NA
"1259",2012,"0446",2.535
"1260",2012,"0470",2.485
"1261",2012,"0474",3.5
"1262",2012,"0478",2.795
"1263",2012,"0484",3.53
"1264",2012,"0631",1.955
"1265",2012,"A315",NA
"1266",2012,"A320",1.72
"1267",2012,"A432",NA
"1268",2012,"A456",NA
"1269",2012,"A499",NA
"1270",2012,"A617",NA
"1271",2012,"A620",NA
"1272",2012,"A630",NA
"1273",2012,"A680",2
"1274",2012,"A685",NA
"1275",2012,"A690",NA
"1276",2012,"B484",NA
"1277",2012,"C320",NA
"1278",2012,"C370",NA
"1279",2012,"D320",1.38
"1280",2012,"G320",NA
"1281",2012,"KSHZ06",2.065
"1282",2012,"KTHA03",NA
"1283",2012,"N484",NA
"1284",2012,"VA12A",1.425
"1285",2012,"VA41A",3.525
"1286",2012,"VA42A",3.455
"1287",2012,"VA45A",5.615
"1288",2013,"0311",NA
"1289",2013,"0317",13.5
"1290",2013,"0321",1.53
"1291",2013,"0322",2.39
"1292",2013,"0430",2.255
"1293",2013,"0434",3.41
"1294",2013,"0438",1.49
"1295",2013,"0440",2.23
"1296",2013,"0442",3.93
"1297",2013,"0444",2.755
"1298",2013,"0446",2.73
"1299",2013,"0470",3.12
"1300",2013,"0474",3.94
"1301",2013,"0478",3.095
"1302",2013,"0484",3.755
"1303",2013,"0631",1.99
"1304",2013,"A315",12.65
"1305",2013,"A320",1.925
"1306",2013,"A432",5.265
"1307",2013,"A456",3.035
"1308",2013,"A499",NA
"1309",2013,"A617",0.9865
"1310",2013,"A620",1.051
"1311",2013,"A630",4.06
"1312",2013,"A680",1.995
"1313",2013,"A685",1.75
"1314",2013,"A690",NA
"1315",2013,"B484",3.63
"1316",2013,"C320",1.495
"1317",2013,"C370",5.415
"1318",2013,"D320",1.725
"1319",2013,"G320",3.27
"1320",2013,"KSHZ06",2.595
"1321",2013,"KTHA03",2.07
"1322",2013,"N484",1.585
"1323",2013,"VA12A",NA
"1324",2013,"VA41A",NA
"1325",2013,"VA42A",2.775
"1326",2013,"VA45A",NA
"1327",2014,"0311",NA
"1328",2014,"0317",11.95
"1329",2014,"0321",1.885
"1330",2014,"0322",3.47
"1331",2014,"0430",1.905
"1332",2014,"0434",3.245
"1333",2014,"0438",1.18
"1334",2014,"0440",1.75
"1335",2014,"0442",2.775
"1336",2014,"0444",2.66
"1337",2014,"0446",2.265
"1338",2014,"0470",2.75
"1339",2014,"0474",3.735
"1340",2014,"0478",2.455
"1341",2014,"0484",3.65
"1342",2014,"0631",2.5
"1343",2014,"A315",11.445
"1344",2014,"A320",1.58
"1345",2014,"A432",3.49
"1346",2014,"A456",3.08
"1347",2014,"A499",NA
"1348",2014,"A617",1.25
"1349",2014,"A620",1.09
"1350",2014,"A630",3.845
"1351",2014,"A680",1.965
"1352",2014,"A685",1.515
"1353",2014,"A690",NA
"1354",2014,"B484",4.085
"1355",2014,"C320",1.055
"1356",2014,"C370",7.03
"1357",2014,"D320",1.56
"1358",2014,"G320",2.465
"1359",2014,"KSHZ06",2.07
"1360",2014,"KTHA03",1.795
"1361",2014,"N484",1.93
"1362",2014,"VA12A",NA
"1363",2014,"VA41A",NA
"1364",2014,"VA42A",3.01
"1365",2014,"VA45A",NA
"1366",2015,"0311",3.24
"1367",2015,"0317",12.8
"1368",2015,"0321",2.39
"1369",2015,"0322",2.605
"1370",2015,"0430",2.47
"1371",2015,"0434",2.99
"1372",2015,"0438",1.56
"1373",2015,"0440",2.15
"1374",2015,"0442",3.595
"1375",2015,"0444",3.73
"1376",2015,"0446",2.545
"1377",2015,"0470",3.32
"1378",2015,"0474",5.865
"1379",2015,"0478",2.94
"1380",2015,"0484",4.185
"1381",2015,"0631",2.33
"1382",2015,"A315",17.6
"1383",2015,"A320",1.865
"1384",2015,"A432",4.6
"1385",2015,"A456",4.06
"1386",2015,"A499",2.725
"1387",2015,"A617",1.365
"1388",2015,"A620",1.44
"1389",2015,"A630",4.93
"1390",2015,"A680",2.29
"1391",2015,"A685",1.7
"1392",2015,"A690",2.06
"1393",2015,"B484",3.98
"1394",2015,"C320",1.07
"1395",2015,"C370",4.51
"1396",2015,"D320",1.475
"1397",2015,"G320",2.28
"1398",2015,"KSHZ06",2.265
"1399",2015,"KTHA03",1.805
"1400",2015,"N484",1.74166666666667
"1401",2015,"VA12A",1.445
"1402",2015,"VA41A",5.01
"1403",2015,"VA42A",3.63
"1404",2015,"VA45A",6.315
"1405",2016,"0311",2.815
"1406",2016,"0317",11.95
"1407",2016,"0321",1.67
"1408",2016,"0322",1.96
"1409",2016,"0430",1.9
"1410",2016,"0434",3.465
"1411",2016,"0438",1.49
"1412",2016,"0440",2.115
"1413",2016,"0442",3.76
"1414",2016,"0444",3.405
"1415",2016,"0446",2.53
"1416",2016,"0470",3.26
"1417",2016,"0474",5.375
"1418",2016,"0478",2.825
"1419",2016,"0484",2.89
"1420",2016,"0631",2.16
"1421",2016,"A315",8.425
"1422",2016,"A320",1.37
"1423",2016,"A432",5.625
"1424",2016,"A456",5.56
"1425",2016,"A499",3.615
"1426",2016,"A617",1.49
"1427",2016,"A620",1.94
"1428",2016,"A630",5.17
"1429",2016,"A680",1.965
"1430",2016,"A685",1.78
"1431",2016,"A690",2.805
"1432",2016,"B484",3.34
"1433",2016,"C320",0.8695
"1434",2016,"C370",4.98
"1435",2016,"D320",1.255
"1436",2016,"G320",1.975
"1437",2016,"KSHZ06",2.5
"1438",2016,"KTHA03",1.715
"1439",2016,"N484",1.73
"1440",2016,"VA12A",1.58
"1441",2016,"VA41A",4.31
"1442",2016,"VA42A",4.135
"1443",2016,"VA45A",4.415
"1444",2017,"0311",3.97
"1445",2017,"0317",10.34
"1446",2017,"0321",2.25
"1447",2017,"0322",3.18
"1448",2017,"0430",2.955
"1449",2017,"0434",4.405
"1450",2017,"0438",1.52
"1451",2017,"0440",2.695
"1452",2017,"0442",3.865
"1453",2017,"0444",2.845
"1454",2017,"0446",3.6425
"1455",2017,"0470",4.34
"1456",2017,"0474",5.935
"1457",2017,"0478",3.675
"1458",2017,"0484",3.81
"1459",2017,"0631",2.32
"1460",2017,"A315",15.15
"1461",2017,"A320",2.425
"1462",2017,"A432",5.09
"1463",2017,"A456",4.2
"1464",2017,"A499",2.85
"1465",2017,"A617",1.53
"1466",2017,"A620",1.865
"1467",2017,"A630",5.61
"1468",2017,"A680",2.6
"1469",2017,"A685",1.67
"1470",2017,"A690",1.68
"1471",2017,"B484",3.755
"1472",2017,"C320",1.0575
"1473",2017,"C370",6.38
"1474",2017,"D320",1.94
"1475",2017,"G320",3
"1476",2017,"KSHZ06",3.235
"1477",2017,"KTHA03",1.895
"1478",2017,"N484",1.915
"1479",2017,"VA12A",2.135
"1480",2017,"VA41A",4.065
"1481",2017,"VA42A",5.075
"1482",2017,"VA45A",5.785
"1483",2018,"0311",3.59
"1484",2018,"0317",11.2
"1485",2018,"0321",1.52
"1486",2018,"0322",3.035
"1487",2018,"0430",2.96
"1488",2018,"0434",3.46
"1489",2018,"0438",1.27
"1490",2018,"0440",1.9
"1491",2018,"0442",3.215
"1492",2018,"0444",3.27
"1493",2018,"0446",2.58
"1494",2018,"0470",3.42
"1495",2018,"0474",4.33
"1496",2018,"0478",2.905
"1497",2018,"0484",2.775
"1498",2018,"0631",1.69
"1499",2018,"A315",11.65
"1500",2018,"A320",1.995
"1501",2018,"A432",4.99
"1502",2018,"A456",6.6
"1503",2018,"A499",2.6975
"1504",2018,"A617",1.63
"1505",2018,"A620",1.18
"1506",2018,"A630",4.315
"1507",2018,"A680",1.7
"1508",2018,"A685",1.5
"1509",2018,"A690",1.61
"1510",2018,"B484",3.04
"1511",2018,"C320",0.82
"1512",2018,"C370",8.405
"1513",2018,"D320",1.74
"1514",2018,"G320",2.495
"1515",2018,"KSHZ06",3.9
"1516",2018,"KTHA03",2.28
"1517",2018,"N484",2.12
"1518",2018,"VA12A",1.715
"1519",2018,"VA41A",3.32
"1520",2018,"VA42A",3.595
"1521",2018,"VA45A",4.67
"1522",2019,"0311",2.86
"1523",2019,"0317",7.975
"1524",2019,"0321",1.975
"1525",2019,"0322",2.735
"1526",2019,"0430",2.27
"1527",2019,"0434",3.895
"1528",2019,"0438",1.835
"1529",2019,"0440",2.355
"1530",2019,"0442",2.74
"1531",2019,"0444",3.1
"1532",2019,"0446",2.805
"1533",2019,"0470",2.85
"1534",2019,"0474",3.735
"1535",2019,"0478",3.19
"1536",2019,"0484",3.08
"1537",2019,"0631",2.34
"1538",2019,"A315",8.385
"1539",2019,"A320",2.125
"1540",2019,"A432",4.16
"1541",2019,"A456",3.83
"1542",2019,"A499",3.615
"1543",2019,"A617",2.6375
"1544",2019,"A620",2.085
"1545",2019,"A630",4.605
"1546",2019,"A680",2.03
"1547",2019,"A685",1.445
"1548",2019,"A690",2.07
"1549",2019,"B484",3.57
"1550",2019,"C320",0.825
"1551",2019,"C370",6.135
"1552",2019,"D320",1.735
"1553",2019,"G320",2.36
"1554",2019,"KSHZ06",2.51
"1555",2019,"KTHA03",1.645
"1556",2019,"N484",2.185
"1557",2019,"VA12A",1.33
"1558",2019,"VA41A",3.57
"1559",2019,"VA42A",3.785
"1560",2019,"VA45A",2.95
"1561",2020,"0311",3.145
"1562",2020,"0317",9.6475
"1563",2020,"0321",1.96
"1564",2020,"0322",2.46
"1565",2020,"0430",2.87
"1566",2020,"0434",3.37
"1567",2020,"0438",1.29
"1568",2020,"0440",1.75
"1569",2020,"0442",3.45
"1570",2020,"0444",2.405
"1571",2020,"0446",2.465
"1572",2020,"0470",2.91
"1573",2020,"0474",3.115
"1574",2020,"0478",2.955
"1575",2020,"0484",2.7125
"1576",2020,"0631",2.17
"1577",2020,"A315",11.95
"1578",2020,"A320",1.96
"1579",2020,"A432",4.905
"1580",2020,"A456",2.38
"1581",2020,"A499",2.345
"1582",2020,"A617",1.21
"1583",2020,"A620",1.335
"1584",2020,"A630",5.835
"1585",2020,"A680",1.74
"1586",2020,"A685",1.49
"1587",2020,"A690",1.68
"1588",2020,"B484",2.78
"1589",2020,"C320",0.705
"1590",2020,"C370",7.885
"1591",2020,"D320",1.57
"1592",2020,"G320",2.1025
"1593",2020,"KSHZ06",2.41
"1594",2020,"KTHA03",1.43
"1595",2020,"N484",1.61
"1596",2020,"VA12A",1.285
"1597",2020,"VA41A",3.05
"1598",2020,"VA42A",2.91
"1599",2020,"VA45A",2.235
"1600",2021,"0311",2.95
"1601",2021,"0317",9.575
"1602",2021,"0321",1.9775
"1603",2021,"0322",2.5075
"1604",2021,"0430",1.78
"1605",2021,"0434",2.425
"1606",2021,"0438",1.4
"1607",2021,"0440",1.63
"1608",2021,"0442",2.795
"1609",2021,"0444",3.135
"1610",2021,"0446",2.11
"1611",2021,"0470",2.86
"1612",2021,"0474",3.1
"1613",2021,"0478",2.175
"1614",2021,"0484",NA
"1615",2021,"0631",1.835
"1616",2021,"A315",11.9
"1617",2021,"A320",1.74
"1618",2021,"A432",3.66
"1619",2021,"A456",2.215
"1620",2021,"A499",2.445
"1621",2021,"A617",1.555
"1622",2021,"A620",1.715
"1623",2021,"A630",3.51
"1624",2021,"A680",1.35
"1625",2021,"A685",1.655
"1626",2021,"A690",0.965
"1627",2021,"B484",2.815
"1628",2021,"C320",0.725
"1629",2021,"C370",4.52
"1630",2021,"D320",1.57
"1631",2021,"G320",2.175
"1632",2021,"KSHZ06",2.575
"1633",2021,"KTHA03",1.785
"1634",2021,"N484",1.585
"1635",2021,"VA12A",1.17
"1636",2021,"VA41A",3.46
"1637",2021,"VA42A",3.285
"1638",2021,"VA45A",3.735
"1639",2022,"0311",3.105
"1640",2022,"0317",9.685
"1641",2022,"0321",2.21
"1642",2022,"0322",2.44
"1643",2022,"0430",1.77
"1644",2022,"0434",3.03
"1645",2022,"0438",1.045
"1646",2022,"0440",2.455
"1647",2022,"0442",3.515
"1648",2022,"0444",2.525
"1649",2022,"0446",2.09
"1650",2022,"0470",2.605
"1651",2022,"0474",4.05
"1652",2022,"0478",2.65
"1653",2022,"0484",NA
"1654",2022,"0631",2.77
"1655",2022,"A315",9.225
"1656",2022,"A320",2.045
"1657",2022,"A432",4.2
"1658",2022,"A456",2.91
"1659",2022,"A499",3.0225
"1660",2022,"A617",1.65
"1661",2022,"A620",1.195
"1662",2022,"A630",5.395
"1663",2022,"A680",1.295
"1664",2022,"A685",3.32
"1665",2022,"A690",1.32
"1666",2022,"B484",2.275
"1667",2022,"C320",0.745
"1668",2022,"C370",6.64
"1669",2022,"D320",1.595
"1670",2022,"G320",1.885
"1671",2022,"KSHZ06",3.05
"1672",2022,"KTHA03",2.1375
"1673",2022,"N484",1.57
"1674",2022,"VA12A",1.96
"1675",2022,"VA41A",3.935
"1676",2022,"VA42A",3.57
"1677",2022,"VA45A",4.41
