Year,AMES_1,SNQDUVALL,RAGING_MTH,TOLT_MTH,PATTER_3,HARRIS_1,GRIFFIN,NFK_SNQ,SFK_SNQ,CHERRY_1,A620,0631,A632,0456A,A685,A631,0484,N484,0438,0442,B484,A499,A438,S484,0446,C484,A690,0444,J484,X438,C446,0498,A456,0632,0456,0484A,N484A,KTHA01,S478,A617,A432,0430,D474,0450CC,KTHA03,B499,A680,0474,0440,0478,KSHZ06,0470,KTHA02,0434,BB470,A670,X630,0486,A630,A687,D444,0450,A315,3106,0321,C320,D320,LSIN9,B319,LSIN1,C370,0322,G320,0311,0317,A319,FF321,A320,0305,J370,0309,0307,F321,0308,BSE_1MUDMTNRD,VA12A,VA65A,VA45A,VA37A,VA41A,VA42A,VA23A
1970,NA,NA,NA,NA,NA,NA,NA,NA,NA,NA,NA,NA,NA,NA,NA,NA,NA,NA,NA,NA,NA,NA,NA,NA,NA,NA,NA,NA,NA,NA,NA,NA,NA,NA,NA,NA,NA,NA,NA,NA,NA,NA,NA,NA,NA,NA,NA,NA,NA,NA,NA,NA,NA,NA,NA,NA,NA,NA,NA,NA,NA,NA,NA,0.33339800000000003,NA,NA,NA,NA,NA,NA,NA,NA,NA,0.21156049999999998,NA,NA,NA,NA,0.2700425,NA,0.313904,0.29441,NA,NA,NA,NA,NA,NA,NA,NA,NA,NA
1971,NA,NA,NA,NA,NA,NA,NA,NA,NA,NA,NA,NA,NA,NA,NA,NA,0.661908,NA,NA,NA,0.793242,NA,NA,NA,NA,NA,NA,NA,NA,NA,NA,NA,NA,NA,NA,NA,NA,NA,NA,NA,NA,0.718194,NA,NA,NA,NA,NA,0.661908,NA,0.6550490000000001,NA,0.699432,NA,0.718194,NA,NA,NA,NA,NA,NA,NA,0.39188,NA,0.372386,NA,NA,NA,NA,NA,NA,NA,NA,NA,0.29441,NA,NA,NA,NA,0.34314500000000003,NA,0.411374,0.34314500000000003,NA,0.4844765,NA,NA,NA,NA,NA,NA,NA,NA
1972,NA,NA,NA,NA,NA,NA,NA,NA,NA,NA,NA,0.645302,0.411374,NA,NA,0.661908,0.6304510000000001,NA,0.177446,0.8682900000000001,0.323651,NA,0.157952,NA,NA,NA,NA,NA,NA,NA,NA,NA,NA,0.43086800000000003,NA,NA,NA,NA,NA,NA,NA,0.9996240000000001,NA,NA,NA,NA,NA,0.567326,0.68067,0.39188,NA,0.5478320000000001,NA,1.4827455,NA,NA,NA,NA,NA,NA,NA,0.631915,NA,0.372386,0.4552355,0.635555,0.5283380000000001,NA,0.12871100000000002,NA,NA,0.9902430000000001,0.187193,0.33339800000000003,NA,0.177446,NA,0.5463880000000001,0.372386,NA,0.45036200000000004,0.39188,NA,0.45036200000000004,NA,NA,NA,NA,NA,NA,NA,NA
1973,NA,NA,NA,NA,NA,NA,NA,NA,NA,NA,NA,NA,NA,NA,NA,NA,NA,NA,NA,NA,0.39188,NA,NA,NA,NA,NA,NA,NA,NA,NA,NA,NA,NA,NA,NA,NA,NA,NA,NA,NA,NA,1.24353,NA,NA,NA,NA,NA,0.5283380000000001,NA,0.5088440000000001,NA,0.68067,NA,NA,NA,NA,NA,NA,NA,NA,NA,NA,NA,0.499097,0.382133,NA,NA,NA,0.177446,NA,NA,1.14972,0.2115605,0.421121,NA,NA,NA,NA,0.3967535,NA,0.5478320000000001,0.460109,NA,0.5527055000000001,NA,NA,NA,NA,NA,NA,NA,NA
1974,NA,NA,NA,NA,NA,NA,NA,NA,NA,NA,NA,NA,NA,NA,NA,NA,0.382133,0.606314,NA,NA,NA,NA,NA,NA,NA,0.44061500000000003,NA,NA,0.343145,NA,NA,NA,NA,NA,NA,NA,NA,NA,0.5624525,NA,NA,1.14972,0.596567,NA,NA,NA,NA,0.6759795,NA,0.49422350000000004,NA,0.73695600000000006,NA,1.52496,NA,NA,NA,NA,NA,NA,NA,NA,NA,0.411374,NA,NA,NA,NA,NA,NA,NA,NA,NA,0.372386,NA,NA,NA,NA,0.39188,NA,0.48935,0.3967535,NA,0.469856,NA,NA,NA,NA,NA,NA,NA,NA
1975,NA,NA,NA,NA,NA,NA,NA,NA,NA,NA,NA,0.68067,0.313904,NA,NA,0.765099,NA,NA,NA,NA,NA,1.3654830000000002,NA,NA,1.3045065,NA,NA,NA,NA,NA,NA,1.0793625000000002,NA,NA,NA,NA,NA,1.5155790000000002,NA,NA,NA,NA,NA,NA,NA,NA,NA,NA,NA,NA,NA,NA,NA,NA,NA,NA,NA,NA,1.0699815000000001,NA,NA,NA,NA,0.3675125,NA,NA,NA,NA,NA,NA,NA,NA,NA,0.33339799999999997,NA,NA,NA,NA,0.362639,NA,0.42599450000000005,0.372386,NA,0.421121,NA,NA,NA,NA,NA,NA,NA,NA
1976,NA,NA,NA,NA,NA,NA,NA,NA,NA,NA,NA,0.7108387,0.39382940000000005,NA,NA,0.7651339,0.4386656,0.51323015,0.11798929999999999,NA,0.38310770000000005,1.4311500000000001,0.1111664,NA,1.2482205,0.46936865,NA,NA,0.34850585,NA,1.1591010000000002,0.714751,NA,NA,NA,NA,NA,1.6328415,NA,NA,1.074672,0.8973711,NA,NA,NA,NA,NA,0.62296165,NA,0.4640078,NA,0.7742539,NA,1.01885505,NA,NA,NA,0.1131158,1.10407405,NA,NA,0.2320292,NA,0.2963594,NA,NA,NA,NA,0.058532600000000004,NA,NA,NA,NA,0.2953847,NA,0.1033688,NA,NA,0.3782342,NA,0.3567908,0.382133,NA,0.421121,NA,NA,NA,NA,NA,NA,NA,NA
1977,NA,NA,NA,NA,NA,NA,NA,NA,NA,NA,NA,NA,NA,NA,NA,NA,0.59547925,0.54149645,0.18573095,1.5098840500000001,0.6422321500000001,NA,0.1706231,NA,1.084053,0.6821042500000001,NA,0.80826625,0.74965705,NA,1.1450295000000001,NA,NA,NA,NA,NA,NA,NA,NA,NA,1.7172705000000001,1.1825535,NA,NA,NA,NA,NA,0.89361025,1.259527,0.9747433,NA,0.9630381000000001,NA,1.4030070000000001,NA,NA,NA,0.09410915,NA,NA,0.64545385,0.23056715,0.9386475000000001,0.29441,0.64336285,0.440615,0.9339570000000001,NA,0.1413821,NA,NA,1.393626,0.9778484500000001,0.2866124,1.3701735,0.16428755,NA,NA,0.37092395,NA,0.4055258,0.40552579999999994,NA,NA,NA,NA,NA,NA,NA,NA,NA,NA
1978,NA,NA,NA,NA,NA,NA,NA,NA,NA,NA,NA,NA,NA,NA,NA,NA,NA,NA,0.21497195000000002,0.8029015,NA,NA,0.18329420000000002,NA,NA,NA,NA,0.5644019,NA,NA,NA,NA,NA,NA,NA,NA,NA,NA,NA,NA,NA,NA,NA,NA,NA,NA,NA,NA,0.9855525,NA,NA,NA,NA,NA,NA,NA,NA,0.1238375,NA,NA,0.5273633,0.3704366,0.5429585,0.29441,0.43525415,0.39139265000000006,0.8101278000000001,NA,0.14040740000000002,NA,NA,1.5718650000000003,0.2583461,0.29051119999999997,1.224768,0.19937675,NA,NA,0.36410105000000004,NA,0.41088665,0.41478545,NA,NA,NA,NA,NA,NA,NA,NA,NA,NA
1979,NA,NA,NA,NA,NA,NA,NA,NA,NA,NA,NA,0.6482261,0.3684872,NA,NA,0.7650990000000001,0.48886264999999995,0.5897441,0.1842689,0.3061064,0.3938294,1.4874360000000002,0.1784207,NA,1.3514115000000002,0.50445785,NA,0.54247115,0.29782145,NA,1.2153870000000002,1.0699815,NA,NA,0.5887694,NA,NA,NA,NA,NA,1.318578,1.0371480000000002,0.6336056000000001,NA,NA,NA,NA,0.6277574,0.9621000000000001,0.4630331,NA,0.9029997000000001,NA,1.187244,NA,NA,NA,0.13455920000000002,0.5731742,NA,0.6787938,0.2768654,0.7585323,0.32608775,0.718194,0.4630331,0.8185707,NA,0.1599014,NA,0.8973711000000001,1.609389,0.1803701,0.3372968,1.121577,0.23397859999999998,NA,0.7744800000000001,0.4152728,NA,0.5712248,0.5361356,NA,NA,NA,NA,NA,NA,NA,NA,NA,NA
1980,NA,NA,NA,NA,NA,NA,NA,NA,NA,NA,NA,0.8851758000000001,0.5351609,NA,NA,0.9001854000000001,0.4669319,0.6072887,0.39626615,0.6844224,0.382133,1.6281510000000001,0.35922755,NA,1.468674,0.42989330000000003,NA,0.5410091,0.3928547,NA,1.421769,1.14972,NA,NA,0.6180104,NA,NA,NA,NA,NA,1.3091970000000002,1.2060060000000001,0.67973190000000006,NA,NA,NA,NA,0.5468573000000001,1.0559100000000001,0.6004658,NA,0.8101278000000001,NA,1.168482,NA,NA,NA,0.35922755,0.915195,NA,0.690051,0.46595719999999996,0.6189851000000001,0.41039929999999997,0.7003701,0.5020211,0.8166945,NA,0.25103585,NA,0.9114426,1.7125800000000002,0.5010464,0.4250198,1.2622920000000002,0.4542608,NA,0.7125654,0.499097,NA,0.5712248,0.5760983,NA,NA,NA,NA,NA,NA,NA,NA,NA,NA
1981,NA,NA,NA,NA,NA,NA,NA,NA,NA,NA,NA,1.0559100000000001,0.5536802,NA,NA,1.1028149999999999,0.6131369,0.6423779000000001,0.2827136,0.8476518000000001,0.5585536999999999,1.750104,0.24518765,0.4123487,1.327959,0.8570328,NA,0.57366155,0.7904277,NA,1.3091970000000002,1.2060060000000001,NA,NA,0.7191321,NA,NA,NA,NA,NA,1.3091970000000002,1.121577,NA,NA,NA,NA,NA,0.7472751000000001,1.168482,0.8410851,NA,0.9423999000000001,NA,1.187244,NA,NA,NA,0.3772595,1.665675,NA,0.8110659,0.5799970999999999,0.60680135,0.5117681000000001,0.6180104,0.4240451,0.8532804,NA,0.23592800000000003,NA,0.9902430000000001,1.71258,0.25006115,0.41576015,0.9137878500000001,0.35484140000000003,NA,0.7885515000000001,0.5078693,NA,0.5790223999999999,0.606314,NA,NA,NA,NA,NA,NA,NA,NA,NA,NA
1982,NA,NA,NA,NA,NA,NA,NA,NA,NA,NA,NA,0.8645376000000001,0.46595719999999996,NA,NA,0.9189474000000001,0.499097,0.6647890000000001,0.28709975,0.3889559,0.44889995,1.7313420000000002,0.2369027,0.44889995,1.581246,0.5990037500000001,NA,0.6703509,0.58082515,NA,1.3420305,1.3091970000000002,NA,NA,0.8204469000000001,NA,NA,NA,NA,NA,1.4076975,1.2294585000000002,NA,NA,NA,NA,NA,0.86875905,1.271673,0.7650925000000002,NA,1.0230765000000002,NA,1.2388395,NA,NA,NA,0.3792089,0.4337921,NA,0.943338,0.54929405,0.4620584,0.3733607,0.8617233000000001,0.5829211999999999,0.8842377000000001,NA,0.1686737,NA,1.0606005,2.1159630000000003,0.19499060000000001,0.343145,0.9902430000000001,0.2602955,NA,0.9048759000000001,0.36020225,NA,0.51323015,0.5205404,NA,NA,NA,NA,NA,NA,NA,NA,NA,NA
1983,NA,NA,NA,NA,NA,NA,NA,NA,NA,NA,NA,0.8865829500000001,0.32998655,NA,NA,0.81434925,0.5117681000000001,0.7313274000000001,NA,0.3753101,0.40016495,1.7031990000000001,0.20619965,0.46449515,1.2857445,0.5702501,NA,0.5912061500000001,0.34363235000000003,NA,1.3232685,1.1731725,NA,NA,0.8232612,NA,NA,1.52496,NA,NA,1.1544105,1.2294585000000002,NA,NA,NA,NA,NA,0.7880824500000001,1.0324575,0.62044715,NA,1.0043145,NA,1.187244,NA,NA,NA,0.27637805,0.7866753,NA,0.7360179,0.46595719999999996,0.3899306,0.3187775,NA,0.39041795,0.7866753000000001,NA,0.1784207,NA,NA,1.6140795000000003,0.1472303,0.3256004,0.6862986,0.25103585,NA,0.7106892,0.39236735,NA,0.42160834999999997,0.43086800000000003,NA,NA,NA,NA,NA,NA,NA,NA,NA,NA
1984,NA,NA,NA,NA,NA,NA,NA,NA,NA,NA,NA,0.8832996000000001,0.5536802000000001,NA,NA,0.9278593500000001,0.567326,0.7275750000000001,NA,0.7966469500000001,0.41770955,1.6797465000000003,0.21692135,0.5215151,1.3701735,0.61849775,NA,0.65358695,0.4766789,NA,1.33734,1.177863,NA,NA,0.8044992,NA,NA,NA,NA,NA,1.1872440000000002,1.2200775,NA,NA,NA,NA,NA,0.8274826500000001,1.2388395,0.7029766000000001,NA,0.9855525,NA,1.1919345,NA,NA,NA,0.2817389,1.5108885,NA,0.8129421,0.5103060500000001,0.46498249999999997,0.35630344999999997,NA,0.4679066,0.8354565,NA,0.2096111,NA,NA,1.6985085,0.3353474,0.37482275,0.6752362000000001,0.3294992,NA,0.7899586500000001,0.46157105,NA,0.52200245,0.5224898,NA,NA,NA,NA,NA,NA,NA,NA,NA,NA
1985,NA,NA,NA,NA,NA,NA,NA,NA,NA,NA,NA,0.8185707,0.4172222,NA,NA,0.9621000000000001,0.5195657,0.8823615000000001,NA,0.6092381,0.41039929999999997,2.0033909999999997,0.2135099,0.4786283,1.384245,0.5780476999999999,NA,0.6919272000000001,0.4279439,NA,1.318578,1.356102,NA,NA,0.7444608,NA,NA,NA,NA,NA,1.346721,1.14972,NA,NA,NA,NA,NA,0.8298279000000001,1.24353,0.7744800000000001,NA,0.9001854000000001,NA,1.177863,NA,NA,NA,0.1511291,1.571865,NA,0.9020616000000001,0.4864259,0.499097,0.32949920000000005,NA,0.3879812,0.9902430000000001,NA,0.1725725,NA,NA,1.843914,0.1901171,0.32316365,0.6703509,0.2495738,NA,0.9029997000000001,0.4766789,NA,0.5721995,0.5273633000000001,NA,NA,NA,NA,NA,NA,NA,NA,NA,NA
1986,NA,NA,NA,NA,NA,NA,NA,NA,NA,NA,NA,0.8373327,0.4844765,NA,NA,0.84249225,0.5215151,0.8129421000000001,NA,0.5512434500000001,0.4259945,1.6422225,0.18280685,0.50738195,1.318578,0.56293985,NA,0.6141116,0.4142981,NA,1.2060060000000001,1.140339,NA,NA,0.8101278000000001,NA,NA,NA,NA,NA,1.346721,1.084053,NA,NA,NA,NA,NA,0.7847991000000001,1.215387,0.5975417,NA,0.9123807,NA,1.14972,NA,NA,NA,0.17305985000000002,1.5812460000000002,NA,0.8223231,0.4328174,0.42794390000000004,0.44743790000000006,NA,0.4669319,0.9499047,NA,0.17890804999999999,NA,NA,1.918962,0.2183834,0.3665378,0.6687244,0.265169,NA,0.8809543500000001,0.48935,NA,0.5400344,0.625808,NA,NA,NA,NA,NA,NA,NA,NA,NA,NA
1987,NA,NA,NA,NA,NA,NA,NA,NA,NA,NA,NA,0.7097511000000001,0.41283605,NA,NA,0.7294512,0.6228839,0.9166021500000001,NA,0.421121,0.39967759999999997,1.9048905,0.19401590000000002,0.57171215,1.356102,0.6828325,1.590627,0.606314,0.33486005,NA,1.3561020000000001,1.234149,NA,NA,0.79418010000000006,NA,NA,NA,NA,NA,1.2622920000000002,1.1168865000000001,NA,NA,NA,NA,0.23739005000000002,0.81810165,1.3420305,0.708813,NA,0.9949335,NA,1.2482205,NA,0.33486005,NA,0.09703325000000002,0.6513887500000001,NA,0.8317041000000001,0.52297715,0.4805777,0.42453244999999995,NA,0.6824732500000001,0.9667905000000001,NA,0.1901171,NA,NA,1.6797465000000003,0.1209134,0.4172222,0.6394538000000001,0.29684675,NA,0.8410851,0.3411956,NA,0.43525415,0.38408240000000005,NA,NA,NA,NA,NA,NA,NA,NA,NA,NA
1988,NA,NA,NA,NA,NA,NA,NA,NA,NA,NA,NA,1.046529,0.40162699999999996,NA,NA,0.85140420000000006,0.6608972000000001,0.6736342500000001,NA,0.8204469000000001,0.44305174999999997,1.7266515000000002,0.32218895000000003,0.58925675,1.2622920000000002,0.7055296500000001,1.9893195000000001,0.5751236,0.5429585,NA,1.2388395,1.1778629999999999,NA,NA,0.61362425,NA,NA,NA,NA,NA,1.093434,1.0418385000000001,NA,NA,1.262292,NA,0.5955923000000001,0.7772943000000001,1.196625,0.8645376,1.224768,0.9189474,1.24353,1.093434,NA,1.084053,NA,0.12286280000000001,1.571865,NA,0.79418010000000006,0.3967535,0.5146922,0.3889559,NA,0.40162699999999996,1.046529,NA,0.1881677,NA,NA,1.637532,0.24859910000000002,0.36702515,0.4786283,0.2768654,NA,0.9081592500000001,0.3714113,NA,0.4269692,0.35630344999999997,NA,NA,NA,NA,NA,NA,NA,NA,NA,NA
1989,NA,NA,NA,NA,NA,NA,NA,NA,NA,NA,NA,1.0934340000000002,0.6277301500000001,NA,NA,1.046529,0.7561507000000001,0.7847991000000001,NA,1.2435300000000002,0.4659572,1.825152,0.29197325,0.7031844,1.468674,0.66771115,NA,0.77588715,0.48301445000000004,NA,1.5108885,1.2013155,NA,NA,0.5512434500000001,NA,NA,NA,NA,NA,1.2200775,1.0512195000000002,NA,NA,1.252911,NA,NA,0.8035611,1.252911,0.8417123500000001,1.215387,0.8598471000000001,1.2857445,1.0887435,NA,NA,NA,0.1910918,1.5643602,NA,0.9902430000000001,0.42209569999999996,0.68207715,0.4240451,NA,0.6141116,1.084053,NA,0.21789605,NA,NA,1.8110805,0.284663,0.4172222,0.68905825,0.3031823,NA,0.9480285,0.37579745,NA,0.43622885,0.40844990000000003,NA,NA,NA,NA,NA,NA,NA,NA,NA,NA
1990,NA,NA,NA,NA,NA,NA,NA,NA,NA,NA,NA,0.8673519000000001,0.21643400000000002,NA,NA,0.7275750000000001,0.567326,0.8401470000000001,NA,0.7782324000000002,0.29441,1.80639,0.21643400000000002,0.577073,1.1450295000000001,0.604321,NA,0.479603,0.4649825000000001,NA,1.33734,1.0559100000000001,NA,NA,0.3967535,NA,NA,NA,NA,NA,0.9198855000000001,0.9386475000000001,NA,NA,1.24353,NA,NA,0.5916935,0.943338,0.6759795,1.290435,0.643858,1.196625,1.14972,NA,NA,NA,0.304157,0.9621000000000001,NA,0.7744800000000001,0.421121,0.469856,0.313904,NA,0.460109,1.0559100000000001,NA,0.206687,NA,NA,1.7125800000000002,0.148205,0.323651,0.46400779999999997,0.29441,NA,0.9536571,0.245675,NA,0.304157,0.29441,NA,NA,NA,NA,NA,NA,NA,NA,NA,NA
1991,NA,NA,NA,NA,NA,NA,NA,NA,NA,NA,NA,0.9105045,0.177446,NA,NA,0.8776710000000001,0.5868199999999999,0.8635995000000001,NA,0.479603,0.2700425,1.9002000000000001,0.2213075,0.577073,1.4311500000000001,0.6209345000000001,NA,0.653605,0.40162699999999996,NA,1.61877,1.102815,NA,NA,0.4747295,NA,NA,NA,NA,NA,1.102815,1.14972,NA,NA,1.33734,NA,NA,0.8307660000000001,1.4311500000000001,0.8354565,1.4311500000000001,0.8448375000000001,1.4311500000000001,1.290435,NA,NA,NA,0.2797895,0.6743125000000001,NA,0.858909,0.460109,0.7135035000000001,0.3675125,NA,0.73695600000000006,0.943338,NA,0.206687,NA,NA,1.571865,0.206687,0.352892,0.479603,0.27491600000000005,NA,0.8120040000000001,0.2797895,NA,0.3480185,0.33339800000000003,NA,NA,NA,NA,NA,NA,NA,NA,NA,NA
1992,NA,NA,NA,NA,NA,NA,NA,NA,NA,NA,NA,0.690051,0.1628255,NA,NA,0.8073135,0.469856,0.7041225,NA,0.421121,0.19694,1.80639,0.16769900000000001,0.5478320000000001,1.24353,0.5478320000000001,NA,0.479603,0.3480185,NA,1.290435,0.933957,NA,NA,0.45036200000000004,NA,NA,NA,NA,NA,1.14972,0.8307660000000001,NA,NA,1.290435,NA,NA,0.6550490000000001,1.14972,0.6014405,1.24353,0.616061,1.33734,1.102815,NA,NA,NA,0.157952,0.45036200000000004,NA,0.86829,0.430868,0.6631690000000001,0.29441,NA,0.8026230000000001,1.0559100000000001,NA,0.177446,NA,0.8589090000000001,1.52496,0.1433315,0.29441,0.421121,0.2310545,NA,0.821385,0.29441,0.9574095,0.29441,0.2505485,NA,NA,NA,NA,NA,NA,NA,NA,NA,NA
1993,NA,NA,NA,NA,NA,NA,NA,NA,NA,NA,NA,1.0559100000000001,0.38700650000000003,NA,NA,0.9621000000000001,0.616061,0.67255,NA,0.793242,0.313904,1.947105,0.21156049999999998,0.567326,1.384245,0.625808,NA,0.5819464999999999,0.4649825,NA,1.4311500000000001,0.9527190000000001,NA,NA,0.5234645,NA,NA,NA,NA,NA,1.14972,1.14972,NA,NA,1.290435,NA,NA,0.802623,1.14972,0.7979325,1.33734,0.802623,1.33734,1.102815,NA,NA,NA,0.16769900000000001,1.80639,NA,0.933957,0.40162699999999996,0.518591,0.323651,0.7275750000000001,0.58682,1.14972,NA,0.148205,NA,0.746337,1.9940100000000003,0.2310545,0.3090305,0.5088440000000001,0.1920665,NA,0.933957,0.33339800000000003,0.8166945,0.323651,0.343145,0.6550490000000001,NA,NA,NA,NA,NA,NA,NA,NA,NA
1994,NA,NA,NA,NA,NA,NA,NA,NA,NA,NA,NA,1.084053,0.36507575000000003,NA,NA,0.9860215500000001,0.63722965,0.6684747000000001,NA,0.6414032000000001,0.27540335000000005,1.9048905,0.26809310000000003,0.6889850500000001,1.346721,0.7186630500000001,NA,0.51030605,0.5332115000000001,NA,1.3514115,0.9536571,NA,NA,0.44792525,NA,NA,NA,NA,NA,1.168482,0.8495280000000001,NA,NA,1.3091970000000002,NA,NA,0.77588715,1.24353,0.8692281000000001,1.365483,0.8457756000000001,1.421769,1.046529,NA,NA,NA,0.18085745000000003,1.4874360000000002,NA,0.9564714000000001,0.4191716,0.49958435,0.36361370000000004,0.8518732500000001,0.7041225,1.290435,0.4259945,0.1959653,0.050735,0.8317041000000001,1.7735565000000002,0.2154593,0.323651,0.4328174,0.304157,NA,0.9621000000000001,0.34217030000000004,0.8654757000000001,0.3470438,0.34411970000000003,0.7341417000000001,NA,NA,NA,NA,NA,NA,NA,NA,NA
1995,NA,NA,NA,NA,NA,NA,NA,NA,NA,NA,0.6043646,0.88376865,0.2856377,NA,NA,0.91941645,0.5566043,0.9555333,NA,0.5010464,0.27978949999999997,1.9002,0.2096111,0.5970543500000001,1.1075055,0.7322655,1.9142715,0.45231140000000003,0.4630331,NA,1.3420305,0.8922115500000001,NA,NA,0.4844765,NA,NA,NA,NA,0.9996240000000001,0.94380705,1.0559100000000001,NA,NA,1.4076975,NA,0.4571849,0.7984015500000001,1.2341490000000002,0.7613466,1.3983165,0.73179645,1.5296505000000002,0.8767329000000001,NA,NA,NA,0.14625559999999999,1.721961,NA,0.8035611,0.42843125000000004,0.4562102,0.36605045,0.8504661000000001,0.943338,1.2200775,1.684437,0.21789605,0.6199598000000001,0.8973711000000001,1.9471049999999999,0.1793954,0.37823419999999996,0.4591343,0.2973341,NA,1.027767,0.2963594,0.9480285,0.39334205,0.36361370000000004,0.7951182,NA,NA,NA,NA,NA,NA,NA,NA,NA
1996,NA,NA,NA,NA,NA,NA,NA,NA,NA,NA,0.6004658,0.8898663000000001,0.2291051,NA,1.2013155000000002,0.9241069500000001,0.5468573,0.8645376000000001,NA,0.9180093,0.2242316,2.069058,0.26468165,0.6024152,1.3279590000000001,0.65358695,1.6656750000000002,0.5507561000000001,0.4337921,0.2154593,1.4733645000000002,0.9855525,NA,NA,0.5975417,NA,NA,NA,NA,1.0090050000000002,1.1028149999999999,1.112196,NA,NA,1.4780550000000001,NA,0.46449515,0.7918348500000001,1.2060060000000001,0.7622847000000001,1.5577934999999998,0.7857372,1.6375320000000002,1.215387,NA,NA,NA,0.38700650000000003,1.562484,NA,1.0371480000000002,0.46059635,0.4230704,0.4191716,0.7655680500000002,0.9705429000000001,1.05591,NA,0.2086364,NA,0.9808620000000001,1.918962,0.2836883,0.39480410000000005,0.5585536999999999,0.3080558,NA,0.971481,0.37969625,1.187244,0.39577880000000004,0.39967759999999997,0.68020095,NA,NA,NA,NA,NA,NA,NA,NA,NA
1997,NA,NA,NA,NA,NA,NA,NA,NA,NA,NA,0.5683007,0.85374945,0.24664970000000003,NA,1.1872440000000002,0.9686667000000001,0.57073745,0.708813,NA,0.5244392,0.2447003,2.1816299999999997,0.2310545,0.45474815,1.384245,0.7622847,1.6891275000000001,0.6409158500000001,0.45572285,0.25542200000000004,1.5155790000000002,0.9996240000000001,NA,NA,0.5887694,NA,NA,NA,NA,0.8570328,1.356102,1.2341490000000002,NA,NA,1.5061980000000001,NA,0.51615425,0.8420232000000001,1.018386,0.8612542500000001,1.646913,0.74774415,1.7360325000000003,1.2716730000000003,NA,NA,0.9161331000000001,0.3100052,1.9142715,NA,1.0934340000000002,0.4454885,0.43233005,0.3606896,0.6608972000000001,0.5156669,1.0230765000000002,NA,0.21302255,NA,1.0699815,1.918962,0.24957380000000004,0.35679079999999996,0.40406374999999994,0.28807445,NA,0.7969944,0.27394130000000005,1.2388395,0.36117695,0.34655645,0.5741489,NA,NA,NA,NA,NA,NA,NA,NA,NA
1998,NA,NA,NA,NA,NA,NA,NA,NA,NA,NA,0.5624524999999999,0.8879901000000001,0.1277363,NA,1.2763635,0.9386475000000001,0.5541675500000001,0.7416465000000001,NA,0.606314,0.2447003,2.0456055,0.1959653,0.5302874000000001,1.2857445,0.6881748,1.890819,0.5351609,0.39431675,0.23592799999999997,1.412388,0.7688514000000001,NA,NA,0.5419838,NA,NA,1.984629,NA,0.8317041000000001,1.177863,1.215387,NA,NA,1.440531,NA,0.44061500000000003,0.8476518000000001,1.187244,0.75712515,1.3795545000000002,0.7580632500000001,1.6281510000000001,1.177863,NA,NA,0.7716657000000001,0.19304120000000002,NA,NA,0.9996240000000001,0.4454885,0.5780476999999999,0.38944325,0.6862986,0.6989629500000001,1.018386,NA,0.2076617,NA,1.05591,1.675056,0.1540532,0.372386,0.499097,0.2885618,NA,0.8401470000000001,0.27491600000000005,1.14972,0.3392462,0.32023955000000004,0.6121622,NA,NA,NA,NA,NA,NA,NA,NA,NA
1999,NA,NA,NA,NA,NA,NA,NA,NA,NA,NA,0.6092381,0.8673519000000001,0.2242316,NA,1.215387,1.412388,0.53662295,0.7064677500000001,NA,0.6947415000000001,0.26370695,2.134725,0.206687,0.5741489,1.1731725000000002,0.625808,1.52496,0.6521249,0.36020225000000006,0.2232569,1.3795545,0.7669752000000001,NA,NA,0.5955923,NA,NA,1.5953175000000002,NA,0.7599394500000001,1.121577,1.187244,0.8148183,NA,1.4358405,NA,0.51810365,0.7561870500000001,1.1778629999999999,0.8054373,1.534341,0.6879920500000001,1.6000080000000003,1.130958,0.8842377000000001,NA,1.121577,0.32852450000000005,NA,NA,0.8851758000000001,0.45279875,0.5975417,0.35776549999999996,0.7594704000000001,0.830766,1.2435300000000002,NA,0.2096111,NA,1.2060060000000001,1.675056,0.1423568,0.3577655,0.45182405000000003,0.31097990000000003,NA,0.96444525,0.2963594,1.3795545,0.3889559,0.3372968,0.7069368,NA,NA,NA,NA,NA,NA,NA,NA,NA
2000,NA,NA,NA,NA,NA,NA,NA,NA,NA,NA,0.5458826,0.8317041000000001,0.2622449,NA,1.356102,1.027767,0.6443273,0.7969944,NA,0.4133234,0.31439135,2.1159630000000003,0.22130750000000002,0.5790223999999999,1.140339,0.7594704,1.890819,0.6375044000000001,0.5780476999999999,0.2476244,1.252911,0.7350798000000001,NA,NA,0.5478320000000001,NA,NA,1.4921265000000001,NA,0.75712515,1.121577,1.130958,0.8654757000000001,NA,1.384245,NA,0.47619155,0.7660371000000001,0.9902430000000001,0.8204469000000001,1.468674,0.6521249,1.5343410000000002,1.196625,0.8973711000000001,NA,0.9358332,0.1540532,NA,NA,0.9029997000000001,0.5419838,0.4874006,0.4133234,0.7538418000000001,0.70740585,1.2106965,NA,0.19547795,NA,1.112196,1.553103,0.2388521,0.40942459999999997,0.4864259,0.33047390000000004,NA,0.9048759000000001,0.33729679999999995,1.187244,0.3675125,0.2992835,0.66800565,NA,NA,NA,NA,NA,NA,NA,NA,NA
2001,NA,NA,NA,NA,NA,NA,NA,NA,NA,NA,0.4825271,0.7566561,0.1443062,NA,1.3138874999999999,0.94005465,0.5731742,0.8260755000000001,NA,0.5595283999999999,0.30854315,2.1159630000000003,0.2281304,0.47814095,1.2576015,0.7266369,1.862676,0.5926682,0.4885513,0.2690678,1.1356484999999998,0.69990105,NA,NA,0.4445138,NA,NA,1.2904350000000002,NA,0.45133670000000004,1.121577,1.046529,0.8739186000000001,NA,1.393626,NA,0.2836883,0.7782324000000002,0.9677286,0.79464915,1.327959,0.6694128,1.356102,1.140339,1.0606005,NA,1.0371480000000002,0.0809507,NA,NA,0.90534495,0.4172222,0.5955923,0.31097990000000003,0.7013082,0.6209345000000001,1.299816,NA,0.22423160000000003,NA,0.7885515,1.9752479999999997,0.41088665,0.3392462,0.4055258,0.3061064,NA,0.8757948000000001,0.30366965,1.140339,0.37189865,0.3187775,0.6082634,NA,NA,NA,NA,NA,NA,NA,NA,NA
2002,NA,NA,NA,NA,NA,NA,NA,NA,NA,NA,0.499097,0.7144416,0.12627425,NA,1.468674,0.7402393500000001,0.5468573,0.8063754000000001,NA,0.43086800000000003,0.3226763,2.1581775,0.2076617,0.49519820000000003,1.299816,0.5527055,1.8814380000000002,0.5429585000000001,0.3246257,0.2086364,1.168482,0.7341417000000001,NA,NA,0.3714113,NA,NA,1.318578,0.7998087,0.44061500000000003,1.1028149999999999,1.1168865000000001,0.8542185000000001,NA,1.3607925,NA,0.22618100000000002,0.77213475,0.9808620000000001,0.6769176000000001,1.374864,0.7857372,1.393626,1.0371480000000002,0.9808620000000001,NA,0.41965895,0.04089053,NA,NA,0.8471827500000001,0.4571849,0.5215151,0.32023955000000004,0.6844224,0.6834843,1.01604075,NA,0.1842689,NA,0.9691357500000001,1.5953175000000002,0.11360315,0.29343530000000007,0.52102775,0.22959245,NA,0.8626614000000001,0.31244195,1.187244,0.27881480000000003,0.32316365,0.56781335,NA,NA,NA,NA,NA,NA,NA,NA,NA
2003,NA,NA,NA,NA,NA,NA,NA,NA,NA,NA,0.61654835,0.7482132,0.20230085,NA,1.2622920000000002,0.7632228000000001,0.46741924999999995,0.8448375000000001,NA,0.44402645,0.24811175000000002,2.144106,0.1842689,0.5137175,1.224768,0.6360423500000001,1.984629,0.5283380000000001,0.29051119999999997,0.24421295000000004,1.121577,0.60485195,NA,NA,0.44061500000000003,NA,NA,1.3279590000000001,0.8340493500000001,0.65780815,1.346721,1.1168865000000001,0.8237302500000001,NA,1.318578,NA,0.2700425,0.7908967499999999,1.1497199999999999,0.7079897500000001,1.4311500000000001,0.6844224,1.5155790000000002,1.0652910000000002,1.0559100000000001,NA,0.8692281000000001,0.1491797,NA,NA,0.7453989000000001,0.42307039999999996,0.48301445000000004,0.37628480000000003,0.6741033,0.8448375,1.2763635,NA,0.21984545,NA,0.8326422,1.721961,0.13504655,0.3714113,0.4172222,0.265169,NA,0.94099275,0.28709975,1.093434,0.3382715,0.31049255,0.5741489,NA,NA,NA,NA,NA,NA,NA,NA,NA
2004,NA,NA,NA,NA,NA,NA,NA,NA,NA,0.59315555,0.4425644,0.7210083,0.2495738,NA,1.356102,0.905814,0.4688813,0.8940877500000002,NA,0.3831077,0.2524979,2.1675585,0.1745219,0.4367162,1.159101,0.6750414,2.022153,0.40796255000000003,0.3909053,0.1881677,1.0559100000000001,0.78245385,NA,NA,0.38115829999999995,NA,NA,1.4030070000000001,0.7669752000000001,0.5527055,1.1262675,1.018386,0.7266369,NA,1.33734,NA,0.25542200000000004,0.6956796000000001,0.971481,0.63890935,1.384245,0.5566043,1.356102,0.9456832500000001,0.7482132000000001,NA,0.8110659,0.1053182,NA,NA,0.8251374,0.31195459999999997,0.22618100000000002,0.2690678,0.6404285000000001,0.7294512000000001,1.196625,NA,0.1521038,NA,0.8363946000000001,1.496817,0.1910918,0.2875871,0.4259945,0.2398268,NA,0.9611619,0.31146725,0.9278593500000001,0.2934353,0.30756845,0.5453952500000001,NA,NA,NA,NA,NA,NA,NA,NA,NA
2005,NA,NA,NA,NA,NA,NA,NA,NA,NA,NA,0.55416755,0.7904277,0.1560026,NA,1.2904350000000002,0.8917425000000001,0.56001575,0.9902430000000001,NA,0.5361356,0.2222822,2.209773,0.2291051,0.4123487,1.084053,0.6891129,2.134725,0.4542608,0.42160834999999997,0.24518765,1.018386,1.0559100000000001,NA,NA,0.42355774999999996,NA,NA,1.440531,0.9255141,0.6340929500000001,1.252911,0.9902430000000001,0.7782324,NA,1.365483,NA,0.3392462,0.7106892,1.0981245,0.616061,1.468674,0.5429585,1.4311500000000001,0.9302046,0.9137878500000001,NA,0.9456832500000001,0.04527668000000001,NA,NA,0.8908044,0.39967759999999997,0.43086800000000003,0.43330475,0.7721347500000001,0.802623,1.1872440000000002,NA,0.24275090000000005,NA,0.7238226000000001,1.8439140000000003,0.187193,0.43720355,0.5010464,0.343145,NA,1.0793625000000002,NA,0.93348795,0.44110235,NA,0.6053393,NA,NA,NA,NA,NA,NA,NA,NA,NA
2006,NA,NA,NA,NA,NA,NA,NA,NA,NA,NA,0.4708307,0.8270136,0.3178028,NA,1.112196,0.915195,0.606314,0.971481,NA,0.58682,0.2895365,2.247297,0.2437256,0.39675350000000004,1.0090050000000002,0.71772495,2.2519875000000003,0.5029958,0.4074752,0.2310545,1.187244,0.7810467000000001,NA,NA,0.48788795,NA,NA,1.5484125,0.93724035000000006,0.7716657000000001,1.177863,1.074672,0.7763562,NA,1.4546025,NA,0.3382715,0.746337,1.2341490000000002,0.73179645,1.581246,0.50445785,1.590627,1.0652910000000002,0.9902430000000001,NA,1.0230765000000002,0.09488890999999999,NA,NA,0.7707276000000001,0.4805777,0.26858045,0.44938730000000005,0.7575942000000001,0.91191165,1.252911,NA,0.2583461,NA,0.94755945,1.9893195000000001,0.22082015,0.44061500000000003,0.4835018,0.3645884,NA,1.0793625,NA,1.0652910000000002,0.4445138,NA,0.6375044000000001,NA,NA,1.384245,1.112196,4.362712500000001,2.153487,1.5296505,0.905814,1.3607925
2007,NA,NA,NA,NA,NA,NA,NA,NA,NA,NA,0.431,0.7484999999999999,0.2115,NA,1.28,0.889,0.504,0.86,NA,0.422,0.268,2.295,0.1785,0.425,1.08,0.642,2.115,0.563,0.292,0.2005,1.2,0.917,NA,NA,0.408,NA,NA,1.51,0.91,0.752,1.4249999999999998,1.08,0.7675000000000001,0.09735,1.4,NA,0.34450000000000003,0.741,1.03,0.621,1.53,0.587,1.585,1.105,0.898,NA,0.767,0.03,NA,NA,0.7925,0.33999999999999997,0.297,0.40149999999999997,0.718,0.787,1.2,NA,0.196,NA,0.805,2.025,0.0954,0.3565,0.464,0.27949999999999997,NA,0.981,NA,1.11,0.355,NA,0.654,NA,NA,0.924,1.6800000000000002,1.305,1.37,1,0.974,0.871
2008,NA,NA,NA,NA,NA,NA,NA,NA,NA,NA,0.4175,0.6799999999999999,0.1455,NA,1.34,0.8465,0.495,0.83,NA,0.698,0.232,2.315,0.127,0.428,1.01,0.6639999999999999,2.035,0.516,0.2715,0.212,1.07,0.8654999999999999,NA,NA,0.453,NA,NA,1.46,0.8734999999999999,0.6555,1.17,1.01,0.718,NA,1.33,NA,0.27749999999999997,0.7275,0.9179999999999999,0.653,1.49,0.7095,1.5150000000000001,0.955,0.967,NA,0.944,0.1535,NA,NA,0.778,0.3435,0.224,0.3415,0.767,0.5375000000000001,1.06,NA,0.1745,NA,0.863,1.64,0.183,0.312,0.431,0.2645,NA,0.923,NA,0.946,0.3185,NA,0.6545000000000001,NA,NA,0.8109999999999999,1.33,1.385,NA,0.9319999999999999,0.807,NA
2009,NA,NA,NA,NA,NA,NA,NA,NA,NA,NA,NA,0.655,NA,NA,NA,NA,0.4445,NA,0.2365,NA,NA,NA,NA,NA,0.968,NA,NA,NA,NA,0.518,NA,NA,NA,NA,NA,NA,NA,1.56,NA,NA,NA,1.0145,NA,0.22949999999999998,NA,NA,0.292,0.687,0.99,0.6435,1.41,0.643,NA,0.891,NA,NA,NA,0.1045,NA,NA,NA,NA,NA,0.42800000000000005,NA,NA,1.245,NA,0.2025,NA,NA,1.81,NA,NA,0.393,NA,NA,0.9855,NA,NA,NA,NA,NA,NA,NA,0.783,1.33,1.72,NA,0.879,0.968,NA
2010,NA,NA,NA,NA,NA,NA,NA,NA,NA,NA,NA,0.5934999999999999,NA,NA,NA,NA,0.422,NA,0.237,NA,NA,NA,NA,NA,0.894,NA,NA,NA,NA,NA,NA,NA,NA,NA,NA,NA,NA,1.55,NA,NA,NA,0.9065000000000001,NA,0.226,NA,NA,0.3145,0.594,0.749,0.5974999999999999,1.48,0.624,NA,0.884,NA,NA,NA,0.133,NA,NA,NA,NA,NA,0.45799999999999996,NA,NA,1.07,NA,0.2135,NA,NA,1.755,NA,NA,0.438,NA,NA,0.8565,NA,NA,NA,NA,NA,NA,NA,0.788,1.15,3.26,NA,1.0534999999999999,0.842,NA
2011,0.551,0.264,0.273,0.276,0.716,0.538,0.279,0.21,0.275,0.395,NA,0.6515,NA,NA,NA,NA,0.4635,NA,0.2125,NA,NA,NA,NA,NA,1.185,NA,NA,NA,NA,NA,NA,NA,NA,NA,NA,NA,NA,1.63,NA,NA,NA,1.06,NA,0.2295,NA,NA,0.3715,0.741,1.025,0.75,1.645,0.603,NA,1.05,NA,NA,NA,0.16,NA,NA,NA,NA,NA,0.324,NA,NA,1.085,NA,0.157,NA,NA,1.57,NA,NA,0.549,NA,NA,0.8999999999999999,NA,NA,NA,NA,NA,NA,NA,0.8705,NA,2.0300000000000002,NA,0.989,0.9099999999999999,NA
2012,0.5720000000000001,0.20650000000000002,0.4635,0.2705,0.6755,0.52,0.3155,0.22999999999999998,0.34950000000000003,0.52,NA,0.644,NA,NA,NA,NA,0.4195,NA,0.196,NA,NA,NA,NA,NA,0.9955,NA,NA,NA,NA,NA,NA,NA,NA,NA,NA,NA,NA,1.49,NA,NA,NA,1.01,NA,0.1815,NA,NA,0.29500000000000004,0.653,0.846,0.671,1.5750000000000002,0.494,NA,0.9455,NA,NA,NA,0.08574999999999999,NA,NA,NA,NA,NA,0.36,NA,NA,1.06,NA,0.21,NA,NA,1.49,NA,NA,0.45799999999999996,NA,NA,0.7675000000000001,NA,NA,NA,NA,NA,NA,NA,0.794,NA,2.46,NA,0.993,0.888,NA
2013,0.4875,0.21150000000000002,0.3785,0.258,0.6815,0.49150000000000005,0.33399999999999996,0.207,0.3175,0.3355,0.406,0.648,NA,NA,1.44,0.67,0.4365,0.639,0.1925,0.4,0.24,NA,NA,NA,1.06,0.488,NA,0.275,NA,NA,NA,NA,NA,NA,0.394,NA,NA,1.565,NA,0.604,1.29,0.987,NA,0.178,1.4,NA,0.344,0.6930000000000001,0.834,0.713,1.585,0.4625,NA,0.9915,NA,NA,0.868,0.11095,NA,NA,NA,NA,0.32,0.33299999999999996,0.775,0.529,1.295,NA,0.172,NA,1.03,1.755,0.151,NA,0.5255000000000001,NA,NA,0.928,NA,NA,NA,NA,0.686,NA,NA,NA,1.01,NA,NA,NA,0.843,NA
2014,0.5865,0.23099999999999998,0.366,0.239,0.694,0.6325000000000001,0.3265,0.20350000000000001,0.298,0.504,0.48450000000000004,0.6915,0.208,NA,1.0750000000000002,0.7184999999999999,0.486,0.6685000000000001,0.172,0.7345,0.2835,2.17,0.154,0.303,1.0035,0.6625,2.28,0.291,NA,NA,NA,NA,NA,NA,0.431,NA,NA,1.52,1.16,0.789,1.17,0.9764999999999999,0.597,0.20600000000000002,1.355,NA,0.376,0.657,0.8815,0.8355,1.53,0.5545,1.3,0.923,0.678,1.04,1.155,0.10874999999999999,NA,NA,NA,NA,0.3075,0.3065,0.7985,0.4495,1.1,0.615,0.158,0.085,0.8965,1.565,0.20350000000000001,0.334,0.4095,0.267,NA,0.7955,NA,NA,NA,NA,0.725,NA,0.901,0.822,1.3050000000000002,2.88,1.35,1.06,0.9295,NA
2015,0.4495,0.304,0.5675,0.3245,0.739,0.698,0.5025,0.2775,0.3775,0.74,0.4765,0.655,0.14200000000000002,NA,1.255,0.7175,0.495,0.529,0.2025,0.5365,0.2965,2.205,0.182,0.472,1.17,0.583,2.32,0.194,0.361,NA,NA,NA,NA,NA,0.374,NA,NA,1.5750000000000002,0.83,0.638,1.435,1.024,0.8454999999999999,0.2395,1.38,NA,0.332,0.7175,1.125,0.642,1.5150000000000001,0.4585,1.54,0.9535,0.8465,1.125,0.718,0.068,NA,NA,NA,NA,0.346,0.40900000000000003,0.863,0.6719999999999999,1.1135,0.436,0.2375,0.01,1.0065,1.5,0.182,0.40900000000000003,0.532,0.323,NA,0.94,NA,NA,NA,NA,0.7775000000000001,NA,0.588,0.8885000000000001,1.49,1.13,1.4649999999999999,0.9530000000000001,0.9195,NA
2016,0.4585,0.218,0.269,0.214,0.714,0.537,0.332,0.254,0.296,0.454,0.452,0.6194999999999999,0.123,0.3475,1.35,0.7010000000000001,0.536,0.782,0.216,0.41500000000000004,0.297,2.26,0.17,0.394,1.09,0.748,2.28,0.223,0.873,NA,NA,NA,NA,NA,0.34650000000000003,NA,NA,1.5350000000000001,0.788,0.64,1.155,0.933,0.8494999999999999,0.29100000000000004,1.32,NA,0.334,0.7665,1.0355,0.635,1.5,0.5155,1.53,0.9319999999999999,0.772,0.8574999999999999,0.6305000000000001,0.119,NA,NA,NA,NA,0.29,0.3845,0.862,0.906,1.0145,0.442,0.192,0.01,0.806,1.62,0.1105,0.3815,0.4225,0.24,NA,0.847,NA,NA,NA,NA,0.766,NA,0.538,0.9804999999999999,1.61,1.387,1.645,1.06,1.08,NA
2017,0.4665,0.217,0.4605,0.209,0.729,0.553,0.342,0.213,0.258,0.451,0.4525,0.678,0.192,0.392,0.9664999999999999,0.764,0.478,0.722,0.23,0.413,0.2815,2.2,0.143,0.316,1.03,0.6265000000000001,2.06,0.203,NA,NA,NA,NA,NA,0.0668,NA,NA,NA,1.56,0.829,0.687,0.998,0.878,0.875,0.266,1.32,0.924,0.314,0.806,0.947,0.682,1.54,0.48,1.585,0.854,0.779,0.89,1.04,0.1405,NA,NA,NA,NA,0.34950000000000003,0.375,0.7475,0.554,0.894,0.347,0.235,0.0747,0.9584999999999999,1.51,0.139,0.373,0.369,0.28,0.643,0.7444999999999999,NA,NA,NA,NA,0.711,NA,0.473,0.8625,1.3450000000000002,1.48,1.55,0.819,0.878,NA
2018,0.471,0.162,0.309,0.166,0.618,0.474,0.256,0.214,0.279,0.283,0.44,0.5415,NA,0.3995,1.4,0.587,0.389,0.724,0.191,0.278,0.239,2.18,0.152,0.301,0.845,0.569,2.06,0.2185,NA,NA,NA,NA,NA,0.14400000000000002,NA,NA,0.5245,1.47,0.769,0.5934999999999999,1.0475,0.813,0.6725000000000001,0.2185,1.28,0.673,0.284,0.659,0.746,0.6315,1.46,0.4355,1.5,0.834,0.683,0.571,0.5515,0.0654,NA,NA,NA,NA,0.3,0.251,0.699,0.759,0.83,0.271,0.14,0.01,0.914,1.24,0.095,0.252,0.467,0.218,0.589,0.758,NA,NA,NA,NA,0.5825,NA,0.4305,0.7435,1.25,0.8945000000000001,1.39,0.719,0.738,NA
2019,0.458,0.191,0.415,0.214,0.545,0.49,0.273,0.184,0.243,0.277,0.406,0.529,NA,0.355,1.355,0.629,0.3925,0.592,0.15000000000000002,0.261,0.2445,2.1500000000000004,0.134,0.29500000000000004,0.87,0.517,1.745,0.2205,NA,NA,NA,NA,0.325,0.124,NA,NA,NA,1.39,0.797,0.463,1.07,0.756,0.763,0.136,1.22,0.5854999999999999,0.2,0.653,0.812,0.571,1.37,0.356,1.43,0.76,0.694,0.7150000000000001,0.55,0.03855,NA,1.39,NA,NA,0.263,0.324,0.803,0.5605,0.847,0.27149999999999996,0.1615,0.022,0.704,1.065,0.0784,0.314,0.409,0.21,0.58,0.774,NA,NA,NA,NA,NA,NA,0.572,0.715,1.08,0.859,1.29,0.6505000000000001,0.61,NA
2020,0.3905,0.163,0.352,0.22199999999999998,0.687,0.567,0.355,0.252,0.342,0.511,0.402,0.6575,NA,NA,1.06,0.7035,0.439,0.5195,0.181,0.387,0.241,2.17,0.165,0.305,0.809,0.4425,2.17,0.2,NA,NA,NA,NA,0.257,0.09615,NA,NA,NA,1.355,0.8365,0.5135000000000001,1.05,0.835,0.6659999999999999,0.2245,1.2349999999999999,0.515,0.199,0.6225,0.596,0.6115,1.355,0.375,1.38,0.715,0.62,0.6625000000000001,0.875,0.0728,NA,1.43,NA,NA,0.27549999999999997,0.27949999999999997,0.8085,0.692,0.646,0.28,0.208,0.035,0.755,1.28,0.103,0.277,0.328,0.228,0.663,0.7135,NA,NA,NA,NA,NA,NA,0.537,0.8075000000000001,1.28,0.8805000000000001,1.395,0.6845,0.7605,NA
2021,0.3735,0.158,0.401,0.188,0.455,0.49350000000000005,0.386,0.233,0.277,0.401,0.425,0.441,NA,NA,1.245,0.553,0.647,0.437,0.167,0.301,0.2205,2.175,0.1405,0.244,0.933,0.5,2.065,0.1465,NA,NA,NA,NA,0.2825,0.089,NA,0.317,NA,1.43,0.799,0.501,1.065,0.8365,0.657,0.216,1.28,0.5515,0.243,0.583,0.7515000000000001,0.691,1.44,0.3865,1.45,0.75,0.7210000000000001,0.614,0.4,0.0824,NA,1.45,NA,NA,0.247,0.29,0.784,0.588,0.9245,0.236,0.158,0.01,0.695,1.05,0.1116,0.294,0.316,0.252,0.695,0.812,NA,NA,NA,NA,NA,NA,0.3795,0.8394999999999999,1.68,1.4489999999999998,1.4649999999999999,0.812,0.797,NA
2022,0.4095,0.212,0.192,0.207,0.59,0.476,0.33499999999999996,0.243,0.265,0.263,0.357,0.451,NA,NA,1.21,0.4905,NA,0.353,0.16649999999999998,0.3255,0.227,2.18,0.159,0.325,0.841,0.414,2.15,0.103,NA,NA,NA,NA,0.34,0.1046,NA,0.249,NA,1.42,0.763,0.492,1,0.778,0.6855,0.1805,1.23,0.473,0.241,0.6685000000000001,0.58,0.575,1.4,0.47,1.46,0.674,0.592,0.6335,0.5745,0.0426,NA,1.35,NA,NA,0.182,0.30100000000000005,0.754,0.581,0.8265,0.2995,0.17149999999999999,0.017,0.631,0.9795,0.147,0.3055,0.2575,0.232,0.578,0.73,NA,NA,NA,NA,NA,NA,0.376,0.782,1.4,0.9964999999999999,1.385,0.6295,0.773,NA
2023,0.42300000000000004,0.271,0.5375000000000001,0.2635,0.533,0.391,0.506,0.241,0.273,0.4,0.653,0.704,NA,NA,0.7,0.726,NA,0.654,0.277,0.5660000000000001,0.157,2.16,0.256,0.207,0.818,0.664,1.74,0.334,NA,NA,NA,NA,0.451,0.1525,NA,0.546,NA,1.47,0.905,0.545,0.848,0.946,0.573,0.282,1.25,0.559,0.275,0.553,0.521,0.849,1.44,0.584,1.51,0.887,0.634,0.42,0.9135,0.138,NA,1.43,NA,NA,0.277,0.432,0.738,0.426,1.08,0.569,0.199,0.1215,0.725,1.2400000000000002,0.491,0.437,0.22899999999999998,0.332,0.6345000000000001,0.753,NA,NA,NA,NA,NA,NA,0.797,0.693,1,3.18,1.31,0.749,0.709,NA
